length,width,height,force,E,stress,deflection
0.9453619139498769,0.0955036738318629,0.042230578160511935,143.47176042331958,69.0,4.777950505828806,0.9769458068592097
1.0903540362190314,0.09277068356537281,0.027710054558153195,411.6161203559288,200.0,37.802945705720106,5.406324108939902
0.9029513540634038,0.056094174251079626,0.09659097966831506,195.9629857134947,200.0,2.028610881539208,0.057078116337077996
1.5742641875520627,0.08942831503488317,0.07880749848133603,442.1243508973884,69.0,7.519053395063109,2.284601768661764
1.5230654839986728,0.05646698866810465,0.07005855232445743,237.21123442302328,200.0,7.82146550837936,0.8632624951353618
1.2007865155139368,0.05377581770127203,0.09023227858427199,80.4902029205362,69.0,1.3244915839075129,0.20449304097166768
1.5213263666224646,0.024732188754953272,0.039731806975455,123.1315222658991,200.0,28.787483700807055,5.5897053806049355
0.9175368785633807,0.08348832905858196,0.07471359052882819,345.5657825279921,69.0,4.082070744220614,0.44441389289036065
0.8292050980552292,0.0638244953704976,0.02427199264886628,439.74161705318664,69.0,58.18519973204755,15.92541193382466
0.5184558082045679,0.07466452938856033,0.07771387048795822,49.17720721546116,69.0,0.33924655442984303,0.011337049549880634
1.1108895497850415,0.028285953428106733,0.046629739335398435,178.8081194683091,69.0,19.37816145459472,4.95508370399473
1.5998171794842675,0.08429607607279027,0.066252850083106,494.00587780350145,69.0,12.815549505165743,4.78335958052944
0.8998687478718116,0.07650556282374157,0.0545128787282418,275.3343649462837,69.0,6.538823142311572,0.938465826247456
0.9199832488472763,0.02362669604173025,0.06510274548891042,218.96016394281594,69.0,12.06965003892718,1.5160546739540999
1.9361213941124338,0.02366536511208536,0.08857664126784652,227.18231862785677,200.0,14.213686627300644,2.005078781220506
1.9996144595522312,0.09679300911148708,0.09769451956875402,67.44736255597093,200.0,0.875947537894036,0.11950310158696338
1.994328443276229,0.04874062270791839,0.07726454704521929,329.5339020517598,69.0,13.551782888311902,6.740144215322143
0.6497264189582534,0.08465117417956908,0.023316608889662565,75.31158401367094,200.0,6.379399446231558,0.3849942171669424
0.8187856461078451,0.04464978853495449,0.053711733812548235,153.14344048428532,69.0,5.840662628075841,0.7043573335696678
0.9081040306417276,0.09348361353877502,0.09681800214169936,276.8905110696358,69.0,1.7216592565963886,0.14168436956841596
1.5694355793401753,0.05996345143783206,0.02537619685432415,422.27188936399085,200.0,102.97865705823871,33.31857526968205
0.8539842969564099,0.034473461087098964,0.0867631124111424,56.924939240166424,200.0,1.123954103429433,0.031491400091134686
1.952485831911619,0.08109132841926413,0.033035566918800434,447.30102729316764,69.0,59.21082250595106,66.01684456943826
1.9305292798492368,0.09457917909835452,0.06797501540551978,395.61648853704315,200.0,10.485951809617811,1.9164172606439387
1.7673740102805138,0.08078517173689422,0.04676218961137463,244.1207918370244,69.0,14.654235109835485,9.457686089551414
0.6269047145000035,0.0859181352694087,0.04238574660672084,66.7172204989478,200.0,1.6257966093774936,0.05024908905697208
1.6081084823471599,0.026425197219427494,0.022348009994525037,475.92045479334206,69.0,347.9405238161209,389.0061718014056
1.703970673779662,0.07710548355814802,0.08284646710553614,232.43209265230567,200.0,4.490308786650021,0.5245721038320266
0.9444965346835645,0.08387229410921025,0.045006407694329634,464.8143289232598,69.0,15.504719182473046,2.969271725353283
1.811428659590017,0.0673627830350437,0.046235683376856136,230.91787076740832,200.0,17.428316814238354,4.122867517646266
1.6548028339505736,0.06376930179334417,0.09857937195146585,67.7206074503579,200.0,1.0850121353478055,0.10046616065721171
0.5954325014871593,0.09990646628354556,0.08846348429942189,428.7865027586181,200.0,1.959310263965891,0.026174777072636417
1.7016010015009209,0.07605317614037074,0.08440304901170678,407.09743258559064,200.0,7.671383947433816,0.8772225641148067
1.199993202444506,0.07966483272046383,0.07586923144158396,388.92165794596923,69.0,6.106525104706374,1.119813462367778
0.9617346453779406,0.069918988571395,0.08987340564316493,368.8156108958641,69.0,3.7684110748034247,0.3747116926192059
0.5019944430323326,0.06269767817224767,0.021356975168747825,396.99996948133196,69.0,41.81284222381908,4.766805331627956
1.2091927406131282,0.029389328317095086,0.020750693683233044,47.72521433346003,69.0,27.36149163128344,18.627641141783524
1.108731939558867,0.03013805153559333,0.02450410960289757,265.21337713966005,200.0,97.49452121061285,16.303210908375462
0.689099855299945,0.09627438609461803,0.022091357257081612,258.1040320437178,200.0,22.712902787536155,1.6273962307655523
1.7777969379426701,0.03321983611031494,0.08750056551799532,136.7953474823402,69.0,5.737008929573814,2.0021592773707084
0.6426443950959833,0.03439878085833355,0.02412141154353528,142.33646496750697,69.0,27.421402437341673,4.53615663672197
1.4292236434398817,0.08282861591465068,0.08426373682890893,28.022523401488854,69.0,0.4085985763367831,0.09570093230543258
1.2690638399971743,0.08439190217062065,0.08412331044652284,128.34123369674072,69.0,1.636317007070261,0.3026757861527366
1.6847307826191011,0.06059659060936541,0.08353749345616175,413.3448130950629,69.0,9.880596945882791,3.2435635858303824
1.7061955982597456,0.03716047577289863,0.08931304041916446,200.49560167423002,200.0,6.924268558968619,0.7523075310948488
0.7470988046099973,0.06024159855804043,0.0688164622707389,293.29189559697346,200.0,4.60837892195422,0.12459214629867899
0.9461085620390336,0.06992509986436904,0.07680832458647073,74.90690998120236,200.0,1.0307763035911197,0.04004209805955379
1.1100965173675545,0.04180754185193167,0.03884370808181893,50.323511847108676,69.0,5.313576468666901,1.628723579662937
1.6290486514054976,0.022637323438640066,0.07632447789048245,367.49521241153224,200.0,27.238565399116748,3.156946651554442
0.6796158332727404,0.03598638383982719,0.08763458734029472,436.9723245145996,200.0,6.447322146843545,0.1132686036095477
1.3416515127181168,0.09228142204874852,0.025553680286730964,15.545840057463023,69.0,2.076748847819499,1.4134147555057277
0.5078822868909459,0.0662141278258373,0.07055612175740425,348.8610081306771,200.0,3.2251259775901233,0.03930219993242316
0.532046366308371,0.07436001947219127,0.09794259121951779,303.40858721170423,69.0,1.3578316444288154,0.03791691099441358
0.5227106808100548,0.03802705882553647,0.05772691597593972,174.74689556274922,69.0,4.324865889325697,0.1977774110445117
1.3182993727181636,0.08432005023834904,0.08561558061932728,364.01770061172397,200.0,4.658556087913069,0.31521389867648686
1.264560863458573,0.0922592633696636,0.06815303185915195,266.9354405664239,200.0,4.726252078346006,0.36964932682801876
1.3561962518455175,0.09570926607896833,0.053681042060776896,115.87210695137398,200.0,3.4186672579969324,0.390444868676716
1.0978459454690415,0.07716767006678418,0.08716274551391764,94.07386853083749,200.0,1.0569743919792678,0.04871863523959612
0.7117107710117798,0.025905502024937875,0.04500736541102325,126.13159553863936,200.0,10.264067099944397,0.38505406563580985
1.2861737478234225,0.05668068671519484,0.07353997616659906,478.56496172080466,69.0,12.047854580212205,2.6184552984648226
1.4802264551187228,0.07422933115790967,0.044436478000971225,455.27754855758695,200.0,27.586769067285356,4.534154123477382
1.8282194222543469,0.0691832070506645,0.04703282684210501,40.24542152722566,200.0,2.884650449867853,0.683325290305945
1.4484819916743037,0.09494099133667731,0.024415643913430003,155.57066043741,69.0,23.889217197502457,19.834423738532973
1.9931967673541708,0.025104943570707493,0.03148183726078917,221.12327268243365,69.0,106.28120977309429,129.58550279626135
1.889903830167419,0.02673166408610652,0.06565878466370113,192.85781337836548,200.0,18.976517681782973,3.44097752000363
1.8733724607785214,0.08626128964228366,0.02135676166656115,18.080861153841923,69.0,5.165445030460238,8.201253887934508
1.0117050963496246,0.0900454270735474,0.04607039243316027,329.6841832550689,200.0,10.471232792376522,0.7754655763254548
0.8468416399809351,0.03237080988613425,0.020357309655619788,48.9773258564982,200.0,18.550439069205687,2.1782963559425395
1.188690382080063,0.05375415322440201,0.021722436270725502,423.1983405451099,69.0,118.99668602575063,74.78654717736744
1.2595662529307499,0.04021577629824398,0.06193362570124859,133.3599632780219,69.0,6.53353568080538,1.6170499853450133
1.6556539291903438,0.03604365106030716,0.03937646960343179,330.33183023438295,69.0,58.717682993356966,39.493980973006735
0.851422553008309,0.07936283695422995,0.0965921469697247,260.4127839050838,200.0,1.7966268176684217,0.04494538486769125
1.8913378275687256,0.07343484213180683,0.061511993791505196,395.62170046063983,200.0,16.157668390466206,3.1321016575918716
1.5247660140660937,0.0316064302723566,0.03049959562380461,261.4203496331011,200.0,81.34488211730798,20.669087541114884
1.9001729173879802,0.0693003638322718,0.067804760821973,135.34720616427174,200.0,4.843259939402905,0.8596914018390248
0.9494767928030858,0.0510170744395666,0.09136752468231459,104.91686163162292,69.0,1.4034004992783768,0.13378829710898352
1.9513289106520437,0.02745073679223916,0.03319642316616124,275.4960107921074,69.0,106.62534620643812,118.16524794107735
1.1815795093519101,0.09535188107441368,0.08344301759240365,111.79162243206105,69.0,1.1937522212891214,0.19297886309485948
1.78779361975053,0.09479475475803673,0.07328952035668049,46.96617317754936,69.0,0.9894315219579801,0.4169061283399012
0.8830289439416089,0.06519635128191223,0.09435835019913434,324.6578887902613,69.0,2.963249233884147,0.23659053719236714
1.1876474859122417,0.06229314244616707,0.07845143570639848,15.01481795203258,69.0,0.2790723718629329,0.0484786709822125
1.2429523294667018,0.025933298141639638,0.061382980040925045,296.56830326737673,69.0,22.634805386916394,5.504240371077204
1.129744851624824,0.09319235998544219,0.02868243569505121,269.16171502584353,69.0,23.79756606089374,10.231443361403358
1.767505916747826,0.05363010889257275,0.030898702063481255,456.8225406444976,200.0,94.61728874678468,31.88825544091694
1.487146208393992,0.058978533277266695,0.06815426918080016,471.734608955146,200.0,15.364646038991472,1.6619409010125972
1.7303318275904387,0.08491410388820975,0.0849176008787172,65.81510635669858,69.0,1.1159146306695438,0.38014711461810763
1.489631342754837,0.09882083819702835,0.09148250271648274,172.3440256953251,200.0,1.8625231412139378,0.15059133681012452
1.1326505196600918,0.058465635509135847,0.02115703817766134,349.97057574290875,200.0,90.87999547330121,18.368937202073454
0.6783117117509483,0.06279888738062962,0.07883079464742627,356.5322884042405,69.0,3.718225067916895,0.2096805038915687
0.9019170659674933,0.07193894652983734,0.08217538776680856,487.3505582690045,69.0,5.428898536996294,0.5192336409440996
1.1471076700523346,0.09172848349492926,0.05534938398175224,499.3129447758994,69.0,12.229211679594615,2.8090126061953455
0.9316701551535853,0.07141626397155207,0.06750104585487529,138.53007692573075,200.0,2.379794074286109,0.10200747312173503
1.933912967418742,0.09268448480294701,0.08732899838200808,30.337618668431958,69.0,0.49801871762840433,0.2060728074455502
1.1621263470054974,0.02842497247711809,0.02130964457040607,85.03762592263634,69.0,45.93706668611079,28.12894207356772
1.3372806460012268,0.04757036878406966,0.07972814464266022,54.610690604699236,69.0,1.449077604842558,0.31403984590318307
0.8965596602588366,0.05900998935693581,0.02001832076010972,434.07633830596427,200.0,98.74514086754995,13.216766697022967
0.8637879985857444,0.06737092274022223,0.05644735778801968,488.21267678888427,69.0,11.787120848783253,1.5053521240962
1.3261298865831295,0.034061017916284866,0.0725170364615766,125.58801858052557,69.0,5.578890069035299,1.3071924532514605
1.5101608767086396,0.09136907572852551,0.05892777831032278,114.25144467686353,200.0,3.2628476691644948,0.4209222721542022
1.8486583136346797,0.057919859168387225,0.09610165891033594,156.14012829442052,69.0,3.2376743464411852,1.1124364903312387
1.3582770299951947,0.029977604886706564,0.04644115933277543,220.5998556631968,69.0,27.806209727475085,10.672719716642872
0.5777955472514231,0.05945503362086535,0.045956831670973,53.92535128616358,200.0,1.4887769443914793,0.036050117202342094
1.1388927215268532,0.05738861879063281,0.09130543233172805,266.2558524671274,69.0,3.8028940294006524,0.5219668134817178
1.3015207481611113,0.0893477073655151,0.034910985024375826,375.02241259559435,69.0,26.893786383654163,12.608159377644478
1.6780916969457593,0.0716528786067496,0.09838334172211134,358.32559703207664,69.0,5.2019717547941635,1.4385913585224908
1.0116696059565895,0.0208936832340438,0.09893319898346738,89.09031636930048,200.0,2.6443646547870574,0.09118752782831162
1.922823019127691,0.024324062613213304,0.02747122708351996,491.3926445773231,200.0,308.835335184507,138.54992521704892
1.244125590707788,0.09139676349113805,0.09787932675379817,395.4596475951498,69.0,3.37135809849042,0.515112404246311
1.5943909924324378,0.05236171262396258,0.04478631967926701,76.60906903215991,200.0,6.977850701336925,1.3202151339018429
1.7349603170678272,0.09308599816706732,0.08855387045950054,281.06889075609905,69.0,4.0082437145023,1.3163922422286458
0.9115796618886473,0.053037901484682654,0.09463317028433327,497.74833404859214,200.0,5.73168851999774,0.16776725215216268
1.9145106263378684,0.042378219031495995,0.021338048755696483,185.7617410167982,69.0,110.58932233500418,183.5412589568017
1.6709996868854065,0.09798132605960391,0.03299259961838791,446.31050056802974,69.0,41.95544555466152,34.30711419159313
1.6688700043979168,0.08616172681515909,0.0583800294781318,431.41550185999284,200.0,14.710468061254083,2.3393001278833294
1.8261685294707917,0.04546139119186096,0.06777851173985255,406.6535805086534,69.0,21.33486634399729,10.142365490611557
0.5591614588338454,0.02326445707131448,0.07930082333219234,105.85814102083854,200.0,2.427529008021323,0.03190361793556254
1.7114562439514123,0.030623313278416962,0.07608785859950118,355.9432229868586,200.0,20.61649716983125,2.645512773729918
1.989881276082417,0.07433853162891717,0.04792497559079531,404.7037316621829,200.0,28.299440263005636,7.793795776128056
1.6360622828905653,0.027070837724287672,0.027247381551788897,211.3446919365933,200.0,103.22649602381298,33.80218879200004
0.9365717379680096,0.05537478791600889,0.06519704229909255,227.93764782834555,200.0,5.441773943784606,0.24404698386659612
1.079492861881456,0.08009668085009554,0.04991201752503735,108.65293091811841,69.0,3.526855784266704,0.7955761886415239
1.2882569062542846,0.05913542501372193,0.034818338266696836,136.5444696154878,69.0,14.721906042193272,6.779858194208734
1.5431221762496612,0.025703687442766236,0.046678940481641416,336.9918473268968,200.0,55.71004971114968,9.47309573986526
0.9317267540458072,0.030192238075627265,0.07221318163615018,135.3717451967766,69.0,4.806617652475153,0.5582900396289133
0.7084056801546861,0.03191791240956752,0.09172113418949392,106.86437340223634,69.0,1.6915814632182418,0.08942258512863058
1.8769624720268803,0.052383793757715055,0.05359740857124759,205.41964633413315,200.0,15.373200271298751,3.3682972981583412
0.7654499354372064,0.04812863725788649,0.060426202229150044,227.54055405164954,69.0,5.946654239851856,0.5571095711101307
0.5064465285466585,0.08797316967209151,0.03368598651487442,196.25327804865412,69.0,5.973831763775273,0.43947134683340594
0.6104571837475103,0.08765982181706312,0.09243417566563322,59.13165028352419,69.0,0.2891749907476498,0.011264144825633603
1.6866179573318019,0.07620518382438736,0.06810347653085475,146.2849240596193,69.0,4.188364417598892,1.6903174276333846
1.93643195441605,0.08878272094810359,0.0884763713028507,449.1946259567146,200.0,7.509395653589941,1.0608669286070875
1.8034022016958091,0.029172500181816413,0.08816423678526862,334.76314615794684,69.0,15.97434026224333,5.693447494809422
0.6504491690313162,0.02108235730064959,0.05558407757168095,309.74166200506437,200.0,18.55855946534415,0.47086816768434436
0.7258779859859312,0.09362241414402842,0.08778345811242136,140.23967313745922,69.0,0.8466044766142523,0.049096979720008004
1.3028336239569507,0.059649650971990154,0.02783501288291086,65.47449913383804,200.0,11.074436405357291,2.2510589540686747
1.9339341503804766,0.08380366774872464,0.09278476393067986,187.80326550060653,200.0,3.020506062105328,0.4058496303682215
1.5547513983133987,0.0947228772240598,0.03825237535237032,80.8874643662205,200.0,5.444045287514175,1.146737403118295
1.9531116148859855,0.07827786144999833,0.08555823906446795,440.4581319832572,200.0,9.007832844636415,1.3387249324367394
0.7286921711378838,0.04525577981453264,0.06864081183448772,279.3038040104468,200.0,5.727081047506634,0.1476787032610284
1.6618520127452416,0.09588693528924025,0.07559927838652027,384.3850177742925,200.0,6.993833860571387,0.8516499032575593
1.3765482671222322,0.053951710190728586,0.09894256549212754,490.5850867223734,200.0,7.671591805337252,0.48973816867840225
1.6335960988935627,0.09202051065009283,0.044656304600578484,76.29511246024265,69.0,4.075139251568333,2.3529283234280367
1.5531040954221675,0.05752620484826025,0.05452158569103763,241.28344559311032,69.0,13.148513645673289,5.620422493351343
0.988976710669125,0.045938987890066715,0.043692466753106424,322.989696673107,69.0,21.85402481699905,4.726684849442257
1.4354834582926828,0.0244306064508212,0.0697679235934736,152.4860439748696,69.0,11.044185604387398,3.1516206221047733
1.747041818556227,0.0698351072249735,0.03319277948039663,283.4925904218574,200.0,38.62204075549513,11.837962062756391
1.7278654597800525,0.07656311737809678,0.046280560470619785,338.5597221410922,200.0,21.403245627784006,4.602349729687932
1.1534524730252729,0.08367449023332187,0.02343027979484109,412.8423366576712,200.0,62.1995378097412,11.773018787457348
1.8001608514403369,0.04428142341641565,0.06192949744611739,407.0306964977591,69.0,25.88648251313149,13.087532161881118
1.4392237610694578,0.041016241032034634,0.08843957409389282,359.32913874358235,69.0,9.672146496879158,2.1887316320884347
1.9650795725680001,0.09566636574151614,0.029997840167642675,41.34427001423286,200.0,5.6624902891559845,2.429721579448644
0.5778801618414862,0.025426692889027897,0.0926838927314743,293.56552677961224,69.0,4.660104784243289,0.16222830771591817
1.7533220792911104,0.06588082188369711,0.09678875415061916,350.4331781151632,69.0,5.97323170518214,1.833021317766235
0.5609425622820291,0.09023540806394907,0.04140370538650742,81.47711208752847,200.0,1.7727596807246495,0.04490825594867617
1.0055374673371935,0.08172422698344134,0.07562213078405697,84.13388391338084,69.0,1.086104977571559,0.14030690962189046
1.124847774965701,0.09735652296091911,0.056734057630233384,241.24250246462017,69.0,5.195724118683141,1.119565210888872
0.6327997034268982,0.03192773216420336,0.033714000038207126,273.608542736775,69.0,28.625859332603877,3.2850382745199243
0.5802723623667895,0.03921345789223382,0.058971422246461846,39.959625682439565,69.0,1.0202020767077882,0.056281805856891534
1.9819868622455403,0.04492008604872127,0.0805842978539819,77.09601678246169,200.0,3.1429866072598855,0.510707684154998
1.240499470318403,0.03235269433338286,0.07316101366822685,258.803175564805,200.0,11.123656046758844,0.779901488311557
1.5402203544755588,0.061053919041128835,0.09749725928278781,487.8793263255275,69.0,7.76869663483144,1.8263378603932539
1.3211100469198227,0.07760856257668941,0.07064205193271715,73.664526009658,69.0,1.5076911772039232,0.35990404572816426
0.8664326303468561,0.028913262275429556,0.029639669044322255,90.0089198009546,69.0,18.42161934626038,4.507997885310029
1.9813986915563149,0.029853185570912908,0.039247750310746274,469.83358063751155,69.0,121.46382683049019,117.39121182368292
0.5560146892983122,0.03699382284147799,0.08130577407695333,41.86088135139009,200.0,0.571049681067929,0.007237753371759321
1.0021262764413943,0.09096787853280726,0.09641910806257786,307.7180018389344,69.0,2.1878236763300163,0.22016777728465553
0.9763804521208999,0.07495251897956673,0.027126641770801898,389.48595289073126,200.0,41.36983873350449,4.846237489178343
1.4700079638890404,0.09150768897363201,0.040692116653806405,312.1506571843039,200.0,18.170088496069912,3.21636170119361
1.545889471127087,0.07425296563582383,0.07257799688840558,88.70128577002261,69.0,2.1034676898050586,0.6691868473093889
1.6713052241290491,0.028559380126139535,0.026103346696138462,334.30621436806234,69.0,172.27026059286987,178.10877255212677
1.4312773017239304,0.06036011010065187,0.09268767350827903,294.3203852470526,200.0,4.874178073003025,0.3590919947419063
0.9262553712574362,0.09179711421695753,0.09884949690004993,356.0605074187975,69.0,2.2061134426094897,0.18500118349840466
0.5750139113823931,0.020561592749090078,0.07463875569850152,86.89033512708443,69.0,2.6170712104111593,0.11201276117961326
1.2955638281999369,0.0683422208836866,0.09970390564733754,129.36101245824688,200.0,1.480130611612453,0.0830585305004265
0.8693936123379356,0.04239588143956953,0.09104608772059405,436.67193128601247,69.0,6.481517915591464,0.5198858261249794
1.0130818832475648,0.08407071569241088,0.031018942858843098,185.75353606850888,69.0,13.958352420887287,4.462270718796394
1.5538706150770805,0.021969227128072477,0.07919484143739315,446.0976576170409,200.0,30.184742901784045,3.06760220031745
1.115792148340903,0.0995555179017856,0.058250565227403725,224.7227188386376,69.0,4.453648198318421,0.9196911698612762
1.0686575368729423,0.08078423293381953,0.07515201676306331,455.8122040157213,69.0,6.405718760505811,0.9405112263713092
1.7400800933359446,0.0308895499293729,0.034521146870418955,223.6460429370333,200.0,63.43072800527664,18.54520775861105
0.7966638170273863,0.02897209479395249,0.09873930278500398,170.18080569818588,200.0,2.8798966892297484,0.061704350191652484
0.8477263680746671,0.09831008312693543,0.06636888780653177,448.8571354753892,200.0,5.27215211983895,0.190288928991609
0.8207454274846395,0.08376201040537778,0.0725117580304969,337.0993635020584,69.0,3.7692391472999103,0.3383154663850853
1.9751402430693652,0.08296084809118302,0.09628891763197021,253.43183384892112,200.0,3.904672029106156,0.5273304833533436
1.3091891233109267,0.044694370951486026,0.05850354186303197,93.67740295323465,69.0,4.810290811046931,1.3616127225450938
0.6527465733546838,0.06381974520395918,0.07974909151994504,282.69127669897,200.0,2.7277320307031863,0.04857847819399599
0.8802427223517908,0.02840708084710758,0.030106044780740745,328.36638263069875,69.0,67.35632260454257,16.749012299028934
1.9865068960642909,0.08002278276655873,0.07273682793152073,159.09799385467056,200.0,4.479026853192065,0.8100059481493697
1.1383979801911426,0.03806149349652941,0.04287492332971479,60.48188167424539,200.0,5.904431964164031,0.5948969530613724
1.3955485116673974,0.07679156132300152,0.0386899330139647,11.776051911799199,69.0,0.8578007989982619,0.41719394311882385
1.6506714323796228,0.043668327462605336,0.032068442989690055,384.9144455567327,200.0,84.88946349298816,24.042295470741568
1.5564975081938561,0.07343953848909583,0.07699297944300684,150.80589907666308,200.0,3.2350859170463755,0.3393206558786264
1.0471005198489398,0.03144959758067934,0.08235810229904264,296.0587369402193,200.0,8.719463274885058,0.3869358037492464
1.4725697465150471,0.04475201912082232,0.03316154551244533,457.03589014092546,69.0,82.05315214549873,51.84082501125365
1.6421109812937296,0.07866365967847139,0.09942897645225658,52.683833734989506,69.0,0.6674689100614898,0.17489715049156818
1.1996610520332898,0.05799009106054824,0.03529265892472948,399.01879509833987,200.0,39.76313464775491,5.40495520256308
1.817471125374875,0.06240687901960612,0.05605512710697162,491.3178199615777,200.0,27.322355579404682,5.366814473332887
1.6275323473646508,0.07482227051738675,0.020577287677591444,92.26749332039668,69.0,28.439532961887494,35.37148058906399
0.9004628318691026,0.08619003151931004,0.04508818147373936,384.31034393101083,200.0,11.849953256462966,0.7103366874218298
1.8950645502271484,0.024475459372475993,0.03990952640545822,139.76409301656693,200.0,40.7649457330503,12.227482638975644
1.5297222177675869,0.04649943779376061,0.05014501126816885,34.22290470623528,200.0,2.686442344341035,0.41788201987038703
1.5715718155359248,0.060304807498771346,0.09721231365120574,43.079310414716716,69.0,0.7127869344543892,0.17497119758295582
0.5205016402962749,0.04825808473231959,0.08347005205096283,44.93660931386952,200.0,0.4173901560976462,0.004515797597422424
1.005433424790323,0.04858632533527902,0.06599067790245439,415.7658104598417,69.0,11.854250738962211,1.7545179161234428
1.7623137800018245,0.08570796052347172,0.08780680860712695,16.47414295847704,69.0,0.2636087194746558,0.09008608283549548
1.7936132079056917,0.020629851188196716,0.08766281630971791,435.25489667737895,200.0,29.545869567731383,3.614245835555245
0.5959606812432157,0.038402770236443215,0.06502771986386706,444.41767042798364,69.0,9.785895428995651,0.5164126956257281
0.6244467821049992,0.06850242664979163,0.04275932927004008,329.429576908584,200.0,9.854657754643474,0.29955755081224616
1.7691640617974325,0.021569951444562675,0.07990382134118838,193.74121743986927,69.0,14.93334562627576,5.651782426655901
1.305621981989568,0.08040969346967168,0.0653000477244959,130.6675577263268,69.0,2.985390000369347,0.7529777307985865
1.2130971867135005,0.030689034611863536,0.09495567084772506,49.512802723681354,200.0,1.3023847939881321,0.06728036626171872
1.8789217067425295,0.02643364959820351,0.05529357194526466,122.20413660675983,69.0,17.046664751583293,10.515787266375762
0.6660602852839083,0.09484446956464142,0.07597136457848241,152.46259381867583,200.0,1.1130539806863544,0.021665669974244104
0.6790421990044491,0.028678465326214556,0.04656966645733199,171.8700462360273,200.0,11.25864295191696,0.37158244917398214
1.9794841796887463,0.060983662325367616,0.06361388831739069,132.14753437030015,69.0,6.3598220449730976,3.7849203289958298
1.5297874461805445,0.09631320260805078,0.09785345102067546,133.62484814900492,69.0,1.3299381685057243,0.3073103159599882
1.9203897222564035,0.0852364007831121,0.0336459232168433,353.3080185297354,200.0,42.18947447679701,15.414489899890317
1.2864175145530408,0.021620199871992336,0.09815276197402863,451.1984299025673,69.0,16.71999025486331,2.7236859713481576
1.0635971054443498,0.05883536604489213,0.049860240135464355,183.777660475913,69.0,8.018145342525406,1.757654466796835
0.7095883188428591,0.020785214271567664,0.08198139088352158,110.76895111835867,200.0,3.3759086078292913,0.06911416399645004
1.8972223835650284,0.06525727653053356,0.04879402187956099,97.00110977146623,200.0,7.106962357447468,1.7475621245933501
1.891408922185922,0.08376124598072719,0.08039025151333325,367.20276334757114,200.0,7.698262585522586,1.1419285871518965
1.4628789387442391,0.022247927194182004,0.03135614905170932,170.39864437655186,69.0,68.373967006497,45.086288200342246
1.7212865859730477,0.051146011187919574,0.07706797384722969,260.7287194216238,69.0,8.86407974127364,3.2924996069434767
1.747763409279667,0.03304531967118199,0.06567124659284539,72.71758419036351,200.0,5.350727791289105,0.8296246133344662
0.5343580397653915,0.09709949764677009,0.047710103209331195,58.94210234025171,200.0,0.8550106521223556,0.017057077027337133
1.2963498761937102,0.023891695471450137,0.09884918487283866,80.1140529854711,69.0,2.669248632878344,0.43844997318596285
1.072180251519953,0.074037886951913,0.08091729208995237,153.6547325992358,200.0,2.0390519871152093,0.09656090126054628
0.7354380310820714,0.04992901388219525,0.09296049054009349,13.940351448705036,200.0,0.14256773681368004,0.0027649912596863354
0.9284983233930184,0.09170558801066594,0.05545728796675606,476.820915624284,69.0,9.418345477424614,1.414613790128342
0.7119402552244967,0.09702974644900328,0.08998707078794387,83.25989212745766,200.0,0.4526531192319052,0.00849867550646523
1.5528027567691414,0.08064056673915798,0.08142256386335997,146.6440711510055,200.0,2.5555767864324865,0.2522641251043741
1.5079557830845736,0.04717565934766267,0.09419948846867597,166.35290982417627,69.0,3.5954660455094265,0.8385780912906676
1.285918019863391,0.03815595476916082,0.03617294316423658,454.3150176917227,69.0,70.2088093886428,31.009443824047626
0.6208370556410316,0.08673456945399083,0.06310093757395546,467.33687972814334,200.0,5.040749133821852,0.10263447813925118
1.6194806359492808,0.04999220408577996,0.07158042738455675,167.32253900098368,69.0,6.347322972374163,2.2470228012973914
1.6933214593425117,0.0310267454368842,0.04506992285082938,188.16531937975188,200.0,30.33335115278826,6.432668153628819
1.7357377578099973,0.05922618777101636,0.03063028142817376,199.16122433932273,69.0,37.32711247011087,35.473274546136125
1.263850301878215,0.046637798792429144,0.05503680814923788,47.83946414465414,69.0,2.5679624598673483,0.7200892951662814
1.771545049986524,0.09049293661353071,0.07943592910001028,33.92209123858592,69.0,0.6314477618382214,0.2410374369000311
1.0433766518956122,0.05023314160593371,0.03464584550613898,141.65739418957813,200.0,14.707502951931835,1.5404540674791622
1.7239408197138542,0.0725890881924763,0.05139879657740794,338.0432313139033,69.0,18.233439700391965,10.18638322083448
0.9877171708670878,0.03228572078628843,0.06304343464694027,272.07752454491055,200.0,12.565688909732526,0.6481721857184962
1.2260162952388436,0.08951073614954276,0.04743215439138258,396.97047701164877,69.0,14.500563226223347,4.439807654090514
0.5871306534717768,0.05811786267032994,0.03811474428287427,47.499873368287034,200.0,1.9819048574792175,0.059750018906675306
0.5639054508491408,0.030682946700425776,0.07517847728673811,497.45163108398947,200.0,9.705642415142023,0.13684284417018464
1.997947525138764,0.08347158676803433,0.07660108905503385,293.7295656380695,69.0,7.189098488384926,3.619655966190761
0.5900502470494703,0.02535084474127882,0.052755281553312244,439.0733118416034,200.0,22.031951215377987,0.4846673391862076
0.8598174380197106,0.053303110041731286,0.07176901328000412,251.724810934241,69.0,4.729955148438393,0.47075202307706204
1.7112735879633822,0.09749842087861751,0.07266781319975081,262.84713266207814,69.0,5.241941592611296,2.041026443934949
1.5912738370647892,0.07858729554980505,0.06450038037022439,200.94685346741187,69.0,5.868140288788188,2.2258080415533374
1.3066903707509057,0.09312081568926743,0.04459546204987176,18.215723982575277,200.0,0.7711560507569039,0.09841827058353295
1.123356376610197,0.05123188001868229,0.05723424323129113,32.14109828389391,69.0,1.2908546254956605,0.2749895247398801
1.9027876738641074,0.09986758408769277,0.08777461037842905,178.77384916642342,200.0,2.652669880036863,0.36473185879288156
1.5547131047676606,0.0451300425854269,0.0771930718474687,279.1747584157426,200.0,9.684010860972354,1.010778994224485
1.9284895986824615,0.08744911514190976,0.09159933346035697,417.8217372061059,200.0,6.58900042166496,0.8917447657355814
1.887971253102688,0.060723363875397965,0.024947435834797894,284.50966104064514,69.0,85.2778014562014,117.72277362513806
0.7928514912916107,0.06145827362432593,0.08196383590992859,475.5653698584757,200.0,5.479342058789091,0.14007756311615116
1.4139744737811135,0.047636291520303894,0.09620461889215545,100.70967271548389,200.0,1.9379127181482956,0.1342456349312658
1.8373811322019904,0.09692798055747029,0.05285078504498972,361.6937412447292,69.0,14.727853196943013,9.089629026895764
1.2545921855810245,0.07860905514730245,0.04270366380953413,35.985072323559436,69.0,1.8896151286368785,0.6729348596776072
0.5649399669761608,0.08341393613060323,0.08035395995138152,406.41396666422094,69.0,2.5578141836954003,0.09815805803585784
1.1083903246148241,0.0754377936260413,0.022395865845173148,442.95069029479015,200.0,77.85287709066782,14.235443659807133
1.5864948350858916,0.058576645879075004,0.09236933542901624,255.57502502998094,200.0,4.867749117862516,0.4421365704083141
1.9442886293371802,0.05571140786552663,0.06369745353840528,412.140714035068,69.0,21.270085270683047,12.196305186608884
1.8425742348477083,0.0599120807569405,0.07924121325236977,149.4481588341494,69.0,4.391877091954649,1.818062042295667
1.909050448552115,0.028318038099933496,0.022529455737105908,365.3681022511671,69.0,291.16201939328465,455.07029041810216
0.8320201538682876,0.09387783299400039,0.08879086584175752,107.83260057311442,69.0,0.7273367599795735,0.05478915333728762
0.6397987614449085,0.02231323575905913,0.030244062720216604,29.455368355014862,200.0,5.540083230948253,0.24994341230442252
1.163284963980319,0.04584919925161168,0.02808245736355798,54.704266223535626,69.0,10.55982182578484,4.916469641803533
1.7451746145738105,0.06876070743149439,0.09023153299587773,341.2386448209824,69.0,6.3825075616003035,2.0814712970999825
1.6241784950555576,0.06450591502921363,0.09101809541686129,375.21485096624207,200.0,6.842424254614274,0.6610411755673707
1.4962835938503662,0.09406892306111286,0.06516896437981141,367.56536218625814,200.0,8.25984565098688,0.9458835786580434
1.5802394515379856,0.061713574144858147,0.06975485309330694,491.0609019690049,200.0,15.505292071956166,1.8502485318755102
1.954280485578675,0.022940869036264307,0.09851978061673897,54.13765404504294,200.0,2.8508924935786273,0.3683917879472807
0.5249447887562547,0.07362163920431222,0.056510004759995194,238.3400219819922,69.0,3.1930497376716427,0.15044135879553963
1.5350591225360595,0.05732763612886435,0.060653328786907615,320.7680224948236,69.0,14.008579786883015,5.258348080250413
1.8884129279734418,0.04429046991947706,0.0708898133974961,37.32069516338796,69.0,1.89985294095015,0.923399706914124
1.2520747272399761,0.08961120954246345,0.026038440615169904,422.26626317161157,200.0,52.21263390941941,10.478518264173722
1.7703203420275853,0.022515351624859736,0.072766314873413,253.68585984585724,69.0,22.602676766813044,9.405737684457552
0.7753124209982039,0.044180206043702805,0.06462980267271394,196.5100337764481,200.0,4.953581646151934,0.1535743635864335
1.0275501977969275,0.05092959399553292,0.04761399759680903,423.9182940631307,200.0,22.63585748470168,1.6731972607594017
0.7117493238585032,0.030890564892122382,0.0964352561492119,237.48940300149027,200.0,3.5304090064628455,0.061819011423120976
1.0425968786894604,0.08036714767899861,0.08265300134687895,274.9713850241077,69.0,3.1329925334261546,0.39810095767688886
0.5574633765533303,0.030509656640241634,0.06472663383228944,74.94737465674207,200.0,1.961194435464091,0.031386945831389255
0.9952003509912584,0.09848582493858442,0.047817557138084374,308.1012247760139,200.0,8.169711072258076,0.5640519415779194
1.0592003082329282,0.07083671282550662,0.08933502968795168,390.6777999327236,69.0,4.391835961615936,0.5328931916130366
1.0367203662510867,0.09312383128663125,0.037672037040190315,234.93450696932325,69.0,11.057594170606215,3.0480666065402096
1.0388896111326238,0.03528380317778548,0.03738906623074048,214.43569314037543,69.0,27.09898975982025,7.558000889891273
0.7944127595932678,0.08122990352282179,0.08735495056616209,58.85369869977486,200.0,0.4525642466748235,0.010898428669140408
1.0472806585869097,0.0598565865263299,0.046325414898390274,131.42506362074198,69.0,6.428978117667792,1.4706470159272615
1.3523903433897593,0.052332945291444166,0.08869736258743192,482.48866751728866,69.0,9.509196868641821,1.8945100118869598
1.8679265290535783,0.08054173670955452,0.031124732164104073,476.105943167013,69.0,68.38839437701469,74.07233157049603
0.7952495681412222,0.04037708430191374,0.04857269528169913,421.5286787043332,69.0,21.113608235999497,2.6560533250717118
0.7783066271581572,0.05223373185977291,0.06772169357805095,87.41479112265576,69.0,1.704041733934462,0.14726974118923494
0.6074610281955604,0.03855913099303074,0.0796551058753118,220.86379182038735,69.0,3.2903319843275867,0.1472728163025147
1.8767025799538208,0.08311959345841242,0.030721241449496787,490.92806691396214,69.0,70.46665067758046,78.05404606359616
1.9573873156518065,0.03218308146488983,0.020788534595320422,78.19477801302259,69.0,66.02834220299339,117.57627755747342
0.6244698139176682,0.08440928861500027,0.0676651189715221,399.988543579433,200.0,3.8778438139185147,0.07449499729076163
1.052177541557231,0.030592699351962276,0.031096127928074688,19.59701625534651,200.0,4.182151907828579,0.49630687349671754
1.86124583953073,0.07495377485455315,0.03523977174992075,481.01298627213407,69.0,57.71013741394919,54.81332555672015
1.072093451968145,0.07316065828776118,0.03138176344598682,416.93071646205794,69.0,37.223353143350586,13.172344648709299
0.6939569656878664,0.05710693971502673,0.03421635830113706,29.561259022713855,69.0,1.8409850384021267,0.2503463149291264
0.8017504954361755,0.04996566786610959,0.051607192372341334,329.03077855109376,200.0,11.894189426586644,0.49383496673157334
0.8826381630704188,0.039970918016857274,0.034654239481323214,498.18298033365295,69.0,54.96243571620498,11.938084572917255
1.4890323610688365,0.06330832462970681,0.08940655138255717,422.4468459064435,69.0,7.458095687666997,1.7870081390529784
1.817381966845821,0.08749388205143563,0.0714314468792228,439.4560450980264,69.0,10.733869903804852,4.79533507768986
1.6823027450540242,0.025344599934863495,0.07224004043383339,265.82540135403997,69.0,20.286656758359175,7.678925571094111
1.1343900662338613,0.09032583136298264,0.022441923264551297,61.157109008850966,69.0,9.150156012746368,5.069357338399688
1.854396365972928,0.0604854475337331,0.07324126183017107,249.0035801410786,200.0,8.538800663252802,1.3363645226481204
1.3413206410582006,0.0965119037240201,0.040243626275063754,200.081759958514,200.0,10.301874628640535,1.535193468451961
0.6793049473658028,0.05608193705430223,0.05190576902657815,113.97566620264836,69.0,3.074495785099903,0.2640872763160037
1.3014808444742743,0.04095740245713307,0.02826820741524607,89.02384381285424,69.0,21.240582798323228,12.297118852971352
0.9022111138429136,0.09511316465767708,0.09343715049654447,119.35296868942687,200.0,0.7780595644620867,0.022593751653503046
1.6167988873928936,0.0973704669467241,0.08515721190698833,145.167207803071,200.0,1.9943696427289552,0.20406802885811107
0.6987933727824973,0.03030512088482581,0.060786170609450005,175.7291125345493,200.0,6.5798827326241325,0.17619341345333184
1.338947228652413,0.09964548479268133,0.0791135761354627,93.97580210063548,200.0,1.2105175647466802,0.09143779528627381
1.7353384528564286,0.0763261386558382,0.045839153978038866,387.2832195663152,200.0,25.143031625405087,5.505898156928712
1.1221782207629425,0.07902585616970595,0.08783232605220133,89.22216812655083,69.0,0.9853893867111652,0.1365013094584242
1.1209222633924452,0.07526315923375292,0.026337803572192016,426.66177592730975,200.0,54.96281013525046,8.740154510175872
1.3614416032430092,0.08037145847448167,0.058072595807499974,443.4128011603113,69.0,13.363313818040803,4.120981015671602
1.1197828977541842,0.04955084517495294,0.07297320267924509,300.4918603194888,200.0,7.651382480675042,0.43825099514811117
1.6994042948637058,0.06150970119236973,0.09034160350452304,410.73762854866345,69.0,8.342442970203543,2.576668361884681
1.4723512701965085,0.04328065613439393,0.06371128264907125,204.24450290357376,69.0,10.27038039582278,3.3763907498261228
1.86532397495166,0.05683347433197018,0.03688708694070493,211.8464888850863,200.0,30.660121275173637,9.640216752733746
1.5535115072637304,0.05091432699009976,0.056761599675039215,470.90555602228824,69.0,26.75779235617714,10.992190646844982
1.782356417700033,0.06405347548941594,0.024587322823964534,478.6623721327194,69.0,132.1934409680736,165.02411887453516
0.9070213887760399,0.05432353717403307,0.038485593661896494,146.65761327690865,69.0,9.919481480623626,2.0487335892915155
0.5017017132800901,0.04647833581030787,0.08332154466411673,317.7612591886402,69.0,2.9643712167901666,0.08652190911465961
1.3435922576945003,0.07722461830123876,0.0433058752785227,211.63417108921817,69.0,11.780266693095223,4.744636408828931
1.865061006613816,0.09807028492537812,0.06942288592629521,31.891120653732575,200.0,0.7550423458510745,0.12610533949893893
1.631707375446449,0.06027969919363814,0.06622166583794685,217.4801328057084,69.0,8.054560299946765,3.128858616200449
0.9555581501926473,0.07029851889723938,0.09322760766556999,219.77636004275828,200.0,2.062310690110492,0.06732905834347068
0.601445569757436,0.08949286039262246,0.05993838043881168,482.24594588971564,69.0,5.412747507838946,0.31562040693672366
1.471620192151009,0.034437528452100886,0.04484115182341672,51.00294943644624,69.0,6.503644376249815,3.034807527278027
0.6291260659150246,0.04732819127753514,0.05961866139477692,246.99963919103962,69.0,5.542438714046223,0.35551152765922484
1.3278731664782502,0.07117705045661334,0.07446086225276925,312.58175355058813,200.0,6.31066838413782,0.4981260258803969
0.5584204477070447,0.04404452846670562,0.04402606664567016,336.47425885500934,200.0,13.205433722158702,0.3117770571304456
1.4169935596944623,0.024826713704029082,0.035813231927912,464.54198989827404,69.0,124.03316792324269,67.18769217936284
0.5892287269510972,0.045943798807148016,0.09731062046461439,224.07634553204235,200.0,1.8208903342571412,0.02165559487820719
1.87649194663029,0.03300219058300352,0.09921835410177407,230.02980674288716,69.0,7.971779270438043,2.733482555396638
0.5945969103666091,0.057886774842156555,0.06547286198848329,93.16739555173115,69.0,1.33947881498684,0.06988427602412646
1.0084851524475495,0.05666618683480501,0.06236982729160344,255.0136093750541,69.0,7.000209620054737,1.102897547836126
0.5484619527380616,0.052048935313619454,0.06988265094758882,206.12648213324331,200.0,2.6685844720061462,0.03828982132797299
1.4264180300942855,0.031519048330605835,0.052581418616562334,429.58974229836963,200.0,42.19046178284152,5.441947712402388
0.5571528052634984,0.05891595315718222,0.06833754343338835,97.04043913612445,200.0,1.1790349826027393,0.017852322201627076
1.3217248051421173,0.05259616961125059,0.09712243315014805,393.0074305500272,69.0,6.28202741584073,1.091746993960907
1.5401131051111934,0.023661850542094465,0.06581313568147544,209.12299411149604,69.0,18.855227702971614,6.565746050096015
1.6023343674575958,0.0283212851189156,0.0771480240394463,289.08693296029236,200.0,16.48808771367698,1.8290708258323
1.6279171243356445,0.04439012613786035,0.03369814397689795,21.100673200141976,69.0,4.0886648363975855,3.1067031884817156
1.196067022932584,0.026500915309884993,0.03245111935042376,149.13410196371254,69.0,38.34983437477101,16.334449184446793
1.7618771535607125,0.09445121227835064,0.05478233168710882,402.38968649276956,200.0,15.006698346832508,2.834488067690108
0.5186140019252212,0.04916647736666186,0.0856971872062923,339.652496484093,200.0,2.927036046912305,0.03062165961254711
1.4228106629066408,0.08638855791143794,0.04716886495203929,286.0234296247139,69.0,12.703777995455109,5.26782504337624
0.870288222639146,0.03525928454785105,0.04511962586480941,208.17214688975272,69.0,15.143717610469489,2.4561386303727857
1.2740255435221435,0.06783220407625132,0.09678447191387865,321.44822702237207,200.0,3.8671687373214514,0.21618345512678078
0.5217391413831731,0.04955941440131985,0.07942478414200785,366.7983036251069,69.0,3.6727700269657877,0.12161977086410272
1.2120491991188562,0.06321800463450207,0.02026396795995214,349.3566628777729,200.0,97.8702653050118,23.650782741785907
1.8931645388323717,0.09294777111063346,0.09240075675664094,464.9491870212854,69.0,6.655107393562909,2.4941117724124324
1.119681732567367,0.0738223060625552,0.09303949617711993,170.9255915648268,200.0,1.7969277988532428,0.08071071754134387
1.7204191272089748,0.07451332895665642,0.05488162649710511,64.85463472095611,200.0,2.9828994649819878,0.5362396368332581
1.1809923545848287,0.09267886268432095,0.023122810013500656,106.987917371992,69.0,15.299285629102487,8.916293674588738
1.065199056429611,0.0447303169341845,0.07544576549288992,114.74726459728508,200.0,2.8803989953197586,0.14439696755138387
0.5443989097438577,0.06870767452428386,0.07079458140645499,177.633996513652,69.0,1.6849588460118081,0.06815275612103149
1.2371773904011125,0.09543252075102726,0.06897064764500631,416.04060541640484,200.0,6.802897713204527,0.5032367297499745
1.0414293274632405,0.020724102536311274,0.09696727193970464,56.23818761503656,69.0,1.8033759891606198,0.19488587484120723
1.8042627876789759,0.04916216595096128,0.05020974369374869,253.42900716599308,69.0,22.13606122266213,13.866650741012034
0.5567034090777445,0.024190997224356837,0.026512203951020556,356.6986924044841,200.0,70.06985404358308,2.7303095473830474
1.7005085110275477,0.05265331413140416,0.08495801935212935,83.7317311556538,200.0,2.2479448932347483,0.25504548907450014
0.9002225054740499,0.09642099477122212,0.04493022971481632,330.7251646799369,200.0,9.177396006827468,0.5517715581562952
1.9778362712026942,0.05347303219142105,0.09543658586822616,54.00095536638996,69.0,1.3157653040419024,0.5210793466357944
0.6364717838000793,0.08988339444997127,0.020409124882334276,376.6366862900343,69.0,38.41711912851504,7.367469926794806
1.6095868719144633,0.02421004575426644,0.03938581476859718,42.4842933072733,69.0,10.924933238601879,6.9433243005841785
1.3151315701434827,0.09456866472745389,0.04610115214432045,462.8745103769707,200.0,18.172425779620767,2.272575269553881
1.7215971914083399,0.06369241227844943,0.09429854803274296,249.71489218916895,69.0,4.554382791732196,1.3830798855715505
1.1352817752672,0.06115693619599474,0.030413850425827817,89.31189134658733,200.0,10.754139635592768,1.519113919112426
0.7108327777575543,0.029955963845019883,0.05226664809915524,237.26872490537275,200.0,12.365924653098027,0.39848830793702467
1.1063550006669411,0.061335313422998375,0.029156518711813986,143.20864316507968,200.0,18.23194738117808,2.551321227215858
1.7392291931551505,0.0282155262565381,0.09675988550556817,38.85408607404744,200.0,1.5348499287281308,0.15994215779359258
1.3539836609081497,0.020371055244490392,0.04546189195270706,368.5526126613967,69.0,71.11408569240639,27.707326511685757
1.8299925603939617,0.0311679071306079,0.06286475122481751,430.5162516277427,200.0,38.37674012409473,6.814567121801207
1.2212649081260603,0.03252239391094462,0.053183793961630615,411.64483307452565,69.0,32.79009394539412,8.884699679307431
1.125806274958444,0.07021358960825745,0.05427643204334759,179.95970527791715,200.0,5.876874688724821,0.45744745407595055
0.9510821771354537,0.08676735656826111,0.06864730631014246,39.40817492149803,200.0,0.5499867774986809,0.024157032297706525
0.6257816684729142,0.0881074588700509,0.052547416316431894,170.45034577525342,69.0,2.630610586457137,0.18941332167763694
1.8449395542790117,0.03163005401638541,0.027136480159591532,493.32553958166284,69.0,234.4552856038116,284.1387378219533
0.6580892010937323,0.09883071931990274,0.03547044213811981,69.42631421321477,69.0,2.204626198264456,0.2600743614259947
1.1689309813909259,0.09137298055884115,0.08427486081766165,216.62030119002983,69.0,2.3411292738505076,0.3667454550070767
1.6393594991221208,0.03119786706112552,0.08728781472522897,201.84949733223792,69.0,8.352586445255296,2.4847083035680324
1.5554034894283788,0.07051778082301896,0.06027675250512729,394.2238654712868,69.0,14.359486263424476,5.568456668802544
0.8775795624614579,0.05332422332363247,0.050798050695256995,92.97614318026756,69.0,3.557874665533633,0.5211662087087231
1.237778212671403,0.07827353310536075,0.03822852361506416,194.64763564005992,69.0,12.637268937129448,4.893403409238995
1.6407350056603953,0.026017754663710094,0.08840515809465505,88.80575763223229,69.0,4.2993796223451675,1.2649248565831928
1.6219439706083214,0.04012117137930141,0.05300554793399327,129.62818141811948,69.0,11.191035294898128,5.366365916217186
0.7903545913489392,0.06245124153292225,0.037837014877768756,424.12179230015073,200.0,22.49515608311446,1.2379264761349085
1.9763259774510447,0.048068991561461,0.05792458380325634,463.9905887714381,200.0,34.11364660545161,7.66762964469464
0.5711956683897845,0.0887440104681444,0.05752637057997116,25.69311009758905,69.0,0.29983327822538325,0.016430179926396483
1.2056660198640052,0.09951197096580817,0.07754403918176009,425.83799878349305,200.0,5.148141997262929,0.32168801837914157
1.643730055910512,0.06495749858401989,0.08303877483908849,429.0179064512113,69.0,9.4463929558757,2.9696530827878593
1.7623571559954236,0.08374704260558204,0.06822538878029015,497.557395343261,200.0,13.496676686720257,2.0480823890232367
1.9520939906343473,0.07513629055995683,0.02560919174375658,228.56033525979043,200.0,54.326452325102295,26.946084524300137
1.9139668192032744,0.06591310947149706,0.03827041055522301,253.1168063256478,200.0,30.109850174591077,9.607115844650648
0.6512921814037893,0.08355109861171309,0.09904974976564764,339.13758365176574,69.0,1.6167546038407583,0.06689630080342096
1.8068041561573829,0.0395150368379107,0.0985970445193497,164.66579086249192,69.0,4.647030580693747,1.4865976619386667
1.278782917488254,0.07437329031474314,0.08627962951147444,199.66537926008908,200.0,2.76705190310445,0.17481610172424686
0.6808795527501987,0.07614893058239768,0.05983685698549042,370.3639164753135,69.0,5.549436099244377,0.415413222665383
0.5571989211746684,0.07522783543946342,0.041853472113847726,116.95474415674903,69.0,2.967138439350432,0.2126603388356466
0.6870252701443365,0.060290713231187676,0.08971690138347187,254.99495176311697,69.0,2.1659907207970486,0.11010002040308667
1.1042078230549097,0.04148955133425306,0.0338331137158037,480.8489975296657,200.0,67.07923633591638,8.05798632360417
1.8861581579926718,0.027710451891772233,0.09677170107557298,288.26538243426455,200.0,12.571337603293628,1.5405225940472251
1.8978035699401112,0.051812036649215104,0.05373437507444696,359.45824753125214,200.0,27.359987419931674,6.112867111408948
0.7154323076525144,0.04542760390873034,0.07655295018520891,411.84735055297216,69.0,6.640677360201765,0.42899002594469554
1.6907805436036765,0.06064780139862211,0.02215892734254763,423.4005344678028,200.0,144.23722737353705,62.027154811930004
0.5966366554178377,0.07505136813146902,0.0870575039814529,186.12408028704948,200.0,1.171366259650863,0.015965594959862175
0.787989196362217,0.062044853831965605,0.09201587030441169,71.63043886455394,69.0,0.6446706278434292,0.04203154189054779
0.5548089455846941,0.03722379937873064,0.028848439637803428,315.15665512571786,200.0,33.86537064304118,1.2044787998490145
1.7662859616319406,0.05273991258730398,0.09884537909626125,16.660022474470946,200.0,0.3426381386424623,0.036047911687269216
0.666755831769207,0.06919337316237799,0.05782383877772769,144.92640164997135,200.0,2.506035620740461,0.06422331384746295
0.7905887282100241,0.037590465059928385,0.07419832122218756,373.4691245819331,69.0,8.560334098683294,0.696718788156911
1.1528185894345626,0.02042322515433505,0.050828002336409724,88.7071440607603,69.0,11.628947530104837,2.937777916463771
1.5672444987985104,0.08057419586148205,0.0658727795854858,113.82118636447211,200.0,3.061280701441394,0.3804954061058882
0.6859271620046032,0.0343044518361426,0.05126593469935195,393.87725220881686,200.0,17.979677879974798,0.5500317680303859
0.8479255885713548,0.07883575030038169,0.08194842351893412,188.61559378941107,200.0,1.8125173618414199,0.05300731428070268
1.1222900437265764,0.04819959764759239,0.07462105875087828,83.89047690716565,200.0,2.1047610466742444,0.11842144508735669
0.6416906114375924,0.062016081020808425,0.09907565175372765,278.752263490443,200.0,1.7630196134496225,0.024424198534526508
0.6134489178739506,0.04569462353889757,0.08663867097725363,232.88928763426057,69.0,2.4991395100718066,0.10488060368955708
0.572557127004093,0.05881587197984624,0.041991713205170283,121.05227201431005,200.0,4.009786904177329,0.1043455889752866
0.5639859475564378,0.07507991319256192,0.06181816279064156,99.35096947690405,200.0,1.171751972522691,0.020097170218484863
0.9713106699526245,0.0842504053585448,0.08903424416373681,274.64486257829213,200.0,2.3965954919677803,0.08465112344479722
0.5826625068649749,0.031206338639182932,0.022017314505451014,80.27948637956278,69.0,18.552455537228198,2.7639542463096887
1.0900155907360212,0.08768237220249206,0.050944739574934866,150.06561097257486,200.0,4.312748740308825,0.3352733048282166
0.5768994334493298,0.07459020215159394,0.042005410948829355,72.64956164938535,200.0,1.9106982293531762,0.050462159673501074
1.2949310340532278,0.07451968148736664,0.09139113564433303,190.8863818451814,69.0,2.3828335037364847,0.42241813275038803
1.0612285786696025,0.07261267099870987,0.0907943085043874,210.16488301113273,69.0,2.2355823631206335,0.26792273841358566
1.981374288708131,0.04557246054740457,0.09021783398192519,72.5925552732867,200.0,2.3266046284209776,0.3374752930444758
1.3927427596065827,0.038388678406592644,0.07484495162347035,287.06669714067806,69.0,11.155185259280533,2.793288183570369
0.963082762815634,0.06831214552866856,0.06978042709451324,70.79733809905792,69.0,1.2298909820077828,0.1579500850187829
0.6505580795073452,0.040463201415659934,0.0904577690762202,361.94740933203263,200.0,4.267080258821402,0.06654812655864535
0.9983624865221519,0.028377223616047696,0.07400808192841428,281.7500766249583,69.0,10.858637805770556,1.41296809925258
0.6778797976133615,0.07369115728664107,0.07986003707287327,22.0365928566687,200.0,0.1907102332849546,0.003657872954484263
1.3367720527982154,0.05641101583754499,0.079555999378597,118.66056450471848,200.0,2.6656628900357013,0.19958401288449953
1.8269060456084594,0.04467434166645183,0.09664532353703344,332.5584991916153,200.0,8.736061144060423,1.0056479947193246
1.766941334340447,0.021266986553217616,0.08365172428807852,201.00294792599027,200.0,14.319242908003304,1.7814275525782726
1.5660663479379338,0.09942340382537375,0.02882515870662334,468.1556573565614,200.0,53.25000367176803,15.102435689554598
0.6713415580704611,0.02800665272523239,0.0700702095526538,126.49764423941879,200.0,3.7055201683678427,0.07944774495034623
1.289556716500135,0.05863254784134489,0.0837663644673504,462.33276721755135,200.0,8.694973684465536,0.5753846155252853
0.7672909061811879,0.0891443196935908,0.09420179499363819,18.886183346027458,69.0,0.10991158516586395,0.006636881223928338
1.899846403796522,0.08185970288377338,0.0861756754830756,454.99001134266507,69.0,8.531630681356374,3.4525818530978114
1.5566959228736232,0.08756193844976358,0.09325532278038512,31.564263149749713,69.0,0.38715784789602986,0.09720344645027051
1.926765901812042,0.0914250692468913,0.07295150202815383,226.63362350816968,69.0,5.3848147916540405,2.647610449318295
0.9833994188448165,0.045593387114597414,0.061602883115821405,182.29814825274477,69.0,6.216694434263371,0.9429269047385371
1.8484491640707224,0.08021203180917269,0.050120735880550174,269.5733177926395,200.0,14.837518396657595,3.3716120648777634
1.6392450017107727,0.09257854304205168,0.05346976263507136,195.96867602474148,200.0,7.282071233451127,1.2198688689183792
1.0972774737941091,0.08177359778441896,0.05413627722850384,64.57629932360109,69.0,1.7739892611325736,0.3812020051488474
0.8045574889042219,0.07265813715928934,0.0286859195129375,354.1465494683446,200.0,28.593646032917384,2.1507685123069193
1.9356490336651468,0.04171683522532979,0.08607449432195222,364.39434698291524,69.0,13.692702818503385,5.758741482317902
1.1702564023458286,0.05511264247217475,0.054624476642575845,416.88043029249224,69.0,17.799916786665385,4.3117382126451895
1.9917829549636747,0.09152599600957514,0.06253163325157089,335.31676765094727,200.0,11.197073398350698,2.367922702078275
0.9917742379502597,0.09776504302169763,0.026850545108123312,331.49419640917154,200.0,27.986603381684844,3.4174445562645186
1.7483928742176302,0.026259154292289946,0.08882345012404823,262.57545872809305,200.0,13.295614044409898,1.5252378082752365
1.8849864922669868,0.055870937159102116,0.023877605666895604,491.790627095629,69.0,174.61125458448274,251.04847764120487
1.9720179347868818,0.02458327703038002,0.08243251948673562,77.0420526081853,69.0,5.45698842624981,2.4873438700474715
0.5372806814951038,0.09501945854635392,0.06259155806175985,56.371553581801614,69.0,0.4881669840230912,0.02175277872514682
1.0075255783055426,0.08515408888525507,0.043867370018940574,248.15148587622036,69.0,9.15451853891833,2.0467543486332644
1.9241751774413312,0.09137420349080963,0.04541709095970144,261.35822322538735,69.0,16.009206111246144,12.609543038150733
1.3969107462665744,0.05362895491440953,0.06350271436660955,37.88706053999191,200.0,1.4683409418350104,0.15040098521815182
1.1428841574201638,0.07415430800280012,0.02421991547229969,53.35646154080607,200.0,8.411217260145104,1.512061300361471
0.5673716533017623,0.04216933443204443,0.08898644540707372,348.3693576648978,69.0,3.551520840793551,0.12413247845694937
1.2568047760362382,0.07152597143066435,0.04379887116748901,383.00076223046347,69.0,21.048885763560325,7.334347596605574
0.8879398769498811,0.05882266464874293,0.06945990003586947,272.6416187673895,69.0,5.118161203686187,0.56131490886361
1.963370299616113,0.06176744979006897,0.08948575311742357,241.99917553509144,69.0,5.763680360939072,2.398888567509919
0.6466157854468475,0.08827479311520711,0.021607403417743667,259.8291808292102,200.0,24.45927656970159,1.577656233712295
1.6258500947418335,0.07034300598129747,0.09407757827714916,395.65004760947676,69.0,6.199401891163777,1.683000765800621
0.8011652087566172,0.0358117923954388,0.05183030666288688,55.2674912226619,69.0,2.76152810625377,0.3304224160279088
1.313214763851589,0.07786081124363355,0.08609430011774236,33.004785873710986,200.0,0.4506052033016138,0.030086527184389266
0.930597587406722,0.04495168227894362,0.049198776766444394,206.78338740485,69.0,10.611438431433934,1.8046934760426228
1.6196030911641508,0.06215764887183978,0.06376289633976559,59.18651771879095,69.0,2.275893760372897,0.9046087688801183
0.9923685571640308,0.05440815383543027,0.07843401429154713,396.74045779792453,200.0,7.057613320356998,0.2953780051374356
1.5194715798883873,0.027399341878994506,0.05102775486191914,457.9196896942599,200.0,58.51673648637695,8.825463943764266
0.5038398383767957,0.030087646705454763,0.027806575512286304,16.175465784985743,69.0,2.101925479037124,0.18540202175600518
1.1852974437800246,0.09786883965168929,0.07230319302131379,173.9496333394538,200.0,2.417924427860048,0.15660971056190284
1.6457701873954482,0.046602005089525916,0.07247509735715875,494.5667665456434,200.0,19.950930383030183,2.485372410075759
1.534769744002569,0.09211639495583765,0.0945660112805188,63.8425969874069,69.0,0.7136708342826413,0.17175484064516935
1.6405256048559695,0.03105841595387966,0.05211185027394109,255.79649800009577,200.0,29.85221556973011,5.139073714253533
1.3829684088167842,0.040368014784268574,0.06614373634582525,180.77354825511492,69.0,8.49343862121696,2.3728976065991074
1.9397579414326855,0.08947940129800967,0.09945717530616537,412.2025603742225,200.0,5.420185663387072,0.6835210045028253
1.9920385584863312,0.05083816020418941,0.08139787994621347,436.61581210733044,69.0,15.492890023176173,7.2975062506189134
1.2286309500925612,0.03803036193399839,0.02049682847844819,236.19556084014593,69.0,108.97845345126389,77.54548674749623
1.0162390388706068,0.0962833491928424,0.06824424944297473,470.096725137637,200.0,6.392210061123033,0.32244486907476955
1.1626471626908619,0.030105552311632523,0.09797817517287004,317.36368960408623,69.0,7.660394412261495,1.0211212324465821
1.9171232684096822,0.03388148792822218,0.044831262791047,126.5850448492007,200.0,21.382538857359034,5.843285681766571
1.020008051014267,0.03191500024331506,0.030009843608288088,28.517974866639577,69.0,6.072271980125616,2.034015850952834
1.0664152162798168,0.034502255719919966,0.0254226202201375,147.0501756598108,200.0,42.194420057486035,6.291672729906438
0.7616305187531676,0.02459725990784941,0.0576698503021868,494.04479618783296,200.0,27.597995487538327,0.9253289218012133
1.428360778726203,0.05383339229708449,0.08378525505376302,208.174059798678,69.0,4.720943892427203,1.1106998825487495
1.2365837629384413,0.09552345830385293,0.0777954504990797,294.66274997977774,200.0,3.7816522549229346,0.2477725639675462
0.517147625444663,0.0637440926265786,0.040334518389939795,230.83977893489217,69.0,6.9068931931066535,0.44248095679662164
0.6450567454975039,0.09958800418253336,0.03189306744275465,167.72282567013616,69.0,6.408283707325698,0.80779457413238
1.9415724706105641,0.05444860300377678,0.07963128670890322,385.09864977470505,69.0,12.993395078338859,5.943000569604221
1.6570257999562212,0.07286169957927109,0.024356178916293415,403.00361991856664,200.0,92.69831912537983,34.83373068613671
1.3735776819953855,0.06251047339108676,0.04086009179074116,490.5920623452062,200.0,38.74124111068443,5.962925570443437
0.8102926898335352,0.033812351367507286,0.05612429721449322,146.0449073716313,69.0,6.666569081817392,0.7535203054612327
0.7522041291382099,0.029743227133707723,0.04084452335257474,380.173638179949,69.0,34.57906215181923,4.628182270722971
0.9721670604700793,0.0833499791742728,0.055979348088605524,317.60898490499125,69.0,7.092898798355438,1.1570107150510318
1.6623013821005945,0.099849019010798,0.06137836508369564,161.39095122069756,69.0,4.279231315411749,1.8613567953678263
1.8569682456287664,0.04569101310639398,0.04358167821321561,163.5014845195272,200.0,20.99127125076584,5.5363366534800855
1.1758243629984906,0.035913984421159555,0.09055096654807938,459.2366068628447,200.0,11.002222756745487,0.5599522545069232
0.987135139432701,0.05356561423846086,0.07769551541377787,371.31659232188565,200.0,6.801335915865482,0.2843349476370155
1.5652026727835155,0.09056029946554735,0.04648130918458811,366.8053237943207,69.0,17.606089611008994,8.96572405377675
1.756501563076171,0.07532281596548222,0.09630991381811763,81.5604684606304,200.0,1.2302998362804083,0.13137592850882895
1.7999759984049815,0.0367861734813872,0.04948693676676835,401.96225172075106,200.0,48.187841865020594,10.516205835626565
1.5812355777983798,0.06435226358086352,0.058318093098981144,244.26947383756686,69.0,10.588795654312852,4.386277028709762
1.90394936323716,0.0955136796322399,0.07060586855498087,300.4638338222645,200.0,7.208612365937331,1.2336739821063778
1.5171291878062334,0.037113302088311775,0.06760133577607104,493.8396963993695,69.0,26.5045026638609,8.71904982899677
0.6848141255778001,0.03559250842690883,0.05120968733702451,178.57311491465646,69.0,7.860989017311161,0.6955528513273896
0.840151830932848,0.07837999093387876,0.07713251962641116,400.7220910654645,200.0,4.331836615402718,0.13213834138581132
0.6089052796972518,0.02576694670933918,0.06598506432126096,14.45225478494695,200.0,0.47063297348686833,0.008814850110244864
0.6063893060209335,0.05319817835258736,0.09461652189937839,343.38716208589085,69.0,2.6233492869400004,0.0985035442260784
1.1448474790504077,0.03405862126160299,0.022547995499904064,493.5890075985633,69.0,195.8039369239282,109.96852368454977
1.442218206026927,0.0634107543389216,0.0302246006510513,383.35504605556036,200.0,57.26632924668008,13.136493856395301
1.5886387862418871,0.04616174153990255,0.08916894018290207,150.4522485074379,69.0,3.9072005175828832,1.0684693491714476
0.9528460579795286,0.07905605371378524,0.0910470290266782,297.60307135119245,200.0,2.5962392521761477,0.08629848295919378
1.9575183253706576,0.0778718864465089,0.046500779807611595,297.43079672643717,69.0,20.74635732469779,16.517828047618913
1.4993402560300633,0.09491563543671304,0.0667817176821707,440.5903257681683,200.0,9.363397889830738,1.0506426869671701
1.0191326080102796,0.08562731733615599,0.09499741859136372,113.08499084972196,69.0,0.8948514964969259,0.09452794348042133
1.8463796457651453,0.04505740958790479,0.03638413825054786,451.0224123547026,69.0,83.76835198445868,75.83497295597947
1.241560089267934,0.0659013258555303,0.028181003425025164,348.20635117471767,69.0,49.56197730419801,26.193124601754125
1.3978551301733722,0.032714386621084196,0.07952851383895994,413.7183894210494,69.0,16.770025573246755,3.9810243834980383
0.6694941818218424,0.033253206734174416,0.060445000637949275,150.60341267946097,200.0,4.979417775494829,0.12308086462189513
1.3151099991256152,0.07788822804823999,0.055069160450726906,298.834486434722,200.0,9.982867578792057,1.0450805368526486
0.9366956786382621,0.038050534190440036,0.07813754806316484,444.74602489305994,200.0,10.759238281955776,0.4027147396281044
0.5815763313013729,0.02358733834788781,0.08617119526330491,141.28382308107456,200.0,2.8147980487997044,0.03682793064548026
1.3075683751431875,0.09742938313343583,0.08080533127030923,347.8520233170201,69.0,4.289831258491934,0.8769779237831052
1.3361767297410765,0.05722358535915613,0.07575131230539238,174.36166756237643,200.0,4.2570699006797055,0.33444689914046144
1.4311149855757437,0.06061458533603359,0.08691803367652443,387.66588115116457,69.0,7.269196948144792,1.6549514268351024
1.1843577917867931,0.03214629187068875,0.03794328241690034,342.82680613755934,200.0,52.63907686673939,6.486612498390775
0.792258352359198,0.02148508280772817,0.0831685070558253,483.68061627125957,200.0,15.47112577825247,0.3892023101648207
1.5225251717037254,0.06151523586525072,0.048906554982375124,399.09613701807416,200.0,24.77858025020792,3.914867386529905
1.5364427923265929,0.0771842145428062,0.09414993079592272,401.3712008330052,200.0,5.408107968969705,0.4519983843305318
1.0559439594448339,0.09084581361690026,0.026378172365768837,276.5501364927141,200.0,27.71862450591749,3.905597274922522
1.6404732460206788,0.09944343867418759,0.07515001384606124,298.3300550470659,69.0,5.228572655747117,1.8090561073466747
0.788755315559185,0.07487539801796339,0.05929329858549555,377.3124840115856,69.0,6.783352049739803,0.6876746164460081
1.6819025548730977,0.04853677263266392,0.04395904168957998,348.89157853435313,200.0,37.538355216799935,8.052067914709646
1.1273957998282895,0.08873570275079909,0.03724525152926063,88.47854374452156,200.0,4.862117082883147,0.5530776023343101
1.6139893042404567,0.08162636844460343,0.08551291816568968,266.6935297432231,69.0,4.326836180906813,1.2735021437621556
1.7063802653799185,0.03888734049899707,0.052242596007970155,377.1251499171513,200.0,36.37934070374002,6.758657821636562
1.6483086058923067,0.09495014087859957,0.03080306033657493,371.2768204814877,200.0,40.75719302415846,11.983017599100679
1.3400660172169037,0.048427126408241025,0.08520461091126891,449.3523667624362,200.0,10.276603092138203,0.7219674522067305
1.6049141925950554,0.0909404129317299,0.02610479539950175,242.2279408561543,69.0,37.63828236551203,35.88168157341664
1.0624171858020397,0.034791711624351324,0.05528610274794085,373.1776499951615,69.0,22.36939380187874,4.412533985440485
1.8373915614236025,0.07834266323341772,0.03540230110978831,173.31563976817512,69.0,19.4593983316527,17.929203709563065
1.385956008279746,0.02944283300750003,0.06699734677840591,174.84062302663915,200.0,11.001407136762044,1.0514007183075453
1.0620409517913065,0.07636950128126865,0.04100539305402047,345.8827277401312,200.0,17.164038346269724,1.5737645877856123
1.2493327699292518,0.053184842590193876,0.05365645955817827,119.16343540401535,200.0,5.833651660886732,0.5656574202313259
1.6481312328174202,0.06145654083406912,0.08280981800363128,422.55948573896416,69.0,9.915146219305178,3.1423931706953097
1.9128001535212917,0.02599482835413016,0.047352492667016924,282.06690294851734,69.0,55.53929125266589,41.46258109783966
1.014637363710068,0.07035461726515334,0.038232507068013025,349.39778214836235,200.0,20.683502615459602,1.856486328868072
0.6600557412645203,0.0636720976381986,0.035735695934855066,219.51937917824495,200.0,10.691806322902167,0.4344990288991025
1.3601634185353613,0.048672801751875605,0.09541226429278132,132.08874996582196,200.0,2.432839282750262,0.15724257354526466
1.8143654726800522,0.03670330683104962,0.08447961364499552,487.685210326222,69.0,20.26779840821055,7.630690738116571
1.2219693795520716,0.09136993136972138,0.05897552222714868,457.1462451920477,200.0,10.546778897648126,0.8901177026139647
1.7878583752011565,0.024860473916462036,0.050320031633898116,246.5781743239395,200.0,42.019200237657074,8.897169174349719
1.6994434908145,0.06228733232508263,0.0866476334649971,28.20744767606026,200.0,0.6150474571953133,0.06833514547136596
1.3440822349493908,0.020821945751973596,0.06761076081756412,363.1289534586346,69.0,30.766990158765477,7.9429260955190815
1.4198763386695765,0.09493526893454637,0.0943220222740927,488.8569056264393,69.0,4.9309401903784655,1.0183037087884506
1.0889098457448927,0.038134101687662174,0.03263938658198785,289.5261260207547,200.0,46.562194197309985,5.638376135913377
1.8666069569881287,0.0441508120045772,0.034004061468912064,110.99136252305898,200.0,24.34966736573018,8.316617845515418
0.6324017718198798,0.029365655711974296,0.09160369740540661,345.55868713629116,200.0,5.321087911040137,0.07743767977493966
1.5149333741196895,0.06164615892792917,0.055915862798012056,171.30507086558595,69.0,8.078652355315583,3.203690886987224
0.6424369201538478,0.06938037427712156,0.0809548820551726,100.18465045099676,200.0,0.8492981966550665,0.014433009107385668
1.4130946529273718,0.06765883801686254,0.05535580357413061,332.19483123700564,200.0,13.585152568940991,1.6335130634209603
1.0046390003125467,0.040301874240483294,0.0993989444252499,358.528448478101,69.0,5.427453575935249,0.5324686736287058
0.9103108573052312,0.031147240537737375,0.02613432925227687,64.30150255431289,69.0,16.508963262366667,5.05763563287555
1.1235624717214718,0.08462533867541754,0.08505934240703612,417.57656969349654,69.0,4.597694769310516,0.6592835126716643
0.8056164860220478,0.04866568256193994,0.031211375763087804,276.2112383953474,69.0,28.162570817953917,5.658166520778671
1.8959655588670334,0.020778074976867292,0.042799735417465436,433.9165316422386,69.0,129.68818525945812,105.23976434022086
1.7291579162692257,0.06702053747680828,0.0702637966839142,208.30289682487384,200.0,6.531457191933443,0.926459697397884
1.9553061067802728,0.02839487713390164,0.023938255774415787,115.83446748254234,200.0,83.51775537206832,44.46257075339098
1.207760604422292,0.08182457355686167,0.05121687064234767,70.72571991247537,200.0,2.3878093970812273,0.22668724352375416
1.505644223565382,0.06886672025820115,0.07101604062991039,458.8823086885218,69.0,11.935829769902838,3.681294277226992
0.9327763083763496,0.08562562270956287,0.052643602115407695,135.60955434041253,69.0,3.1983361515770676,0.5107321217052007
0.9851512031795359,0.09445876762214396,0.07398490911860932,415.0876080038996,200.0,4.7453182716699756,0.20749456759449833
1.7705411637878612,0.099585653165807,0.023248481506605207,497.18332552832936,200.0,98.12685361185135,44.10461989208385
1.611804891429662,0.08340587410134094,0.09759993016716706,177.83498485918128,200.0,2.16463795955349,0.1920611156332392
1.8534471180549241,0.06516971602071728,0.07873154076843605,32.02617307214372,69.0,0.8816438172614872,0.3716759538364082
1.6415601947277034,0.07621488620055837,0.08922050489407911,160.09530972174144,200.0,2.5990672269757824,0.26166474160048875
1.932016004378313,0.054198856040011414,0.05351946777104191,111.81896031056912,69.0,8.34956265596785,5.626431446788534
0.5358819078186075,0.09839356407518239,0.03257663355983561,57.43402746828761,69.0,1.7685222140031343,0.15062676763702196
1.7520824739316017,0.06999138661448057,0.07268899667929897,272.5714400057034,200.0,7.748260226272089,1.0907453239696883
1.865035655390043,0.06232452762684966,0.045807440269152074,264.4528745223278,200.0,22.628493306103604,5.7275994295131385
1.1190184724769763,0.05389336666349748,0.04060432183090267,129.4346753958842,69.0,9.780460603051612,2.91421244510505
0.9544287939474914,0.0508568679828032,0.08308988176611873,426.6721560993701,200.0,6.958941621344705,0.25430849251912757
1.087841170230345,0.055433654058857085,0.059972694401175586,276.40907941253624,200.0,9.048746401684681,0.5951748667223711
1.557334379758406,0.04437081043237741,0.07413429139022754,142.87704385991768,69.0,5.47469507227774,1.7304704472972223
1.8662353636313012,0.08949831624710769,0.09253323833977041,148.38696958775225,200.0,2.168218488392868,0.272030034611642
0.6175458080902778,0.04068970665564753,0.08560049132396304,479.9775847443206,69.0,5.964915705605059,0.25675922707396975
0.9599318215089523,0.08380085988181543,0.06845127987364444,321.9767098170948,200.0,4.722853526060314,0.21192511449078752
1.5547914333914852,0.048828182111385274,0.04716804273883689,396.0958142154659,200.0,34.013974051960176,5.8107547267771125
1.926554373185825,0.08680514195032593,0.03704176912040502,182.75514158757255,69.0,17.736716833920735,17.171320864953106
1.5463840046606232,0.06962265126745985,0.08766790608486258,425.2513986514031,69.0,7.373650095641516,1.9432838400572692
0.7807165348093756,0.056229152978393857,0.08382625817127683,387.17438547991975,69.0,4.590178166073642,0.32247486323781466
1.002609362221876,0.05848925676440811,0.03811281137218772,170.7822234481173,200.0,12.092263321730904,1.0631116246502594
0.554618148878407,0.08061910739587623,0.03965741691498911,33.19574958412729,200.0,0.8712463580523193,0.02252596743313945
0.9268874235622089,0.07655591359456283,0.053442502774384545,190.18243108839926,69.0,4.837225281416973,0.751316894544108
1.978003870139132,0.060257081445922206,0.02686989591325725,210.71211207251434,200.0,57.48146479431255,27.899399894459666
0.9170023471287057,0.09560897358320171,0.09187315422860363,327.7646044551409,69.0,2.234641396628871,0.19761493212674605
1.2742467779276019,0.04001376724576475,0.05278113562668331,223.40371996994438,200.0,15.322452827929387,1.5712142031702305
0.794714547472231,0.032648259870435695,0.06685046994665501,301.9321537639317,69.0,9.867401741623754,0.9007003302220804
1.6632830739807811,0.08420358967289003,0.08884478331309895,32.49651897941421,200.0,0.4879325480557017,0.050645275510447126
0.5757273581395912,0.07816576658048756,0.09281830474159444,461.7605712699296,69.0,2.368651179189823,0.08172611633437069
1.8688592209192485,0.08786077090854601,0.08579870444564981,303.5020871416971,69.0,5.261784416339655,2.069498642641876
1.4929908090532447,0.07461499822056741,0.047276529959531716,463.6816908059099,69.0,24.90640319454008,11.345910165246336
1.7495898507347458,0.08660413479253941,0.09746495024680679,262.0427762059894,69.0,3.3436755911877096,1.0146302848695241
1.1895750435501784,0.09088519901411564,0.0773345394148972,339.0567926513052,69.0,4.452207275966237,0.7871277267122953
0.7621503564468965,0.05065586534391145,0.03731274465491839,201.2189424559026,69.0,13.047179540790168,1.962458163175861
1.8777726200514964,0.03127005657290646,0.08274090754969694,174.94383724098665,200.0,9.207117244175405,1.307880736548156
1.839232396472084,0.07208219176669406,0.04699927101299456,149.96609093765449,69.0,10.39371256607154,7.2279051850745955
1.6094242086237383,0.08350722123809022,0.06614397046773311,338.906012982755,200.0,8.957699716042029,1.1693002517768607
1.5455477099234276,0.06147932013677085,0.027378709971127256,293.54059563906407,200.0,59.06725910980592,17.178190507854247
0.8389196786101278,0.02419073337188479,0.022941006839511634,256.0031261733726,69.0,101.21454273221451,30.00066329612504
1.0677576184267223,0.028449996132208853,0.026131252630650616,122.56395297796543,69.0,40.418856237336776,17.038399579421707
1.2430110102316183,0.04622090684533313,0.0731720440900484,54.45520327607048,69.0,1.6411065266876848,0.33481213211070454
1.3816361906765722,0.05558351701481434,0.047194065098697446,387.1541596437345,69.0,25.924362360793726,10.13135999894346
0.9018781665848126,0.022527593037512793,0.07338694426257523,393.6312672072403,69.0,17.556434105491267,1.8800651665257153
0.6810349974452554,0.08160128191125775,0.09844942852015043,428.4830844332839,69.0,2.213762273255632,0.1007665276342297
1.3841911641552955,0.035585846137281905,0.06560862392077656,151.21134985738118,69.0,8.198465224086696,2.3132545517046714
1.0513045401711434,0.03842048020425426,0.028335364669010897,406.07135943466307,69.0,83.03510679156219,31.293178140757146
1.1938324412756254,0.03183235057860424,0.08675537735189028,312.64283472220444,69.0,9.347201198646074,1.483650442938099
1.960312798281154,0.03615109688986454,0.042873645829348724,95.79743127232217,200.0,16.956186259649296,5.066024180904384
1.8786123457891346,0.02618642059877687,0.07355402324425706,248.14040586435826,200.0,19.74226177773719,3.157501481794898
0.7946212728354203,0.031244297321918475,0.08438817835537159,426.4637920502862,69.0,9.138178055578937,0.6606296002393132
1.3732876514052836,0.020453384651588184,0.05620375059148722,462.5379127194516,69.0,58.98808805031858,19.124130648090844
0.8760411469480864,0.034401031385381246,0.09607717578113387,421.4919844763397,200.0,6.976749908779285,0.185763627221715
1.4332846019928855,0.037208970367537335,0.06045419430902596,325.4683030269196,200.0,20.582203006503853,2.3313583610079274
0.8069199787599892,0.07519385754200722,0.09864127223703076,244.5816732042025,69.0,1.6184747759624598,0.10322095131576192
1.8232231490085125,0.09599850426364462,0.08941352479668388,273.6060313707293,200.0,3.899831525399261,0.48328245400927167
1.8568824290007204,0.08347885441338573,0.07689916428650329,167.47892090161469,200.0,3.7798632705539204,0.5649396140388468
1.601238656512269,0.0419646105760246,0.050137241502881916,459.14959596459204,69.0,41.81744111108521,20.661830791604014
1.070266536384704,0.042058879866264276,0.042881177542640994,30.193535087052265,69.0,2.507067649371575,0.647057527188777
0.9565198610802941,0.09819010084183351,0.04208412449610492,234.80275061865945,69.0,7.748972564180252,1.6276966174453122
0.6865961898011359,0.030655530198221488,0.020294204708358708,178.68759949560695,69.0,58.30343582518515,13.085325791979347
1.7933336592960532,0.09466805746896634,0.09565894941334893,135.48797480613462,200.0,1.6829004324683379,0.18859655707758863
1.9679571264551121,0.08900276900135307,0.04586481350887153,161.33728528746238,69.0,10.175103743962792,8.30137685147376
1.1444523825444608,0.07672070351828834,0.022465799089443097,202.2118841979899,69.0,35.85909592154158,20.199125646671305
0.7566640314874256,0.036135368585681796,0.07074289901450635,401.49045825190257,200.0,10.079323254551392,0.2719151753855568
0.564018944667412,0.03548147055696274,0.06143899856903036,116.05963696651102,200.0,2.932488259487159,0.05061255739983095
1.0367571063405052,0.022935718308483503,0.05848043797407555,316.1692692103942,69.0,25.07346457583493,4.452638355628435
1.08805601061471,0.06761916840254664,0.025815543344673612,261.89000481569235,69.0,37.939277903328055,16.81008639939355
1.9088062882389392,0.02606522636862265,0.03582852728505416,130.90220350657137,200.0,44.806461681538565,15.188474339395768
0.5811412102162841,0.07338730593808478,0.09693555747035842,390.003891045149,200.0,1.9720353440643852,0.022902013922356697
1.4573207828857946,0.04852102104453182,0.052899981643798916,478.3309937320041,200.0,30.803066751619774,4.12218518186606
1.62405812861595,0.037440575218008046,0.06299187503513978,464.7059832013545,200.0,30.480318438751837,4.25418966695639
1.1810270081062286,0.022985696747919945,0.04657269673906027,462.15781743187796,69.0,65.68722853198913,19.007669036908627
0.6197126898138009,0.054441248645290916,0.020490145848437544,22.245324292611357,200.0,3.618780188349293,0.22608756586593498
1.300932624096813,0.09899895704818804,0.023789009273779804,224.01204683918752,200.0,31.210023734239265,7.401267453886702
1.0508357464926663,0.06237924071668617,0.022782030710797534,35.61920130307088,200.0,6.936578653198257,1.1207307888225508
1.2875671577186296,0.080709457687505,0.031807398979434104,202.7114037645759,69.0,19.178674120515954,9.658059007552998
0.9882612536064608,0.06329871853589615,0.08570296177797211,395.30632247904504,200.0,5.04162105728812,0.19151229079560614
0.6031969529405385,0.03324055239572565,0.06955697833010596,364.1426849988864,200.0,8.194686293153698,0.1428856611612619
1.6733332640921423,0.07838679926855162,0.09066197986433397,187.21784060073048,200.0,2.9173436985527377,0.3003350596675456
1.0561787664427982,0.08255844322866224,0.05619116503451936,308.1121085653477,200.0,7.4903115217395735,0.4956618041209828
0.7677680977883292,0.09612282214247714,0.07853759214052713,146.6045649702487,69.0,1.1390613838536048,0.08260176391687934
1.2391052905401598,0.058400538804742164,0.06254553752304372,316.0402350246924,200.0,10.284716512154098,0.8415717796020507
1.6649001141470021,0.06990096343634454,0.09193337209727696,92.69529715779889,200.0,1.567355789351717,0.15752500917966586
1.0208111650405596,0.09428532759371773,0.025784366765042234,46.18851685567205,69.0,4.513086154877036,1.7622504386059006
1.2088534900374353,0.021679016660307592,0.038148576675614165,279.3903345510394,200.0,64.23031317038182,8.201396018984308
1.1433645974325946,0.05734736979516861,0.031691217392409834,483.80151726935026,69.0,57.62512335188026,22.966884021129147
1.2093298516394706,0.037261385453119154,0.027044395873283424,438.46930644444876,69.0,116.74052805123301,60.994905923488666
1.537494133857427,0.08202077527652331,0.020532800411150368,283.9851254286135,200.0,75.76001810018226,29.07351653858417
1.4412852723035179,0.026038548046811716,0.04809770758878176,435.17371904756277,69.0,62.47385997217135,26.069548520197404
0.9440960261666623,0.09060216835574766,0.061047730284221516,223.52378828604697,200.0,3.749846878286001,0.1824967340715347
0.968236393539579,0.08713606781626962,0.04219041466953875,215.38245458991318,69.0,8.067099798584566,1.7319130763653696
1.2884451701772686,0.08001920068143281,0.07186074875793662,394.63787752254797,69.0,7.383091894990644,1.6479273813088846
1.565028712480283,0.06940031805082521,0.08968118566381086,216.30629478401835,200.0,3.638970832986405,0.3312841041662261
0.5804727078633998,0.07357894916214662,0.07686305985843526,29.223536511375794,69.0,0.23414069715640168,0.009917049900842101
1.6062769123684466,0.09579003277921852,0.055373484300419995,370.4639468552564,200.0,12.156081172598384,1.8880405572712002
1.775780412120514,0.04612095062338287,0.08764642301973954,192.68263674033074,69.0,5.794506427036785,2.0142827097486204
0.8040578147257931,0.0344268307571159,0.027730585654329242,204.1014347205993,69.0,37.19370628823082,8.378082260461658
0.648746523144619,0.09845815596662645,0.05325637994362026,379.06713341215874,69.0,5.283813042757252,0.40344611439639005
0.7283113028377497,0.06488122729338133,0.09580454394743307,52.28523816227024,69.0,0.38366847756397726,0.020524082936944826
1.441461811626112,0.02407962485073724,0.06383720058972485,301.30420482542104,69.0,26.555971852563204,8.351304103363612
1.3357091065756848,0.09890745364458464,0.038950564163689576,71.41271997487402,69.0,3.8140131504577472,1.6879199946080503
0.606209005108894,0.07366184704086905,0.0696493153117668,364.3486419162948,69.0,3.708638321468949,0.18906104202202167
0.6201988649474255,0.06870952032343179,0.05275471963797608,295.14125544211885,200.0,5.7434465324144846,0.1395892399389158
0.6344831008739462,0.028584038677564462,0.05733283434590772,324.3030121398154,200.0,13.13989444791261,0.3075440492893948
1.983704303154682,0.02753383411952516,0.05054895467272554,273.82562462519076,69.0,46.32455148145137,34.84276125797574
1.8622022298573118,0.040650757031832546,0.032924171590163184,387.9251409628777,69.0,98.36207202627003,100.09817217343169
1.5162072871979713,0.09577098093889169,0.0427197840401895,282.06889487039655,69.0,14.681586701514767,7.633448062972413
1.543415158370125,0.02774357918230522,0.09914897718837204,389.7065307561733,69.0,13.232220528120813,3.071635403218657
1.3416061350611286,0.08709849948695729,0.033438914820897905,182.35584345508593,69.0,15.0723491964978,7.838599828883736
1.9825054049557649,0.08719603450428892,0.07579581249203858,44.526801535484815,200.0,1.0573042312801535,0.18275205232196345
0.5326094949514435,0.06921815950484396,0.04803780309868321,183.61603808939344,200.0,3.6735372198490945,0.07230991664161192
1.8508083968836173,0.0710746582056566,0.08048625655549774,494.7215571872156,200.0,11.93205672245203,1.692759454765264
1.525228754651968,0.032214031132071205,0.05705985762242338,155.58162531281425,200.0,13.574945585768896,1.844829045414538
0.87776556720274,0.07076842863062678,0.03225937894228378,496.72186495937314,69.0,35.52151756180769,8.19694914274106
1.2867004500211001,0.028853436633927372,0.0668899720368754,35.46203522800964,200.0,2.120668489925156,0.17496267904048213
1.3192715498610206,0.022744461499692746,0.07953747074273217,183.490551215858,69.0,10.094386768357861,2.134205370530324
0.5018090127915158,0.07760890334167563,0.08490829734282752,375.58017100318347,200.0,2.021066260700287,0.019979567361274812
0.8030399790977386,0.07968226819512939,0.08560729987568004,135.4883688870565,200.0,1.117910783240855,0.028070453264538154
1.5242151043586434,0.059469177205938084,0.09064464910724639,467.38599117453816,69.0,8.747761394055233,2.166241784667344
0.7001517287192238,0.08249723425986923,0.07540062830425429,328.44603167420877,69.0,2.9418336837175714,0.18479368785194653
1.5383015169366463,0.09435443411671196,0.02179692479071506,214.24290587432048,69.0,44.110949200135494,46.26938897910127
1.708757190311264,0.031314536102546,0.04399273391441763,71.29360064845564,69.0,12.060748694813132,7.734169340013716
1.7118220523263343,0.09081603237229675,0.0878806485611464,226.7571118982685,69.0,3.320639679753948,1.0698068728747916
0.5127801980369633,0.04057899214346189,0.06496160922993675,23.355673454888525,69.0,0.41962377358954017,0.016410637486297577
1.7193848130056926,0.07492768179219007,0.03261946981889302,52.09490047676053,69.0,6.74098650165168,5.902722716833747
1.6031603001213055,0.0913391888550932,0.07638551777353592,234.43909407890993,200.0,4.231350784900105,0.47457040155460956
1.371727943472229,0.07791859697334323,0.04542965430793924,474.6850969640427,200.0,24.29432544625582,3.354131842581769
1.4891363222868081,0.07201983229407899,0.03550610569373552,19.91382404076151,200.0,1.9596665688901087,0.4079686592735369
0.544365517955369,0.057527612550637694,0.09210430187822317,389.2865348178506,200.0,2.605403901092524,0.02794184663310348
1.1059231488886994,0.06508527827409179,0.0787141223874013,423.18987962608486,200.0,6.963432832488964,0.360661160526728
0.8636999548630173,0.028742693833145348,0.09210104073254055,262.606751777825,200.0,5.581661445708033,0.15069661331778994
1.3315531273712655,0.055041470446234295,0.09755258255984238,261.68171054195705,200.0,3.991310818787725,0.24180903354774233
1.8805532356535164,0.02259040217971605,0.04840427454023784,274.1666213241257,69.0,58.44670990786479,41.25791414793493
1.6580967649288267,0.08123404140149101,0.020905931828758818,27.79254690402667,69.0,7.787756247280902,9.89514617384794
0.9074905095695166,0.03660363553434061,0.09690376281964527,179.00336628647005,69.0,2.835626561181799,0.23283712522970423
1.0258920753826906,0.07410844520471234,0.054812456315436964,487.7992421477914,200.0,13.48552367093804,0.863118939572439
1.0297126640462908,0.07477194866253772,0.0886508107343191,317.39496589456616,200.0,3.337053859418626,0.13304279427799887
1.4239048060996757,0.08590430562480059,0.08495209169421448,131.107546162883,69.0,1.806744787989318,0.4166240112710447
0.9946792709211016,0.05378722877536164,0.054076277796197905,418.1609681865094,69.0,15.866643373256633,2.804813925351704
0.5406139400032488,0.08306333017981296,0.05207971395540459,23.50104151221213,69.0,0.3383600501691833,0.018346136509676935
0.7547902843979507,0.0653659696289505,0.03872835658536157,488.62303923820133,200.0,22.570524314397634,1.1067357209856443
0.9623376735701603,0.054562437969729385,0.025187345237543318,469.9401019948107,69.0,78.39036520965695,27.84805825267653
1.7508838667765338,0.031392027836917975,0.06650155247537726,297.7050171689436,200.0,22.52743816944413,3.4615726406258505
1.954681984482937,0.09338511443041103,0.08974624241197089,199.1209583200263,200.0,3.1048035823987674,0.44060439256838363
1.1867369508739458,0.033597352430196126,0.04145934740927338,11.287124497556858,69.0,1.3916789300227255,0.45675695652321535
0.5200400654626001,0.03294440953740144,0.09102762397590948,234.83866869681427,200.0,2.684290550972662,0.026583286362992706
0.5588026149118748,0.05785909650738506,0.06729978965813585,64.88461551810506,200.0,0.8301419373141087,0.012839090262280826
0.6930305079466883,0.04348213582319782,0.08432733254730483,154.07850387607726,200.0,2.072039652408523,0.03933807924627897
0.6199149061414816,0.028727005884746408,0.08452508976711233,491.3141346578058,200.0,8.903913731712015,0.13493922351281729
0.6487041953187317,0.043933843310240625,0.06144010240919652,427.51430589129615,200.0,10.033340485967019,0.22906871421097072
0.5175691224327961,0.052004032611321166,0.02181454077129568,322.5260705330344,200.0,40.472055600939996,1.6566266796844091
1.6960259650296523,0.08263853831037131,0.03815605090363713,487.65282698314013,69.0,41.246302962807086,30.04320433551841
1.5188138241487175,0.08944254085206166,0.03107397625564553,114.0905638184485,69.0,12.038371213822815,8.634548525007757
1.9045442720679104,0.05807982906807531,0.07334706954614356,196.59972729507268,69.0,7.190090724279739,3.435527256749698
0.8156303226985463,0.07047923713341038,0.027170479601704232,196.2035321045516,200.0,18.454217352234807,1.506134645079344
1.551859836841982,0.08672121109423446,0.02556560666132607,376.1215648616067,69.0,61.786620023570826,56.23451741062261
1.8439213253496163,0.09163322868259574,0.046658368760740934,331.3065084906012,69.0,18.374330066702186,12.936785777788359
0.5514359638377939,0.08271858838858624,0.03372703450705349,443.47445315791407,69.0,15.593927673421124,1.3583984654632457
1.134198535297109,0.023674789969294122,0.056229455288585736,368.3600883071479,200.0,33.48875585149099,2.553830364677038
1.7470381764758427,0.05435474335206775,0.09496506901624335,39.79207109482478,200.0,0.8509126179009875,0.09116006191328252
1.3036002775781579,0.03184218755748845,0.05903927369840299,379.9424461241051,69.0,26.774945819222065,7.44622462735976
1.4503326034658595,0.07079577561585106,0.030187033861510518,402.4224698657261,69.0,54.28162678203355,36.54494250962391
0.8166863562592321,0.044965604159171585,0.06869880002716394,414.91369957873883,200.0,9.580442964372022,0.310045751185172
0.9673240786165667,0.09676246333473437,0.08327365969326918,457.7453499854772,200.0,3.95935981842128,0.1482996281154716
0.9907867957341472,0.07661717559834626,0.030621205072369435,203.24719744523335,69.0,16.818425359472357,5.209345048723293
1.9824686154288418,0.041737226474659314,0.09975559534224838,363.03964825270117,69.0,10.397130935027706,3.9577516626519937
1.9004564127676344,0.04105510793009741,0.06935345878184392,228.91499544981238,69.0,13.2184325236315,6.651005554551503
1.9241017747586961,0.06700121090449872,0.03523557824917029,32.9130959082366,200.0,4.567752542283446,1.599764261782351
0.7393852968897177,0.053735534390357304,0.06476975437345839,349.1010463105783,200.0,6.870164541334254,0.19329261165641523
1.8311293042535346,0.06384507847627109,0.04616408970829923,412.7575796088438,69.0,33.32954175602702,23.38959717493211
1.6935393476881597,0.06819934928712985,0.08830927572056184,299.80816248371974,200.0,5.727922297236278,0.620097703951567
0.7975581501415349,0.04136369029404386,0.09866904049354558,405.6783764012869,200.0,4.820747443328985,0.10359455631977063
0.7625446518628081,0.08477640482024158,0.044420612936880925,28.32236955269882,200.0,0.7746437588326944,0.03380078476598072
1.5947673244901501,0.05945460670092338,0.09840917903384509,364.13015711225296,200.0,6.05129742829702,0.5212982818176586
1.8568326029078919,0.09063600002169958,0.07418159439545045,262.7168993155836,69.0,5.868389824989118,2.635287173263625
1.4542954212685906,0.06183107758325557,0.0227991921036715,265.9379701671846,69.0,72.2002174435797,64.7118731924954
0.6907965515934527,0.09379761574844811,0.04479914024820829,426.9814385385255,200.0,9.401112491925081,0.3338017714678349
1.3841430744141756,0.09383594077582175,0.04740163117817313,435.23459173201564,200.0,17.143514275760715,2.3096558888207586
1.360905439774984,0.08985768342808484,0.0868875933645759,397.6156993498499,69.0,4.785992013683769,0.9856659446028351
0.51285241668348,0.044849061516528066,0.022013890656375476,368.0821080477692,69.0,52.112438376174616,6.015739926597595
0.7545444927844158,0.061274574058658604,0.05153283553164556,302.5701872588557,200.0,8.418095683198382,0.31001183284360684
1.6511613046551525,0.0470927043886844,0.04825721399448496,486.00442472500794,200.0,43.903875048222815,8.267959832785715
1.4399248643162053,0.025397720414674953,0.023944475728099615,438.6359092207414,200.0,260.2494744016321,75.11781313454992
1.4220603189748524,0.0418352179689409,0.08381828251830656,119.4100061906193,69.0,3.4664938809731316,0.8080669912740834
1.957494694419558,0.02211756665030465,0.09796391465019683,411.930911477603,69.0,22.793269193238846,8.613929754657418
1.7675975591821507,0.09637170275481156,0.04882544662794607,166.55672823482996,200.0,7.688734118581004,1.64003890299599
1.8363757116226629,0.06212012862669092,0.05301514488464744,496.57725793008404,69.0,31.337717764537718,19.259727695346648
1.541638095513973,0.03924364447818106,0.02897432960903882,277.7318523581855,200.0,77.97641232576109,21.320307581402986
1.8593238708444373,0.02597726317407279,0.09810623826135195,484.9098849980601,69.0,21.636185252236185,7.366374730772098
1.9324107597437974,0.029739364484770957,0.02252532805997446,340.3549107541762,200.0,261.52233507504974,144.51578949174424
1.111775496080035,0.09761766929840943,0.029880551563471018,390.24514585963306,200.0,29.867591574547642,4.118362160805198
1.7029895003752902,0.038217863925013265,0.09872331476908798,196.22603331059852,69.0,5.382871070079839,1.527839872491143
1.1434548987568443,0.05905008425136886,0.029404420934716687,467.60771229427036,69.0,62.83565857101673,26.9954933707897
1.2227080055801318,0.08039897774221481,0.08910958723566746,248.80557440254066,200.0,2.8591353931985726,0.15989487595893567
0.6195442484788931,0.048975477860462996,0.04196760919914597,236.3798357641629,200.0,10.18654401582855,0.31055322341086655
1.989945889473641,0.08265309461595748,0.05724214275768329,154.89881281059417,69.0,6.828883807869707,4.564319378359798
0.5661115293037549,0.058416187289513116,0.06346989292546504,85.30694245165212,200.0,1.2313141977353594,0.020724490679360486
1.514032813298054,0.07645764694838585,0.04904499202898206,395.1856193141929,69.0,19.519891786273856,8.814810146569894
0.9139717592688391,0.09603557056640774,0.05649908977072715,323.5984749620632,200.0,5.788625721336824,0.28528459278425544
0.9741915292184993,0.06569953336144473,0.08711891101160729,315.2683632131049,69.0,3.6956329471844223,0.38897773250961953
0.9192138386308173,0.08701353737525985,0.05281157443883598,404.98985082059767,200.0,9.203793998311774,0.49085094087747505
0.7228836163737221,0.0782679807237773,0.045471266484588546,39.06402251018713,69.0,1.0469799463982346,0.11625127555952253
1.6160016443439162,0.07794077761719563,0.02980423267690134,86.34261654632336,69.0,12.091985823745485,10.236769655782973
1.1961371702234702,0.061672264365613544,0.024951563956228568,144.62387875478368,69.0,27.032536801233647,14.976511131323617
1.3331911647309556,0.06771653939641255,0.028432484724329098,186.08690523770397,200.0,27.19162146943792,5.666095503331404
1.6792903569795625,0.08934628840006745,0.05654114217877941,75.78736221108836,69.0,2.673425988818711,1.2882935329436618
0.5357511971631284,0.0320305243703314,0.09788349606187546,208.94933365046572,69.0,2.1886302504348767,0.06200816445050819
1.0897890480929102,0.06473820602993537,0.08711927243385427,311.6135774613794,200.0,4.146874782063461,0.18843878936792982
1.65621137447572,0.03917123692638541,0.07886417802765121,63.75544379527942,200.0,2.6005034751416316,0.30150042486326234
1.6199033177578246,0.054705487208653175,0.04370442741480092,100.27644535848013,69.0,9.327333729898932,5.410905151953418
1.135536085588058,0.07843523538273989,0.04896655723602123,311.8640500805994,69.0,11.298145406728377,2.8745450509314665
1.9624833311365562,0.06215889476921796,0.07740833603956788,455.581581661603,69.0,14.402723962365627,6.9235448314963755
1.0320275218161135,0.05382308017505025,0.04622342259136247,94.78294187972892,69.0,5.1036392286282695,1.1362138421610721
0.8637506572733569,0.05501066923009812,0.04882883171686368,164.1800068739309,69.0,6.48724523181412,0.9576799916189558
0.6996440657265235,0.0603817232063968,0.05931928893332479,212.79953900152958,69.0,4.204377585872342,0.3352121377030398
1.1905702151251274,0.06727954329403328,0.06381568019681157,324.81776760402346,69.0,8.46853332841616,1.817399798472318
0.9184015351752124,0.031193814395233554,0.06773503574843334,186.58530373968154,200.0,7.183995850418878,0.29819245858051535
1.8611378959381801,0.02629198832539303,0.08553499104485707,118.23527256311515,69.0,6.863818646016996,2.6855839980171132
1.7403617027464766,0.06168000678732051,0.09532781080449887,383.36266371240464,69.0,7.141952053073799,2.192481798965275
0.7857545790211474,0.09872132831903521,0.041645694831084545,202.9368111617104,200.0,5.58788922105361,0.27614059845954414
1.8688526426304997,0.07103870373279232,0.060285744999185334,150.4674662439192,200.0,6.534985445815711,1.2619985495380817
1.389175379849792,0.03921086897910078,0.041118278331944265,81.05981304644955,200.0,10.191488408572193,1.5943937883286075
0.5398159147081032,0.07535947566549174,0.046812198661354526,112.54540417213497,69.0,2.2073375573770084,0.1327580094013647
1.5342950962449682,0.06452180546040343,0.0435792218495696,394.4404441063834,200.0,29.633034910402866,5.3357220820757085
1.3699302501975015,0.0241770329320065,0.05599046314733354,231.75462511929987,200.0,25.13315410920046,2.8080742748735794
1.1493555298492677,0.0394685602601902,0.07560991745864713,207.4381165703796,69.0,6.3399435110140026,1.0702249069267236
1.6546027003503845,0.09541148140684402,0.06894255169755588,282.04891178465505,69.0,6.1743900551173745,2.3689386629312343
0.6166216521879142,0.02457668789547542,0.05530016600517296,380.59056830237,200.0,18.73491892882924,0.42937985947732915
1.4097254378097477,0.04574477660601905,0.09005632000253812,226.16509346465904,200.0,5.156338970452275,0.3792932215766194
0.8144070300483699,0.08580793946473647,0.07331768433832081,199.5015404401714,69.0,2.113460156948344,0.18472599015254015
1.7590334710870086,0.033072996368147915,0.026722718081091293,342.6891379140805,69.0,153.14079226275396,171.32396484755125
1.3628608215648979,0.05859301485096574,0.0725635172738379,208.12466750412622,69.0,5.516248450867825,1.3642317637163823
1.725757442352711,0.05748385551250211,0.0734586964837251,354.3578637707245,200.0,11.828801828935589,1.5985852212369545
1.450581348622524,0.033427718701439624,0.031573208390957765,213.09702668872535,69.0,55.657866987547244,35.83865238539919
1.468065434478298,0.07721350502852771,0.059263595485423606,51.67830734183025,200.0,1.6785554183898785,0.20347790613805825
0.6948995562391415,0.07025073658419236,0.09761820339887063,228.1595755235272,200.0,1.4210176812707882,0.023431035672994954
1.2395254796152746,0.02527624302529232,0.09860682818484423,411.4185314770641,69.0,12.449848237648547,1.8742504998280987
0.5676608819072828,0.060246699181112556,0.09192293649728035,264.73305285214184,69.0,1.7711989626343363,0.05999030155319991
0.7630980257088968,0.06305667810561447,0.08303170946295708,168.9958096204792,69.0,1.779870765926856,0.12060485773147164
1.9699307123422602,0.07643862411346714,0.03941968129097122,69.4427369094237,69.0,6.9101894170231395,6.572618061578686
0.694483750712114,0.0903340177148107,0.0893889903507155,458.8434060998283,69.0,2.648856575768665,0.1380887312788447
0.8726630296698548,0.023127685526635633,0.040122232732413346,118.5588607114455,69.0,16.673604132732137,3.0577163721673886
1.6030073245161736,0.06394804277997658,0.07827412371250028,286.79467830552517,69.0,7.040348542372828,2.23309196755932
1.9519674435548706,0.02007968395337575,0.08074867568544418,68.78165305682028,200.0,6.152742499788042,0.9677367110414821
1.9764311665744407,0.08421022044943681,0.05289736237509644,464.2409648582133,69.0,23.36380459689336,16.66988430484881
0.5949826200710652,0.023086181245835915,0.06183482300023058,36.83361926466466,69.0,1.4896408728142054,0.08239799950885562
0.870849340047845,0.0635860101828584,0.09435924859166078,183.0351693480947,69.0,1.689267006890957,0.13117755455873661
0.5063238442457272,0.09108734669806187,0.021140983440805547,279.89522385252263,200.0,20.886549252397465,0.8442615558404704
1.6477475009105733,0.025215412255443673,0.06822476433669476,361.42155206582066,200.0,30.44428628559811,4.038534725788968
1.5072375625797456,0.05437673134708827,0.05153038470777925,306.1664955985481,69.0,19.175679171787667,8.167900489204309
0.6576695712831668,0.0458871499486391,0.08146274310422082,94.46517368017558,200.0,1.2241132019706729,0.021664905261772435
1.8461913944011856,0.04353518410047452,0.023081063542838384,233.15400624592334,200.0,111.3573369160049,54.81446877111883
0.9288772803280076,0.0930830798816914,0.09883683557788663,388.87051212248707,69.0,2.3834508122547042,0.20103130531887112
1.63930096635193,0.040423741462324664,0.036369814606558845,308.4069536278698,200.0,56.73034498985606,13.972382702288904
1.9918094152042682,0.023195233954568916,0.09848830112555293,357.86883102984945,200.0,19.00880678852421,2.552375207190244
1.3113898574568827,0.0327114893929062,0.04544478784897564,177.53767862769348,200.0,20.67783800483956,2.608335392959206
1.2465794127545546,0.09090217043095199,0.09125363695367457,74.41579371823364,69.0,0.7352951496707893,0.12097930058860178
1.2963349195259966,0.05065764412523773,0.060348623821967304,292.6173528843239,200.0,12.336410626584456,1.1450768396845123
1.236548124753758,0.053013140966680375,0.040481132609582915,223.7148319625673,200.0,19.105931012297095,2.4055608211277173
0.9866050457566631,0.04612287946652239,0.06096529577464327,237.4665353668764,200.0,8.200025740537836,0.4364132625462215
1.6010719314182214,0.02433690819038839,0.02314500771771409,59.637094340014436,69.0,43.94389073175978,47.02431893157494
1.0821777674096322,0.09692118903442852,0.059566331873814396,41.841718035740314,200.0,0.7900215157235372,0.05177427455883454
0.6141454507297448,0.07469718203950644,0.03275305855860941,153.27798572984523,200.0,7.048461509517532,0.27056006489226464
1.0411135420110191,0.06662502381012785,0.08115150521709033,375.10724523036026,200.0,5.340405838490298,0.23776756965114065
0.75099357806674,0.0903455010098116,0.08688886424455952,110.32314184959618,69.0,0.7288183918583749,0.045707482313649565
0.543175907681977,0.06935140796761849,0.0666264161987208,34.34253804766294,69.0,0.363559877044101,0.015555004539913061
1.3859502060609001,0.04597966321234556,0.03880947778264499,187.407618079499,200.0,22.50322356799075,3.71262372782336
0.976800172875487,0.037662736737860206,0.035636680639273485,437.5548451418699,69.0,53.614604993278235,13.86937757382658
1.8935714758794226,0.07617969702531588,0.021871295562272887,307.7187727925199,69.0,95.93977262372083,151.96627960384782
1.2529104099886288,0.023941632802545937,0.04812560852420274,455.6638432965573,200.0,61.77455182797843,6.716641212245732
1.3495477797376358,0.060754978871110005,0.021044962299764353,140.83633926682293,69.0,42.38147477885123,35.43758299007528
1.592532968222498,0.035925398200540415,0.025317877014011555,81.49080005776581,200.0,33.8136537682903,11.290688462998533
0.6457973333770557,0.07330705747972904,0.028557517918216313,241.16160145755623,69.0,15.630359019821745,2.2054673898153636
0.6342513572779647,0.06628426355703136,0.02258206036447117,189.5856451660532,200.0,21.34423250264714,1.2674141015075777
1.7440892407514916,0.047492985223039075,0.026095897381356137,359.4587021964863,69.0,116.30409735048279,130.98447846752126
1.3930222427867376,0.03679134445157621,0.06341367738310132,213.14779992491574,200.0,12.0414453689048,1.2282606205276736
0.8991422771942583,0.06371483517770268,0.04132635559271643,207.8476675356205,69.0,10.304574027626103,1.9476881518374218
1.8335080169230726,0.03728351262469688,0.0728041760623333,73.55364734374163,200.0,4.094575392856916,0.6302269237737095
1.1400349553215112,0.04221209187932569,0.030824862170272534,367.8188942229556,200.0,62.728411670635246,8.816134929304706
1.0466336056747534,0.06997365836703821,0.03238984051277638,149.09433702606378,69.0,12.754248495508447,4.1676867102605915
1.7982455519814577,0.0732545313562433,0.021648014644506306,58.71025070491526,200.0,18.452003980421505,9.187602586001177
0.9959276503668518,0.028959463847086406,0.06126247265063524,477.80484947036894,69.0,26.269392731669896,4.109327381674882
1.797781266622141,0.08924394407282112,0.056444864371661935,380.0141162027634,69.0,14.416512319719173,7.975705787718829
1.8014553612251916,0.032658866809730486,0.0601662007159276,408.40501524767984,200.0,37.33872930149499,6.713248158214261
0.6094585484762824,0.05052081462255971,0.09828646061104111,405.33868819567033,69.0,3.0370765905619246,0.11089450954914387
0.5282343266108045,0.022525639559837742,0.04219506759362554,28.660099169857187,69.0,2.2649314101557994,0.1447125704047664
1.4782701148780915,0.05913487973938364,0.03441082041531228,46.6670327799822,69.0,5.91127908039349,3.627051156520665
1.3582143190046985,0.0883683823842393,0.04974426696874773,240.98724177442446,200.0,8.981122704207623,1.1102044127065456
0.5503259026528333,0.026962415806400016,0.06697840254470931,276.9453584846212,200.0,7.560263343644104,0.1139516957866376
1.6936133017665445,0.07221025051071789,0.04855089568620337,277.99611831718244,69.0,16.596285372769717,9.473311321667987
0.9952587283565668,0.07991038502471887,0.04294885622491111,494.09700282622396,200.0,20.016725638875815,1.5388354028053006
1.5903295395251429,0.08439928212387966,0.02317577448064079,331.02426744571244,200.0,69.67724079035055,25.346014854632088
1.8157528618877823,0.04329036668196858,0.07469721824719304,327.0426324030851,69.0,14.750686585856563,6.290438656666568
1.3015537686361762,0.0290265436461268,0.035509922158513604,485.616025068466,200.0,103.61237020085454,16.476496164419338
1.150465229903037,0.025207441758682433,0.029871553151693257,103.09592994989286,69.0,31.638937309182225,13.544741764776951
1.4296843308035423,0.03143198160800823,0.06295554682994503,70.84639145330613,200.0,4.878309827344307,0.527951999371346
0.6262253278768848,0.07012977515031568,0.057379058741973216,88.44994615021162,69.0,1.439362441688058,0.09504683380768403
0.7156899585105396,0.021474967407859983,0.08764597620325841,109.75301968934961,69.0,2.8569074645045736,0.1613146050475118
0.6371647716711805,0.05420075285250203,0.08011087094530574,438.78304923375504,69.0,4.822415457212824,0.23612193391572628
1.1058213433735815,0.09547004489585266,0.024393352223989452,368.7428710045441,69.0,43.067508766289386,20.859690008359244
1.4337983058750126,0.05221720839896907,0.0605261317983634,467.61666746885294,200.0,21.029541656207844,2.380903311819073
1.494200286595049,0.08390070524118591,0.04222254385758237,247.97483997294677,200.0,14.863232867308753,2.6197826561100763
1.9599270828781132,0.06895787215431601,0.03155747583148363,316.5746938942132,69.0,54.20994812414159,63.7552880047252
0.9599414397697805,0.08065890932090936,0.07981120022585185,153.25305290902458,69.0,1.7180076617785096,0.19165068900918084
1.2513613987448922,0.04293400313832142,0.03793543693246082,124.18138363753658,69.0,15.090336841593247,6.018371631551143
1.0787529483587446,0.021987195352169843,0.07928334023034785,371.8826012773159,200.0,17.41587879280333,0.8520914183077134
0.7629745577401434,0.08686892635550325,0.03903861681391303,169.4609158388429,200.0,5.859729366060255,0.29126077067257256
1.8025951707691967,0.06584131480723307,0.04055898097213605,149.037187715422,69.0,14.882350746207997,11.519683773274998
1.4379336216406366,0.08693313969708268,0.09643473224009752,491.38880609029616,200.0,5.2440041282260275,0.37478825113293845
1.238375703480144,0.059072881280407816,0.03173614385438568,162.74133930284037,200.0,20.323808430670734,3.2736672017319868
1.7309799306169007,0.06803254262506932,0.07503966002816455,443.49997285787555,200.0,12.023709158966698,1.600333200728923
1.8566874111414846,0.04915553514410183,0.04975578596275566,37.9754842581404,200.0,3.4764321165141268,0.8028723348276182
1.0501485640146142,0.023121639556313706,0.08174934123440512,97.84219436462949,200.0,3.9897072284192214,0.1794060138585604
1.1559912772126917,0.06308460357389764,0.02292817546684824,403.2194153725336,69.0,84.33053807860573,47.488028399628945
1.0434063216326968,0.09958951310534644,0.05650045425269644,172.84785801457397,69.0,3.403699634007063,0.6336739676159877
1.4036511437584398,0.08108782370638776,0.09991882244963891,373.5534614180831,69.0,3.8860907675573477,0.7403612005405636
1.6336646914892572,0.042617359659966145,0.04242268705123269,424.3446574108167,200.0,54.23130129851652,11.37251302913831
0.7512540219426166,0.09379763634769239,0.040884271793782664,461.5663698244452,69.0,13.2699042928166,1.769883963280588
1.7259850041564477,0.08496672963874456,0.09200658682892299,443.3232476239151,200.0,6.382958664875407,0.6888995381130553
1.707073199975633,0.05279820367011691,0.07151905467868785,152.6123746909776,200.0,5.788025914906164,0.7861252308163029
1.969638921708794,0.09843465558030572,0.052519591405178076,98.90990144845765,69.0,4.3051365785248645,3.072546616626756
1.9401902774505366,0.034117449233258046,0.043662751456768074,300.138548449934,69.0,53.71784708661507,44.746162649340484
1.7704329338342368,0.07496584309793573,0.03674545572552134,46.061032172863776,69.0,4.833855796369006,3.983902142660133
1.0643941271841268,0.025584571193882903,0.07473988799496732,333.2816927915495,200.0,14.892998669036015,0.7525119354918506
1.8575797666252556,0.07254450748476045,0.05609855867754676,424.7877892421587,69.0,20.73780581771536,12.324397421384502
1.6919650742604408,0.08272455716883542,0.05198885047399954,92.94878977393543,69.0,4.2201851326771775,2.2452449415204296
0.9746697417404799,0.059218056089287374,0.027859593168637096,450.5213586533296,200.0,57.32188083821087,6.515374362715339
0.5189211865285743,0.06536441699503208,0.025289143893787065,76.31000434210951,200.0,5.683612805476171,0.20173065874336743
0.7343951214888061,0.05200283370529951,0.05259622767068112,360.43420855751526,200.0,11.04004474684469,0.37735885786240236
1.6032392760853869,0.04790375421184339,0.08277907853286437,459.89448469858536,200.0,13.477119202082658,1.3949283940366382
1.4359886721780848,0.039705340354284885,0.08578905718063994,384.2705385207996,69.0,11.329914702415534,2.6312155281514893
1.9343425276275457,0.0825301034753534,0.0628845924979834,21.77408149557906,69.0,0.7743255381231446,0.44514934893728186
0.9637518019422979,0.09889734255189447,0.03954239974415228,341.9127121667796,69.0,12.785597698059375,2.901670331735461
1.4860221205063857,0.0870383390892118,0.03658819316191103,249.79230133225144,69.0,19.114504851225206,11.146340040174396
0.6191732246279287,0.0535400259364328,0.07090519006454989,120.33022003488598,200.0,1.6607470915684297,0.02993150507460262
0.9166202408847661,0.028977015815645685,0.04264072899666685,482.75838558390484,200.0,50.39269907993575,3.309791458630923
0.534922878949542,0.07156581166428108,0.04398412998496136,214.41829056484966,200.0,4.970575099813771,0.10778832566068512
0.7164768933209018,0.0251027124023042,0.06913119184612461,474.426842266507,69.0,17.00019694747429,1.219674477877065
1.3407621934392697,0.05243367512939699,0.047206608871555505,209.7266760309654,200.0,14.439121580554035,1.8328217313053665
1.460878665497087,0.05665365007369365,0.0822995550022016,65.66556509675189,69.0,1.4999618502709773,0.3758120231697072
1.7371316965318124,0.04956632184263883,0.0838351223198913,250.60421842621375,200.0,7.497796952417284,0.8996050971750869
1.4104290838005398,0.026008049456242806,0.08347766473231566,303.7256932550387,200.0,14.181940934449393,1.1265400492961872
1.6498443763909978,0.07205053779716476,0.08782457050093284,16.748658287013715,69.0,0.298335515464609,0.08933765207262925
1.5615968959430158,0.05118742320895085,0.025015317200859366,44.22587723307576,200.0,12.936635670066213,4.203702302494024
1.3534388289448351,0.043860626091649466,0.022620491861849067,308.1268831370154,69.0,111.49119188595945,87.23191931882069
1.4414070565512165,0.057657131090432676,0.08874067964954326,497.212546124649,200.0,9.470686107874636,0.7391128029454017
0.859855335556862,0.06206042083877632,0.09947491267364944,73.10948949933697,69.0,0.6141982049649861,0.044106785488767425
0.8648936699600469,0.04239477427654098,0.07489547290957412,132.7477355972759,69.0,2.8967941088158287,0.27954205184930847
0.70394770878804,0.08416489735955317,0.07100247277593971,261.4595643992245,200.0,2.60266479303232,0.06054862818572787
1.8296458266054152,0.08850989749179003,0.08229515056603273,14.28732395050861,200.0,0.2616548840700143,0.035478676101511994
1.457985385955149,0.04968139731477982,0.09954974066312935,150.98794070852958,69.0,2.6827031246523223,0.5534755927750342
0.5933219100141517,0.07876966503002712,0.027613868029062686,84.62530521148092,200.0,5.015663545551304,0.21313789319189105
0.7716082983184778,0.06967238654153585,0.030970063589604795,344.6484208270658,69.0,23.876988583713345,4.43497201964051
1.5597643407982094,0.02901604287650874,0.07209484258948318,121.63845411642846,200.0,7.548046198350499,0.849037889364716
0.7752983551652769,0.041989974357671135,0.08052316324260723,244.27197624326647,200.0,4.173558402191687,0.1038489568302374
0.9938835614111957,0.06714672526155148,0.04666967129078744,346.06599368513895,200.0,14.110791087688249,0.9955575733445584
1.687730219499484,0.0815418102253803,0.09998205522365963,466.51142563069016,69.0,5.795515793192592,1.5952756541690947
1.395898455586108,0.037507134115361676,0.04612272045601452,96.26300839980162,69.0,10.10463882866427,4.124517811630387
1.299065390409044,0.05617197208118589,0.054314082730891056,433.93510561587027,69.0,20.410915222716064,6.127336120219111
1.0479857314094987,0.06105606453336328,0.0864056418068945,423.574712720949,200.0,5.8428351927903135,0.24755461136984286
1.8156231387995767,0.04917864173267952,0.022054633523988957,424.88387486438154,69.0,193.495552575979,279.4359059077553
1.000719561550648,0.047503548925572146,0.02007981382905963,363.89729485090083,200.0,114.0767254996452,18.96447778990757
1.6805411365272926,0.05673843804677334,0.03428682874357989,51.4171307067371,69.0,7.772777271377272,6.1859563405125275
1.6618224207828955,0.03262010921825756,0.021339850393578167,417.46194921113266,69.0,280.2106318275792,350.3661308924362
0.5700407845262622,0.03291859550465229,0.07284975763193456,127.54873258112089,69.0,2.4970992664892253,0.10761658446351452
0.8379764340644145,0.032407069773913555,0.07202640150639761,472.96409179463785,69.0,14.144513872786096,1.332353813438016
1.3559648764312338,0.0747146300736391,0.03674812577115191,390.4555205262639,69.0,31.484385359688897,15.220066704297338
1.3789629986550707,0.060068862377214496,0.07383556140223929,206.88036376164297,200.0,5.226880423968703,0.4487050473189768
1.0228488414824386,0.06283302913290101,0.023917664864630536,51.037712164534426,200.0,8.714216721404979,1.2706069918463359
0.7707793339604412,0.024601307286230067,0.051085371465672644,212.43980434403588,200.0,15.30262402342533,0.5932096692874691
0.6543288360361073,0.09558102118197362,0.0976979114415464,130.8663430726647,200.0,0.5631616226399713,0.008226566962619211
1.648987593638882,0.027645709249753292,0.0825487557086953,305.9347885871738,200.0,16.067514633562794,1.7642157480218787
1.4266082966311044,0.07224572345571409,0.09861557782932581,18.37846971060597,69.0,0.22390415389291718,0.044646330303624124
0.7358823904212901,0.09782415273896201,0.033572650225847135,14.014757771070315,69.0,0.5612132421753643,0.08746186930230454
0.6418641820671993,0.061954973653375295,0.06652921091980232,299.08351054045295,200.0,4.2003544468598175,0.0867038925725109
1.6156486474556464,0.08768837301211775,0.03235509622085519,367.7726867967127,69.0,38.83740829017741,30.273388759766075
1.7420974736807928,0.02039631253055342,0.02165705048357615,342.7137116110213,200.0,374.4595456328978,174.91588199420178
1.6637246247612336,0.06104881156542552,0.08629922610312632,140.6467964669955,200.0,3.0879589855209697,0.33014616495840393
1.3809562771481434,0.02269469550756357,0.06387646755746043,437.1630009810583,200.0,39.117260743452235,3.8928363420409395
1.6958652980352174,0.09985863673892865,0.021285389744047745,171.25304326565313,200.0,38.51519096612926,17.34650161902303
1.5960224685711566,0.07323670521373556,0.06151187643079235,97.80322781667137,69.0,3.379844273764718,1.3523072219222958
1.3652129592896456,0.031871035200659065,0.081876726451644,338.15725770170945,69.0,12.964424838216479,2.851367782006209
1.9524673429773776,0.08285249386966258,0.020221903994087846,378.23055092946345,200.0,130.78018899610004,82.1800155135631
1.006710621157339,0.09163006848177273,0.028161242240235328,339.54156534286477,200.0,28.223262794190454,3.385660897737862
0.5118502659419752,0.038049730094463,0.05606325974763453,393.5955843008204,69.0,10.107322636264607,0.4563555115192847
1.5019181276737885,0.03120383901631338,0.08801217001079853,304.9194656363228,200.0,11.368133704592058,0.9712202018408069
1.720178223247554,0.07293569648795441,0.08847106952141999,301.0840893010616,200.0,5.443394526324847,0.606867906326892
0.5286627354261717,0.04238825847495152,0.066255086620513,294.2095422727469,200.0,5.015366530344802,0.07052118382798202
0.5065265190854905,0.05261566405524572,0.07545964859707936,142.93363934549075,69.0,1.4499174510923634,0.047631309794444195
1.4795715245222014,0.04079062267900503,0.03665611908138111,237.54122730896,200.0,38.474493426925434,7.659088747060338
0.7632135471152817,0.0712595748666761,0.0667338851873528,247.8937010713437,69.0,3.577064455455078,0.30167001664960075
0.5196830825911232,0.07536773399846737,0.04215128088846902,19.408204784128436,200.0,0.45192689189038787,0.009651911080358747
1.6497378159093588,0.07998001832673923,0.038098998720189514,461.94979081756514,69.0,39.38694813542314,27.184933714947984
0.8972333041921208,0.05703005862685878,0.04403960724801543,191.04922932149535,69.0,9.298464422383399,1.6422460202329552
0.8702482975650538,0.06766507095692348,0.046246476861230304,349.7610191374508,69.0,12.619553550195226,1.996693263932898
0.7349978799946255,0.020953378476055544,0.09069544872678056,311.2871234938479,69.0,7.964773826056949,0.45837379041318616
1.783213801069374,0.04593433458199513,0.07983177326288259,203.15213336790805,200.0,7.424839544201701,0.9858182985846558
1.40805161072497,0.06707817725139001,0.09850871526491857,37.18994349098713,69.0,0.48268608557797243,0.09386137718370999
1.088600285719688,0.09610164308045659,0.048863274994439015,252.30585974612492,69.0,7.18209383854244,1.6829260839853355
0.71270002221999,0.041183905930508455,0.06052117759335961,328.2526314652677,200.0,9.305162597291165,0.2603208097833954
0.5226676123315199,0.05099504709885757,0.02668629834728047,136.27525108414176,200.0,11.767634188662266,0.4015417860522552
1.0423983414718527,0.04737796553130054,0.09598271859559818,414.392807071593,200.0,5.937924476794935,0.22407210375640801
1.3130006431328036,0.05206013521835151,0.09159668747650226,62.13867211452141,200.0,1.1207618247009565,0.0703140615021835
0.8400164528054682,0.06441834044361802,0.07090502406956013,237.07942209482744,200.0,3.6895156159826312,0.12239020834052473
0.8735043627289762,0.0870591910535325,0.02848354226160315,319.9954545892604,69.0,23.74419853457624,6.14544482766477
1.5733118050022668,0.09738622119442449,0.0222597142681476,51.13744863928654,69.0,10.003878831169068,10.748258190730557
1.7005203371756048,0.05869913038727295,0.0575188465294809,353.3199398905981,69.0,18.563045308548844,9.017006174781162
0.7691048107493506,0.04191953530071034,0.0853022091047442,494.39759457853205,69.0,7.479561042364817,0.5011255413944244
1.7673479869836646,0.07280164776107462,0.027150763680512054,60.6706231379682,200.0,11.987992624567967,4.597135469383084
1.9179033409076105,0.0769106002301612,0.06623154944463513,147.63575340996928,200.0,5.0356261434447775,0.9322249904704071
1.5542113280143894,0.0793897639984894,0.023201394983597867,423.313258486197,69.0,92.36990253095574,92.91721366218809
1.281587841016183,0.0884949354017761,0.05364324077829838,52.58091744230573,69.0,1.5877398944146868,0.4697002129072036
1.9399284766060916,0.058071998529433566,0.05974804470075966,37.01387087261166,200.0,2.0781998408429376,0.43632871156220593
1.5915257851967803,0.04243652904571994,0.09119302497939269,330.7676396595226,69.0,8.950037289973837,2.4018740581932945
1.0174195029971256,0.05075869488397053,0.06573727947956255,93.8186483317782,200.0,2.610998243361637,0.13704831956984168
0.5002366578089901,0.02057996695701508,0.06108725654686584,327.4231531316435,69.0,12.796471547177054,0.5064659962543384
0.8532210900804628,0.09751405909015795,0.06495813651955339,265.7655178815719,200.0,3.306565381272277,0.123522327372008
1.6401570848965634,0.09778528266110839,0.04207492914974999,308.2029526459342,69.0,17.520770766149017,10.823316363939425
1.6328469629104123,0.03461992826640006,0.04230032219411127,452.9659437385073,200.0,71.63887705570909,15.051327484504455
1.6137699965536887,0.05748501076901713,0.022639287049395503,162.81838401342165,69.0,53.50769193537647,59.46978873023309
0.8525446683607031,0.049839841984222935,0.08571637406536994,372.5321343312805,200.0,5.203887439184839,0.14708796299037297
1.0077545057059671,0.09157159861582505,0.05287666053800606,467.7380619452621,69.0,11.046377390881396,2.0498637936767197
0.7808422117827946,0.08788635368607509,0.08364292446187263,104.32430178960611,200.0,0.7949140183326177,0.019315068740390087
1.6600672485746661,0.0471632955200007,0.09603187460981742,134.53927674521535,69.0,3.0809954964439314,0.8542533094463134
0.7585032695616691,0.06823823506554748,0.07314283662603213,377.1097484844293,69.0,4.701160548823217,0.35727929470217484
1.308206149140375,0.06386916433169282,0.042566453726158,29.746373591021925,69.0,2.0176010293033078,0.7837541318217661
1.7090520043524724,0.05945903165472041,0.09996143121310512,401.2020207362647,200.0,6.924475403246586,0.6744406100793181
1.1001382763027459,0.04426334141617105,0.044216070636557775,431.2612653049179,69.0,32.895348514087786,8.699785539339581
1.6058872536802125,0.08160154224094578,0.02701172335500366,48.950778445427524,200.0,7.921783166709988,2.5210386562014304
1.675017646894977,0.09803813994052465,0.049668476823220405,182.8414979857642,69.0,7.597814071404171,4.14673463115393
0.7971975300443296,0.0807906029071987,0.04523763801220261,156.9040838234932,69.0,4.539319492568616,0.6161442061181492
1.177623807186908,0.02921047209998602,0.043737172873547676,79.81807598288383,200.0,10.09297253775251,1.0667441832391917
0.7700868145764481,0.07567926427656195,0.08595753428134656,372.35995859781264,200.0,3.0768697462788355,0.07075926003909043
1.138611172414792,0.05200287257504645,0.024618168002246962,465.02726684680835,69.0,100.80134183602699,51.28863186059117
1.8235164468716223,0.051626871761986076,0.07312649003352802,224.9788266628414,69.0,8.916148952907813,3.9172528606995165
0.7520562851322796,0.09688348079898029,0.09630936925556463,190.58295393376866,200.0,0.9569711355910906,0.01873310362913802
1.186142221683844,0.03520598547175316,0.059068962083105414,244.4950157104702,69.0,14.165204234167948,3.259842979622645
0.8830410505685728,0.05621008662713918,0.09367892758608885,149.4643237524999,200.0,1.6053569402665422,0.04454205313121056
1.9980470779323172,0.023033612384892807,0.02818573947991599,410.3176978115365,200.0,268.81673105323125,126.9161943535363
1.1146086531054453,0.09301234537555803,0.0312440134149716,446.9818966623271,69.0,32.922239346009555,12.648150457880817
0.7170545468936029,0.03443531679921916,0.06228033547521554,438.1916528813334,69.0,14.114372520522428,1.1258348048705709
1.8168150295103984,0.05543093151196549,0.076061300271707,272.4591236858722,200.0,9.261549494272485,1.3397386288898134
1.1176091543015907,0.06197892227335758,0.06378123987765391,450.54292939897255,69.0,11.982500178415961,2.267221950872522
0.5793051674523269,0.08800209746422581,0.04154133733318175,285.1982919832909,69.0,6.527570973527501,0.5095016374488018
1.2106103056504978,0.08677527823944624,0.04263560619903213,201.45316436582644,200.0,9.276599587563124,1.0629280001273633
1.843094453969646,0.07161231716646733,0.025985329371139232,129.55896046599497,200.0,29.629349645047366,12.911236098467352
0.825991196773689,0.05850559272030695,0.09021893865331324,123.08877140404297,200.0,1.281009336386899,0.032291198481859226
1.726143594346015,0.0767194024076943,0.0762332068071146,368.5956110473981,69.0,8.562187647547495,3.2333598750530936
1.8038689398347536,0.02883703041574239,0.03278483327875905,177.63643574811854,69.0,62.02857257196983,59.48239123799993
0.6326221263736183,0.06292012410106128,0.08081890877260375,120.55794832277132,69.0,1.1134633877837,0.053273516463661796
1.0919309326155506,0.038505344697073604,0.02002682932710042,55.57852591016977,69.0,23.578058150597844,13.562689710963273
0.758784081261241,0.04523224917996195,0.031224603946099796,491.9402425854313,200.0,50.78550225671087,3.1214614871814885
1.0426358034736645,0.04107691816516719,0.035593813985929326,410.21731241782953,69.0,49.311812289668985,14.55128530978961
1.8853848292756623,0.06743539939296656,0.034605926759518735,284.3702135490759,200.0,39.833315865938,13.638755299454111
1.8114508598493295,0.04953539817465093,0.09752821216562005,319.70734554543986,69.0,7.3748677699363805,2.3973792356812296
0.9715515417355793,0.04495374762522861,0.08585155271796424,359.413949682599,69.0,6.323387744078756,0.6717273009889658
1.7621802701601446,0.09963472524268825,0.0872317531674459,398.2984407558004,69.0,5.554567665814275,1.9104513373802134
1.2609564201359078,0.08281874365942811,0.08989648298402618,430.3930865152123,200.0,4.865221011913599,0.28683937807884896
0.9043771175666917,0.07284283055809175,0.06881051505809838,475.20137692918735,200.0,7.476220046206279,0.2962137012403234
1.732766110261958,0.07211297850276839,0.04948669137565313,259.77503763354014,69.0,15.293199070540526,8.964982875458519
1.2125775603753826,0.059601403603690206,0.06393747640512239,330.9645927481191,69.0,9.882682498615939,2.1958266744092705
0.7566943733670051,0.07576674927354779,0.09700836955876714,153.0365425420087,200.0,0.9744730553974246,0.01917257231021661
0.8890638238713597,0.09332278229946238,0.060713075741572406,149.41043680765904,69.0,2.3169303410659334,0.29144477273096786
1.9705285431366144,0.08436131377925925,0.08154555090195163,274.6621275431544,200.0,5.788804510526685,0.9188250307968829
1.2335966302650672,0.08571311924845178,0.06289656981049706,75.36769890167194,69.0,1.6451612000912241,0.38458070959562835
0.9635710160422994,0.054529121639089795,0.0367582828143089,243.38284495552662,69.0,19.0979173720029,4.660772464253355
1.5470441848999144,0.0636086744977756,0.09241600693307614,67.48185449277209,200.0,1.1530024546966298,0.0995330271664454
1.3903110127122165,0.026830240796424702,0.0622574329039888,360.621517886732,69.0,28.927297458034126,8.677612008103438
1.0537118264736869,0.0872623755923058,0.06901956021397702,66.43698010822493,69.0,1.0104424448392941,0.15705174000633426
0.8233984707489155,0.04335441320012455,0.09315327566068506,499.23934587282895,200.0,6.556024037864481,0.15905277972332973
1.2900354046479565,0.07405693347606743,0.04043677902947119,139.74092355108527,69.0,8.932183871416038,3.5517632481975747
1.2818970497382636,0.08823537301041164,0.09716085342862991,149.6846680055122,200.0,1.3821537269418174,0.07792020197922905
1.1757453171817083,0.09883344659350554,0.06831501308724482,273.8111945426059,69.0,4.187737544562667,0.8187465166756691
0.689443064728275,0.09623130643052294,0.09937509053358468,498.76139868592253,69.0,2.171056048289536,0.10033442424169314
1.3109386552119011,0.07500272428965267,0.07465469744768742,346.96769658727584,200.0,6.528769636140782,0.5009768868874924
1.6883456701395827,0.0862747469577401,0.04798360497969624,135.96774102703202,69.0,6.933923733558695,3.9798671411754234
0.7207368229464495,0.07554816238619157,0.03542158325371143,367.65139577499747,69.0,16.772752444412614,2.3765635954067577
1.4848749675772301,0.06386331679301957,0.0533548940789601,151.72978448801376,200.0,7.435530901076617,1.0242270413187762
1.43445188682446,0.06252219698955057,0.05177698142791963,234.04182712061595,200.0,12.017746270674028,1.5919778479791222
1.701425770986926,0.08139895676617398,0.07397264007256336,160.53534737154823,69.0,3.679373300087877,1.391196246087785
1.1432704360672676,0.04619970925437246,0.07939691596528826,408.74896247406184,69.0,9.627430180239209,1.531314309866343
0.9269643028763442,0.022689360897371832,0.07066154837187703,435.3685702503491,69.0,21.3738507021165,2.5112230663364166
1.3534744398061913,0.06197811095702803,0.09198150963698638,424.13584199101206,69.0,6.568510251601354,1.263939005016928
0.8449756760710021,0.04322200227367071,0.04068838424288104,156.30251653658817,200.0,11.074284029557436,0.6477573859976131
0.7729565641931468,0.05531876274754424,0.02565198473020252,389.70191699005846,200.0,49.650597432010045,3.8547163911812095
1.1049138666015996,0.07597780794075523,0.07499137590010715,180.3000131970404,69.0,2.7974738122960656,0.4400187733438888
0.8367744831636932,0.07969393978195212,0.09915683646018883,141.33678265348505,200.0,0.9056163557440715,0.021316563721904092
0.5125122466454577,0.06480633705639777,0.09967558025144142,442.9559767114162,69.0,2.115539036375354,0.05386422505335524
1.6083372829985494,0.06904286920146396,0.09237756604305537,364.8203183783508,69.0,5.9752425117513335,1.6166013240074808
1.5641356745398198,0.0866920665712098,0.07145371068848812,180.7520198757224,200.0,3.832480031873245,0.4374039510939804
1.2229991915204654,0.03906233340665177,0.04732026233516455,108.89995452241023,69.0,9.13592759450599,2.7900853930696154
1.7386109664531744,0.048442063740270505,0.08436896987957658,389.9200780888713,69.0,11.796173022183556,4.083408862135598
0.5915939897161384,0.09214520674656321,0.0930820051608628,424.09613009514305,200.0,1.8855371943268473,0.023631735934435523
1.6889211753038407,0.06841182254952864,0.06084132510911551,179.42241632713345,69.0,7.179742078680598,3.252284959270822
1.9979361208456807,0.09118087620894677,0.08742577531325275,87.93959070707344,200.0,1.5126363853951221,0.23021678936033854
1.5970775914874737,0.052015079365320724,0.03608638880715308,439.64909287336485,200.0,62.196698804730694,14.653949411832642
0.8009150607104563,0.05166202777853701,0.028899496973804003,339.7659253037338,200.0,37.841253763505655,2.7997992938285496
1.3444820356469478,0.020972010409845004,0.04432332520030756,127.73383495823202,200.0,25.00964182555272,3.3998823623150005
0.9283563348447814,0.045862309755382,0.07509194611215214,328.0449697019953,69.0,7.0657244273431195,0.7835241668217313
0.9140386353729656,0.04269176790862077,0.09953152553235887,451.18251005518414,69.0,5.850629527930158,0.47449396687856527
1.3691688896585816,0.09219521336713088,0.0825995768453655,342.5920004897504,69.0,4.474262625254186,0.9811091928734568
1.228823093461361,0.03883086668395411,0.022874480602395213,229.98144567652207,200.0,83.4552855644426,18.36369539200314
1.2726736699307089,0.027126288138343523,0.08767282956322343,343.73165624366214,69.0,12.58830982186811,2.2469642799614307
1.0767111144136947,0.06577320216543496,0.04994677459791111,258.0043426443773,200.0,10.158125642772209,0.7859289193695687
1.0051721282091977,0.09243329530572197,0.08797366286094895,33.92566634209413,69.0,0.28601333982238664,0.031737604260799135
1.8525667702112014,0.07976877932845834,0.06482503164973473,482.95507533446704,69.0,16.014501826739256,8.191776327926968
1.6770939271167071,0.020112038747876877,0.06537712696772452,419.608730530315,69.0,49.118533585344444,20.41709662645546
1.7051948458581216,0.02040043606529945,0.05409876558333991,310.48744656331434,69.0,53.205330536972774,27.629655043202085
0.6188527903795411,0.06557549956912173,0.08499589383553463,121.08807942531107,69.0,0.9490792888919541,0.041317963532681086
1.9642447575828401,0.06439965005841368,0.05184750599323738,483.47223128192,69.0,32.91388441618002,23.664761117335534
0.8357457956877785,0.07422917761034584,0.022206574396993837,121.18167714807181,200.0,16.600632005712807,1.740484658815973
1.3352059207116884,0.052252109197752,0.09476024288896026,318.04984321962155,200.0,5.430483887226293,0.3405552724835747
0.8419311108964143,0.08096489144995304,0.027125889487802868,83.7419902227898,200.0,7.100785148755925,0.618520708958561
1.4713924769150657,0.05005885675206413,0.08051657551963237,437.6796832523109,200.0,11.906514664238955,1.0671738221124754
0.8175571087396662,0.08079465452247643,0.07787988273026966,129.9852653874493,200.0,1.3011586962623118,0.03722373290444969
0.5308076032924647,0.047526345009732435,0.02973506829269852,363.76608862085857,200.0,27.57009730428501,0.8708079274836956
0.726638600451388,0.09308770268123803,0.05578031778775562,222.3083847529867,200.0,3.3463493446511676,0.10558591017917726
1.1101683714157964,0.03042456628852305,0.049829962562610526,157.94304664736143,69.0,13.926279074354277,3.3279890110159775
0.6026884246294208,0.08706253301179144,0.08553705928077217,422.98805625951536,69.0,2.401221792409531,0.09851975242037725
1.3990477744721104,0.06125080245062557,0.09895712248956332,445.0631000767782,69.0,6.228729699761841,1.1903568258663464
1.0716923974127002,0.049877632636102676,0.04155881482707893,342.14500663426236,69.0,25.538739982829824,6.819244505947902
0.9819221381013195,0.0996954864398133,0.06615372293515502,65.5854633469855,200.0,0.8856289738687376,0.04302594074407396
0.8891878834405351,0.09456773700905702,0.07104969408760796,19.906917300265924,69.0,0.22247508300753777,0.02392025954335219
1.2023039603982637,0.05516747585693034,0.0351839056480774,283.91650687193345,69.0,29.990586762883403,11.904992357917854
0.8591086216121282,0.02642209338591684,0.07964285614666002,357.6499489334667,69.0,11.000099649844499,0.9849305270893515
1.2738933351168225,0.08973566723246498,0.09989836468824038,444.3989494918541,69.0,3.7929357415295377,0.5953096015469371
1.5157298650313238,0.025394856620068077,0.0415924748510253,339.96233817835736,69.0,70.37664757996902,37.55926442312433
1.6860985256535161,0.05076238178965469,0.044489858538918126,432.1322207592117,69.0,43.50977201444586,26.862803192435038
0.5280522756740744,0.03163404870618303,0.04379979260695424,446.170117444762,200.0,23.293232496205025,0.4942996350903167
1.94408357476974,0.040706273563054354,0.06709024424091528,18.82256998443818,69.0,1.1982984821367828,0.6522215564569059
1.7062186862129,0.0796822379017682,0.04298601303413361,241.38749046941834,69.0,16.783589510269767,10.982133561993148
1.449404658252056,0.06506578623236266,0.03191642627067216,367.4422061624192,200.0,48.211289482241085,10.577731563091135
1.957672047164802,0.051548868124737676,0.044324327674779326,315.04464970913585,200.0,36.53926871534608,10.531162623431806
1.2415711598526218,0.03567461637799403,0.08645947885793352,378.02978230367086,69.0,10.560010350661958,1.8190917844272394
1.6962961808455688,0.09380662365018906,0.05987498364562176,157.4947178304801,69.0,4.766445229075076,2.213156971021833
1.0469665551175418,0.05303958271515122,0.0943577369917255,75.56953676877517,69.0,1.0052537162823854,0.11282970121641744
1.34458395758609,0.0734528086436196,0.0333133874456714,108.02266016750993,69.0,10.690746837186555,5.605634151350555
1.4000046989580393,0.04014354231629,0.04502970794750566,364.5382593618472,69.0,37.6192303634583,15.820835427111334
1.279250999918649,0.06075226094576712,0.04207410968084,460.8357668844295,200.0,32.889773255884464,4.264186787571328
1.1493149135464957,0.07524622067150417,0.0665143750967879,320.7376051340651,200.0,6.643920885429135,0.4398106754135336
1.1291968386616964,0.07665309158589176,0.02615594447830337,320.20135236932026,69.0,41.36886222891886,19.485077040119585
0.60402677062365,0.039846469171351435,0.04776209133384218,150.95822575605055,69.0,6.018769430844094,0.4442182492703811
1.570329399094485,0.09798469431717217,0.09215595048071099,33.92008396056187,200.0,0.38405544156890287,0.034255539233609106
1.426638104805994,0.04741822376992745,0.08200543683848181,465.97818473491543,200.0,12.508351605056491,1.0348176291009807
1.0368429239927148,0.046427665792003886,0.033610920231820676,268.052792157314,69.0,31.794126516950023,9.82544166222419
0.9345759491820911,0.028897149376772884,0.045693845613934886,352.03220873586775,200.0,32.717328038371335,2.084625590122855
0.8771869794000571,0.059962931790719085,0.08194628491892242,93.4153867589428,69.0,1.221013443495515,0.11077332188162863
1.0517745534374177,0.08934978914452704,0.03511802430286426,23.99791357616494,69.0,1.374338499552998,0.4182814514953891
1.9404407531539711,0.027741090835990072,0.07256272021852934,447.776284103989,69.0,35.69127650494026,17.894062510576667
1.083723933487987,0.04145086893571459,0.0609086459361432,208.89048314962258,200.0,8.832772418804826,0.5677199692011626
0.6857257774108181,0.08314346558289935,0.032595114694052574,77.13790089551993,69.0,3.5928277175806573,0.5007771223479771
1.4954239864436214,0.036015387071666245,0.030937873029203918,172.82504542209983,69.0,44.983503836069026,31.416019842097512
1.9067127556164987,0.0981449602340323,0.07669875690805088,365.3883103478038,69.0,7.240132557733658,3.315800453045194
1.30629843011033,0.07476937864499685,0.09097490770919928,488.86586430816646,200.0,6.191791869008114,0.38713129558208736
1.2555416783403273,0.05916445005710662,0.08733792273496384,155.4551875520908,200.0,2.5949025607695795,0.1561202396916779
1.0862220642811515,0.045063951049136894,0.02507988424040849,132.09957615600848,200.0,30.37322960318169,4.763009321381177
1.2042195802894997,0.0757393249341401,0.0651823689574874,483.59647527524174,200.0,10.858212863865562,0.805226993489771
0.8742105126920428,0.09845055698812737,0.08489754464294995,70.08728250816478,200.0,0.5180814695826067,0.015545823181193137
1.726021518945557,0.05377970378680577,0.044992301348623545,152.89995203118917,69.0,14.54487469007933,9.305159851853908
1.002161147796479,0.055907156020177526,0.08180013759830022,492.64906008193304,69.0,7.918647340145191,0.9393593046959589
1.0622219701618207,0.034989901058541314,0.042999010828938686,22.897697233968824,69.0,2.2557901419118465,0.5719136198788823
1.0979876470368968,0.03553445487736612,0.04764913976160681,392.3167034407693,200.0,32.03507295062772,2.701744688279745
1.0330870997614618,0.02189870768660053,0.049924383172152434,309.2621821410051,200.0,35.1213420570162,2.5027128147311077
1.2202424295614325,0.09312974312822998,0.04260737927773686,367.6222631913316,69.0,15.919929028770971,5.375367971338975
1.0232368423797737,0.040478249034993245,0.058362941893893266,285.2455990989389,69.0,12.701362277638099,2.2015325763356692
1.8854399448629744,0.04017747196004368,0.07117810992032828,38.191944260854896,200.0,2.122561157260068,0.353360429234692
1.047896627577183,0.04991231692261008,0.08801631596271207,144.23634603145751,69.0,2.345364251850298,0.2827116141670619
1.7040830981318824,0.09188772040466023,0.08293382434411108,249.23838352079426,200.0,4.032144454642058,0.47061381650760936
1.4298349969129218,0.045340513554851636,0.04588564849124936,154.78761336265111,200.0,13.910194240425312,2.065888658187067
1.159146052469563,0.05834532973603976,0.07540744103118023,27.44176757834096,200.0,0.5752637231453352,0.03416707892966661
0.8935373683330032,0.03171995099956217,0.043807594272497155,496.4286966257254,200.0,43.72094419082593,2.656099333224041
1.1274496793184694,0.0553859658927206,0.02431400385666101,87.34207535937675,200.0,18.04509731488499,3.144675429370978
1.211196137308388,0.07205053358972424,0.04963329644400018,197.61554689112035,200.0,8.091022225530915,0.7971461876713268
0.5267897581046339,0.025400264671829847,0.06456062838831138,399.4475386850802,200.0,11.925444701301648,0.17086779888267153
1.2622960750888728,0.05611928628457749,0.09879149117892766,31.467612657956913,69.0,0.43513604212338375,0.0678090453635199
1.5421099550183417,0.041466810285855304,0.07449203370334433,95.13045115537943,69.0,3.825303127459131,1.1799031379474743
0.5836211824881087,0.037713827875335976,0.08345283942531265,297.6702934760633,200.0,3.9685781954407386,0.05399265226822304
1.2508702891618209,0.04833890976993727,0.09114074792315444,220.95212679509547,69.0,4.1299014303279025,0.6850326996647291
1.4171614080595276,0.03251809150429588,0.02963932211983951,12.16677571864425,200.0,3.6214666301130314,0.8179628900293134
1.646332493214962,0.09515198927522728,0.046002298315310136,221.47053273514695,200.0,10.864451822297951,2.133743117954368
1.1010731998504537,0.020091819505795066,0.070991045526309,86.52903255120196,200.0,5.645506058156646,0.3213737754130091
1.1842710772377276,0.06619250603235495,0.03768573832015228,127.12592076005045,200.0,9.608898474263711,1.1920036016275337
0.8732325848403412,0.06541128910659647,0.07168086294206158,22.878690698406547,69.0,0.35665900392642835,0.03665806051215073
1.1030948430532854,0.033558703591417896,0.032515953508131225,190.44935947459084,200.0,35.525930182296015,4.4315271856883465
0.8363114851411607,0.060856936196405934,0.03454118190874673,76.4761596599246,200.0,5.285193722933015,0.35672913763298564
1.2679300236266025,0.06421094480702907,0.06868050362979927,145.1449188122295,200.0,3.645628161294964,0.2844514919291032
1.3157293248416395,0.0938201651044767,0.038881731575430054,320.0430748049588,200.0,17.813073117639043,2.6436569974653747
1.947519087312443,0.068110427543338,0.03550310791452045,190.3863734068689,69.0,25.913285681317415,26.747254267951035
1.7039972562143773,0.039394889122696675,0.021051156978321127,427.3775528631593,200.0,250.28799969532287,115.07489443854048
1.7649792074205557,0.07008640105787355,0.03375833265313964,27.313812790374435,69.0,3.6214078279506143,3.228756435536915
1.1675704490497902,0.07797419082699247,0.042985236946365454,249.5794056661909,69.0,12.135385151367093,3.718434011483646
1.7947320419525277,0.07846828936045776,0.0927135841323887,167.57787775341637,69.0,2.675387091110734,0.8980533557224468
1.6002239458695735,0.0945774619386851,0.07748144076082253,131.11691978917122,69.0,2.217214564502251,0.7079966699946558
1.000720273039241,0.07107834485063974,0.06539647384335118,200.95752178952225,200.0,3.9693760478121547,0.20261521468365334
1.1085415289109668,0.04322116415797585,0.052197301493996345,387.7038162454076,200.0,21.898316618857603,1.71848347326179
1.8316085731188791,0.07717101383291837,0.05218718016527979,190.52587184027868,200.0,9.962217228427278,2.1346970834888563
0.6813822430639964,0.0314213072494398,0.0959506524302671,221.95267548982167,69.0,3.136767523176463,0.14664784118125068
0.8251222429076304,0.05819364245073533,0.09145810825688827,16.760073954487325,69.0,0.17046118613266034,0.012260255798615973
1.0992851875355814,0.053555994254333814,0.02306948385729348,414.5889675921291,69.0,95.93907464878757,48.555457401709624
1.930826506101213,0.03976568014549478,0.0901110344961912,198.20024700398565,69.0,7.111059751855201,2.8425133091452666
0.8392250936532663,0.03018354201024195,0.06133983240913475,161.4271209826966,69.0,7.157326683035288,0.7940079078898944
0.7599210802026188,0.029989577683325885,0.020897987657759645,164.86325125150253,69.0,57.393712240456836,15.323447396370483
0.5508334864406272,0.09844126882615899,0.08092648981570814,50.193083771292336,69.0,0.25731011207216226,0.009321085017305364
0.9268993514551989,0.09742754139470937,0.08793121826034007,385.25498671852824,69.0,2.8442264704774876,0.2685009894997593
1.3432602985314506,0.03191544098074558,0.09966883466317555,232.22039491851245,69.0,5.903263624203885,1.0325540765728354
1.1720456496430303,0.08492747953041724,0.08431000171043104,484.4284040062199,200.0,5.6431155840264955,0.30648388723457554
0.5818015341571126,0.050525740703228766,0.05764968531619033,49.908974685500276,69.0,1.037524090416886,0.058858694192939744
0.7439171717406192,0.04494241947418316,0.03764640285637138,46.72968779704088,200.0,3.274653054868926,0.16046108370093395
1.942493155912683,0.0554996791268539,0.08402456343065019,264.41049831737064,200.0,7.8647775021283834,1.1772749845837993
0.8551767529584693,0.06552009769767964,0.048630731484671744,219.92208657626068,200.0,7.282489107668726,0.36505605813510567
1.2245416222031482,0.03885615065514629,0.07779346976473848,122.64736257892372,200.0,3.8321010806688385,0.24621792202249349
1.864021741075141,0.051557401589892915,0.04789940857067897,195.51016099315947,69.0,18.48503314090596,12.95542544989874
0.8531137242689195,0.061123511192958224,0.04562939450074963,166.21525310992598,69.0,6.685460832402775,1.0302915797474494
0.8736942183557045,0.050930012069011384,0.09351513846850414,112.52350433511003,200.0,1.3243913621387327,0.036035627350103495
1.4864522668247648,0.09188817481707612,0.022615493872132682,430.0491761301,200.0,81.6109738808191,26.57805309968299
1.456941464225879,0.06754845215299805,0.0980664207999545,15.653307290919784,200.0,0.21064124514915075,0.015197986015912723
1.7249191981359464,0.02844984823768927,0.09491966781492282,484.3003652442317,200.0,19.554307007365544,2.0431604665090375
0.8181870286752889,0.08606991623894256,0.08910830272786643,417.36069511607883,69.0,2.997972631799667,0.21760773198379063
0.9977323794788696,0.07922656238750185,0.05756813278796892,497.1369321023127,200.0,11.334601232445905,0.6533275628365223
0.952324667037631,0.07881643867299204,0.05186075773135562,75.68624315052999,69.0,2.0401340738681455,0.3447065761686674
0.8334105489687689,0.043616734457571076,0.0329597194344793,349.43315639719236,200.0,36.87688213739894,2.5904035162288186
1.6810429792529926,0.05882124227802747,0.036618721623391415,50.18995021251029,200.0,6.418097087749798,1.6509711465914094
1.6566175738862303,0.0803507748684946,0.0918526606871277,286.8091595577033,200.0,4.205261238921354,0.41881720368215775
1.4440537476666457,0.05414699889590463,0.04300828574969241,132.56629667282886,200.0,11.468036767092034,1.8534565324430639
0.693916120871451,0.07444554101431164,0.05870091160864452,278.5004237573539,69.0,4.520179754460264,0.3582485689594402
1.1748229018642298,0.037596030641922455,0.0955967052509897,402.77864149761757,69.0,8.263465974908977,1.152719863500203
1.8323900132225275,0.05624237889377702,0.04046054074627465,129.21978452197393,69.0,15.43018495358,12.37185813832484
1.4835790628194654,0.061876639796286395,0.03641213351255193,387.1840050304606,200.0,42.010744649315384,8.464754943242463
1.0598831673413178,0.07126375039261926,0.053570263170109544,98.43684309386202,200.0,3.060910904573287,0.21395460766481883
1.26617942024844,0.03657259393773797,0.07695961858891784,115.27414688821028,200.0,4.0429357557235175,0.2807392787170916
0.7198535449364722,0.03102694831272082,0.06576662911812121,432.26396234923874,69.0,13.912148374566726,1.0590990142490477
0.900612357945795,0.039999315634527535,0.021949728949195783,223.42211927665628,69.0,62.64759959048741,22.367153985220174
0.9947795693819318,0.04891218471972735,0.07551614480491112,175.22121159415818,69.0,3.749454639709133,0.4747245134164672
1.314874811350014,0.05369463142062589,0.09977873612441368,427.0099340412762,200.0,6.301831289764593,0.3639790026181802
1.2297152934626376,0.05243477304993878,0.024926140699748453,25.784865904423768,200.0,5.839709250934366,1.1809297852003873
1.077728847482757,0.08816433446601564,0.036749430551538564,161.9170632935189,200.0,8.79344831452527,0.9264166720449797
0.6863904133877565,0.03877288791801506,0.04120875479195156,486.72423941954935,69.0,30.443760856030565,3.36287619384161
1.6942525513616478,0.025404784082282143,0.08658287350429826,403.2464261381879,69.0,21.523873329566502,6.8945254537969305
1.6075845026235354,0.028982551196505987,0.06473398804436775,311.54567129885635,200.0,24.74260628087376,3.2926035961676607
1.8224255689319928,0.09808566421096954,0.054170649880530455,289.1629121471536,69.0,10.985251677271474,6.507365727280061
1.1880962373363217,0.06808543615924043,0.035918468012935675,377.5526578853821,200.0,30.640127559134424,4.013790958165201
1.9108489472484056,0.06925713316479107,0.0854772168257207,368.5287504463094,69.0,8.34994714114846,3.4462415822668677
0.7003296709868154,0.04925605297525884,0.045402506511718135,21.72082617850026,69.0,0.8988989035269747,0.09382006394995222
1.9537264329016601,0.05649865199706175,0.026218287803871726,82.47841326530302,69.0,24.89479537632201,35.018004103503024
0.8394107076732783,0.0815368212263844,0.08303594586897434,403.08198563488855,69.0,3.61104660977835,0.29605719284918
1.8596273202586076,0.045458547082019574,0.03538006383991379,271.6312876099048,69.0,53.26282352749525,50.30105095118293
0.554583172168995,0.03764707995428061,0.03179672461985569,321.5198804939895,69.0,28.107984287369877,2.626880652052557
1.9452220677444443,0.06593993157981096,0.06737840042593979,178.16525113113346,69.0,6.946300341931339,3.769041215118867
1.2567583169602228,0.054897064233659615,0.038346611039182604,273.1694412079631,69.0,25.5171423270725,10.154726568286451
0.8837914332154236,0.0707522905661724,0.08126797587963223,28.718099689651982,69.0,0.32589473640674355,0.03026335890818611
1.2047454569197935,0.03815464371638307,0.09218442035774312,392.25423559385615,200.0,8.744837193889898,0.45894806062719595
0.7063304267979524,0.06445572584494853,0.054081421464577645,251.3390147060692,200.0,5.650168168430698,0.17374321403589424
1.4679311352106281,0.09394101138179926,0.024126314717856694,313.72683667161516,200.0,50.53257089688115,15.044249062695103
0.539259835691178,0.05399323806270301,0.048826951117393894,381.0955389773253,200.0,9.579097717736483,0.19016907424053842
0.8575894573184648,0.06964476153432554,0.07117103822898545,49.50476142905617,200.0,0.7220754798027461,0.02487235503745577
0.7197240319633083,0.06582608730313039,0.06156046451783667,119.43576049984965,200.0,2.0675204599435255,0.057990744119757805
0.9803391085443462,0.021851767969392845,0.05618347934037331,436.4682837511467,69.0,37.220005042906166,6.151486901026777
1.657509557276484,0.06243727186038163,0.062133394606598946,218.32541348113483,200.0,9.007774407688336,1.3276489223441552
1.8016267459330018,0.05551169840639088,0.0873385580368736,15.619491687893252,200.0,0.39873689017317404,0.049395659276664644
0.8711723949409381,0.046427211516465894,0.08654102170781673,258.97089418323947,69.0,3.8930472570807115,0.3298644536799269
1.0022844689685533,0.07061074436098859,0.0830487256122849,70.72017983067659,69.0,0.8732706671495188,0.10206046712332772
1.8235273255839712,0.03701599522280366,0.03365868414917287,189.77803005318665,200.0,49.51374348647164,16.305417568603175
0.9607798158920479,0.07616658115562498,0.022701467970130045,225.81536803369409,69.0,33.163187868078666,13.028959126542603
0.5835640676703687,0.054533793776292055,0.07263792666590935,35.56955954950392,200.0,0.43283830759617636,0.006764225569442477
1.470644589660067,0.09961421322503612,0.07517562763823762,326.5389212040696,69.0,5.118214690708139,1.4227105292270559
1.1523705310518606,0.05469353135024439,0.03148806768615124,207.88571543993092,200.0,26.50574753310308,3.7261220784388485
0.863283454842636,0.05918127731003432,0.039449702644250614,252.26756052827315,69.0,14.187121010711563,2.5895066129991746
0.7577709724284365,0.07738890347519256,0.02471259041513231,352.15859119215276,200.0,33.877571257906745,2.623908409069926
0.7828483567374009,0.061937285292697236,0.08841983730247749,266.2865915497768,200.0,2.58301307303298,0.05967754193552608
1.617731336431028,0.09885844783050662,0.030527785673805045,450.8531190754269,200.0,47.49942274443778,13.573272533887625
1.0891723735099605,0.03326112637907311,0.05985697620907801,40.37938136253395,69.0,2.21432329233901,0.4240129676755301
0.5592673511842507,0.05822555549618316,0.03389012920591403,487.89724979677163,69.0,24.4815548915903,2.183053389110894
1.9362211235557514,0.07812465185082752,0.05916425015766087,449.3017719344286,69.0,19.08699286700013,11.685510887615882
1.737701138410437,0.0930867955623033,0.02099025784879511,317.6105779847435,200.0,80.74165863470606,38.71763395751553
1.636285253814967,0.028654781946575607,0.04835295934260771,347.6302048815154,69.0,50.943003283497006,27.254559594284732
1.0901891804617834,0.031013711621056636,0.045183543739645,334.02988210904346,200.0,34.508343686554745,3.0257030678344115
1.046650636181221,0.02089073806317237,0.05665614525381073,393.20354961845663,69.0,36.82329035851458,6.879212155150086
1.9543258236914316,0.06937866593779303,0.02009690970812021,337.86927696198427,69.0,141.38795603850483,259.6191516228508
1.6073175092604761,0.0805446987779489,0.027453424452840595,45.60771436332009,200.0,7.245380920587098,2.2727245076407656
1.2798524140331307,0.07954200841474163,0.0374481239990212,69.49494215995387,69.0,4.784181586247187,2.0218876665991985
1.4549481822653114,0.07214385131956723,0.04541318821088404,189.5840568114891,69.0,11.123392991343332,5.009680068328151
0.5341263316911822,0.06525674489785187,0.057689007004483026,313.41677124065484,69.0,4.62493823734343,0.22098383254447548
0.8523857323002871,0.0831178771341389,0.055894081620001965,61.91090559127559,200.0,1.2193502916282217,0.05283403143720758
1.4315223863831474,0.03133785242902265,0.05977894297706844,419.47164158260244,69.0,32.17261084980738,10.655995111145518
0.911584404213937,0.07546270966271157,0.038387973937284936,152.48034174592402,69.0,7.4996192554987,1.5685466781809374
0.5236852493099078,0.02072468695719339,0.025679837207870565,135.41132642082806,200.0,31.13178854785993,1.1082333966720714
1.710474029635056,0.03966120542187332,0.09797206132985911,136.56606091919727,200.0,3.6816298027481205,0.3664794152150473
1.4893793604231598,0.09563591000304172,0.08561457518228179,46.234615865025084,69.0,0.5893963315851264,0.14754688153746268
0.6940948318452701,0.043473509765986275,0.028571289531990243,231.76848934028314,69.0,27.19819373992025,4.431058588995256
1.166736270919445,0.0738611330313193,0.08939667803892869,365.2399451993895,200.0,4.331551591363115,0.2198600155565086
0.7532235115197576,0.051322002328083705,0.035560756343088806,184.52654292503678,200.0,12.849564027235516,0.6833510787044744
0.5244680497629549,0.0676293470542777,0.030760451592056502,112.82058487743825,69.0,5.5480200915294855,0.4793393042320338
0.5214055957870017,0.02364976854235283,0.06266517513943615,113.71769460544061,200.0,3.8306773563845904,0.05539613149984096
1.2021896469860482,0.04395304920602795,0.078861197707805,429.4157942856541,200.0,11.331476475700885,0.6922259011338606
0.5924123817708353,0.06118429993191503,0.07199971099961243,66.00728148238639,69.0,0.7397172089361561,0.03483717043453473
0.535180735486119,0.09028137458490156,0.08465273263567101,248.40148658910627,69.0,1.2328941342655497,0.040303744659888195
1.5077075318860063,0.06381289333629314,0.08142790076208732,100.69264569325418,200.0,2.152837219184557,0.20033226831964143
1.7425474384965725,0.09974192429601417,0.07008255835357959,447.20367935678706,69.0,9.544289216999507,3.995420688170395
1.0654555597921211,0.049478062591252855,0.08443714614763322,390.7670123926993,69.0,7.081490982930355,0.9198594837645936
0.5043236588741573,0.06956219075501296,0.053798649684238364,487.8642510471963,69.0,7.332356747440368,0.3349272984771685
1.60086501365214,0.031860375916015024,0.07523846206892167,251.9419506959274,200.0,13.417627671415055,1.5234352445345902
0.645509133152141,0.07532877280551827,0.051429939070993275,169.84458267486093,200.0,3.3015085709966603,0.08916202990805404
0.5167144792029827,0.055307959441651317,0.04482667809750747,69.15913180960546,69.0,1.9292595817028897,0.11102352762755917
1.7903209841032277,0.07324390284629732,0.046411965645446515,214.70985698845217,200.0,14.618497336412613,3.3652189058689412
1.442310298065313,0.07574465706213966,0.03880711365816913,369.56406273244335,200.0,28.03657761005487,5.009677976521798
1.696520906232017,0.0956361717516857,0.0739793560240918,251.48104806219285,69.0,4.890716079259243,1.838399895968275
1.065390554073413,0.0573082570471094,0.03846247641919112,300.3380212703676,69.0,22.645333518089117,6.456821975442641
1.7518095180201478,0.09093766446838748,0.04057227192130973,67.32942973310793,200.0,4.727598834843303,1.1919658088310827
1.5944344116243951,0.07298636906225825,0.08364942974698497,448.04439352358185,69.0,8.392884149658563,2.4644568115132457
1.2176712142865718,0.03602444973382825,0.09446041009363192,370.6737454409668,69.0,8.425120226915483,1.2777503523641534
0.7133174287107291,0.08197368226930556,0.06254072290806362,115.73406729299765,69.0,1.5448811132565565,0.12143880581254818
0.8078741787775123,0.04425960247879318,0.03788430847267492,430.60263026134,200.0,32.858324843018295,1.886914643319513
1.9923713429220244,0.0514473326001174,0.044442596420823925,24.140985962708232,69.0,2.839977053278016,2.450843786818178
1.7491037193675842,0.04428879652570421,0.05551572161848284,413.7640533022423,69.0,31.81220067816331,16.938248529924998
1.3040251356493378,0.03583502929523846,0.05234767565851327,456.9450539651037,200.0,36.40815104644582,3.9423201702629678
1.2667487706630496,0.029425156505934275,0.08751198207730174,49.349023236252556,200.0,1.664433624759558,0.1017322590981635
1.8711216163003002,0.042401969991119254,0.02257388586450783,355.2640571655034,200.0,184.5890154930827,95.4294247603746
1.4602479998419102,0.07510557146871112,0.05097095225901769,78.27083256046654,200.0,3.514472700847553,0.49008274530737655
1.2318478978030858,0.061164891442657604,0.08741312368396459,235.0026366724101,200.0,3.716426798020836,0.2150511957795193
1.4958972042493803,0.08003499587722694,0.06243414029474445,230.1344888775466,200.0,6.620800636630984,0.7909893226055554
1.7324085292164413,0.051887025398484166,0.08794493472559431,29.262590156372465,200.0,0.7579383685298979,0.08621889120656287
0.9551424573926058,0.05818454931092586,0.07676398499477709,353.534478345829,69.0,5.909197114291801,0.6785266602547309
1.8295112837719454,0.047405884766288695,0.08943361982654209,210.3282612978471,200.0,6.089057842592238,0.7596232004870509
0.7692944187484982,0.05965776780538143,0.05178063981181154,437.0761261199462,69.0,12.612439413063237,1.3927606694422263
1.5029680872057387,0.024151888907862615,0.08288245413384027,206.7082937956071,69.0,11.235246508258179,2.9585517638689933
1.0053187051090269,0.06652202003876269,0.04405296615860065,444.9535503562617,69.0,20.78997419441469,4.6083554688929524
1.9647468457861192,0.06555238613701621,0.029008558357786186,426.655858554738,69.0,91.17898785267599,117.23073056357727
1.0848376203593444,0.02514146483075332,0.08653828709482404,384.5065347107559,69.0,13.292679874470863,1.7465996795064245
1.8163892553968273,0.04380551205556972,0.040887780054777056,119.26478862143733,69.0,17.74829311604234,13.836955984045034
1.5658174396587103,0.08704462797260135,0.09921690959367897,396.3327530326881,200.0,4.345492210090662,0.35794333249868393
1.511846484798112,0.03784193914514292,0.035963119155058565,365.18501276382233,200.0,67.68365509839757,14.339056830984513
0.5283272072233348,0.061471673222023515,0.06883716028111887,27.105773357229598,200.0,0.29498171906871495,0.00398709747720931
0.701015909645289,0.048776704423160205,0.08173046847479369,326.00040158260964,69.0,4.208398230032902,0.24448276020336354
1.1194589750241133,0.09604899147791196,0.057226564549219025,221.45401576374934,69.0,4.728842330909025,1.000537048037521
1.8381234437417562,0.04013120220097911,0.07114170825695673,57.373200944967564,200.0,3.1153314295779593,0.49318295778640453
1.813663790470743,0.03755038180508975,0.07497073759217641,430.37347562612626,69.0,22.189913324721047,9.406694448529501
0.9008820413311747,0.07829008335932504,0.048237766773159434,234.71067078324813,200.0,6.964194186217636,0.3905694617757332
1.4495890143212373,0.03225036092645584,0.08469136932131915,120.26022979340469,200.0,4.521736804931165,0.37396817810242344
1.3703833810065336,0.03569754450040756,0.06855795840199022,414.3821255637885,200.0,20.30674201145907,1.8541517987351614
1.952888121479927,0.06829695040528867,0.07474744664024835,443.1851218299097,69.0,13.608797469201566,6.708690659054112
1.0984257476448107,0.05130464511900586,0.06020188482307444,76.52456559798526,69.0,2.712351454647393,0.525214773160002
1.5514908457860876,0.0627884867888164,0.05503521815488978,318.46408244834123,200.0,15.588327616510982,2.2726680817897433
1.62672103760494,0.08596617083808995,0.08881810109521959,239.62724222083696,200.0,3.448815589957939,0.34251011446557755
0.6142717301626527,0.041276009270104067,0.048892717569827326,26.370693631780533,69.0,0.9850250544606717,0.07344864832202369
1.4870143528518434,0.07900163486932495,0.029672492201480737,417.47483465005274,69.0,53.549150387607256,38.55569458063956
0.7894246289145821,0.0460833623088006,0.05969034497083954,115.28775548444534,69.0,3.325774277983733,0.33548234862203363
1.2764811105336014,0.08932780494362416,0.09207907971465258,284.6277882925721,69.0,2.8782886068145834,0.49210956192703315
0.8909120850666676,0.08653216316936715,0.09776099442200989,415.43576052274017,200.0,2.6852281819085104,0.07267148443490175
1.7160771954570813,0.08134008583633627,0.04957308921336971,324.1506034248196,69.0,16.696994793774568,9.583532473746763
1.0801435070285021,0.048701431695979513,0.0725029769185717,414.84586982972337,200.0,10.50185637109504,0.5633157571869838
0.9693048527948106,0.07058980464019825,0.06992913124016466,399.8645347254068,69.0,6.736995831113978,0.8745579057186663
1.9072227502701335,0.022175146920054525,0.060790492371783314,52.7395450549449,69.0,7.3646348760871,4.257729304315814
1.3400629448695625,0.09484938389801102,0.058862469892290936,426.637257784361,200.0,10.438155229448112,1.0614863450089147
0.7811700568091089,0.07741815033923542,0.07987568242664617,418.3177937037402,200.0,3.969458101986598,0.10108496422975431
1.5065414776326986,0.029694927032495544,0.0360009237851672,370.69962204852624,200.0,87.06526663224967,18.296676976796096
0.8830821981287875,0.06762594970711035,0.03772362104089118,472.0637233766591,200.0,25.99039523733784,1.7909378530475142
1.397317985347385,0.025297984463857937,0.04632914063500343,498.22734211441826,69.0,76.92715059130153,31.323879896518413
1.9584574624403839,0.05345384129222294,0.07050844193570005,408.0883724164498,200.0,18.045065319575503,3.2720834564663113
0.6015286411724201,0.034144506892649036,0.056590148593725506,117.67961411199707,200.0,3.884242026776983,0.08278598400294021
1.2514581884299067,0.09625044195640269,0.07144571306033665,174.1953341084611,200.0,2.662251192924145,0.1945289708248379
1.3327256341490088,0.04598165647002618,0.07984422772775976,163.5622268594661,200.0,4.461730708291328,0.33084157336653175
1.0836845385690252,0.02150802977520402,0.041134693647836125,279.5440256735846,69.0,49.944443579850656,13.776671925797372
1.4915715733859582,0.05017139905015322,0.04215196922009523,454.10127400590295,69.0,45.58858578831648,23.248026804125626
1.5534349435173216,0.07493764152562643,0.05541116718384162,368.001208867964,200.0,14.907298530348918,2.1640462379952696
1.566091853975423,0.05507433622274474,0.03484327133063181,246.98717478088517,200.0,34.71009210228882,8.144230368305177
0.9175868075799629,0.0363503179561293,0.03353104630664807,381.0092467839695,200.0,51.325300681847125,4.2959326503770585
1.6942102238880064,0.05326167869862905,0.06614189577816494,72.7081151426915,69.0,3.1720009392983592,1.3299977775170437
0.6178142233988001,0.030961442814446186,0.06148197805573685,175.71745338156654,69.0,5.565538603899054,0.33383727215695885
1.7768422812867692,0.07955458945383953,0.024632928708634136,59.988194046602196,69.0,13.248557021899423,16.40627321457297
1.6330831809725623,0.05024774477027209,0.025478673730084642,57.698623879826336,69.0,17.332244323770404,17.528883204425004
0.9632003419506159,0.03227572847120927,0.07655165201488762,280.50392878588224,69.0,8.570805486906362,1.0035984409491097
1.773311281600162,0.09928396247980935,0.0377163786045457,272.61181519519533,69.0,20.537228110484406,16.544035164759325
1.5813008580989454,0.030174084670481056,0.07569862603269757,372.87456522704355,200.0,20.460602514945663,2.252880624995073
1.7438138750582153,0.08820392295657353,0.035827803777058395,167.84941447934835,200.0,15.511112033698772,4.388354977840542
0.7042654663902801,0.0567981583597718,0.02573781264259848,167.49889734582095,200.0,18.81144129504726,1.2083756588231682
0.7432317565556417,0.0720240777486233,0.054723746852979385,456.9243313586861,69.0,9.446924331688427,0.9213460478652203
0.8603996210091251,0.0759246877542396,0.03390365032992133,111.74451108979163,69.0,6.610004048983803,1.3944897818793915
1.960267812724093,0.07638114537483441,0.02892477972216261,352.8405907870954,200.0,64.94099117319321,28.75798254171251
1.8034978432455673,0.020152917214736315,0.09784480138081157,402.8877331430357,69.0,22.596308183777772,7.257560053125836
1.6092387344619974,0.04463103803627928,0.05793981129964715,62.66134000722898,200.0,4.038129711986317,0.6016208639925256
1.569829495682295,0.02226645237473534,0.093038747558542,203.9162231439247,200.0,9.964987878892087,0.8798256807382485
0.5149228036164651,0.08206521216016363,0.07195036721080675,339.40772878726386,200.0,2.468254724804298,0.03031935499042175
1.734229338175079,0.020143834468054705,0.022277038087718096,388.69157715685645,200.0,404.58136034555093,182.07076884470231
0.8777307898073351,0.09772119066249624,0.04478134644057258,54.39685704117825,69.0,1.4618517990440365,0.24299006418959704
1.2171653947943115,0.0354172927465614,0.05604796862058735,256.8573276067584,200.0,16.860004714732817,1.4855105930781727
0.8085782599164366,0.02751847396480965,0.020376560738499718,215.53287921381394,69.0,91.51677934407226,28.37093283361541
0.9882305776721936,0.029317747463527798,0.06285019632729665,152.23087134399717,69.0,7.794143444286958,1.170140419406697
1.9419412572955461,0.060775617787544214,0.0651178529514909,483.70058753888236,200.0,21.869277045720462,4.221679660919865
1.5168778500213165,0.048217442788339504,0.04045230636631247,88.35644735899615,69.0,10.191763942916173,5.601017608192284
1.0277272458296214,0.036137896076066385,0.056971238205201724,126.15308561941141,69.0,6.632126732950305,1.1879893534569812
1.5064424978318387,0.05083609398161783,0.0720418550878542,308.08700925277765,69.0,10.554441251515499,3.2122928238347295
0.8620283924911496,0.027503006774720014,0.08043013123146496,100.97403181057372,200.0,2.9353830893301716,0.09039988887458987
1.2558533036774584,0.09668150672927919,0.05025504608699869,258.29679381652534,69.0,7.970882679277794,2.416930801043629
1.651519279637542,0.039112306235927825,0.07688517665154283,11.175737753528,200.0,0.47897455523926696,0.05663903788574536
1.3335208544805217,0.03671678939447705,0.07704699902633935,416.5370037929715,69.0,15.290739772947342,3.409824630866289
1.9606923082352876,0.06391626011026048,0.07791659051587199,312.50863285340944,69.0,9.474394807206883,4.516479863541722
1.6698157697925207,0.08757321281488166,0.04959825185928495,259.6074320049464,200.0,12.073492247289366,2.262467762314081
0.7472890358434319,0.06255862866833949,0.09675861849389875,234.83561421311632,69.0,1.797783059212768,0.10025002641011503
0.7124453596753364,0.0666088933190851,0.09389680334460031,242.8097265656883,200.0,1.7674008513271677,0.03184682358969324
1.4353750905997114,0.0875189725857518,0.05220838377175875,395.44965443285963,69.0,14.27661169999295,5.4434640545316935
0.6482941033922125,0.08637550987077271,0.07759579941524862,144.96803657132918,69.0,1.0842477543127944,0.05674062466956123
0.9529357281493027,0.09455312833166575,0.02324298581789247,300.90860100233016,69.0,33.68136822692636,12.714072354871632
1.7984921148058848,0.04214296301179124,0.08024785869649967,114.35211057881719,200.0,4.546864382112447,0.6109059704558801
1.118326609250383,0.030495266313504184,0.05304464924011523,187.20779345105638,69.0,14.639567250395794,3.3349062094557103
0.7553063939992943,0.09598218236183023,0.09621988947302199,363.3310703066187,200.0,1.852919799697759,0.036619873190318945
1.8408098468230176,0.06321200769518467,0.05310863330523233,200.2788265915301,200.0,12.406960004461547,2.6387415745440226
1.906362144951882,0.02329975134260761,0.03827663412661526,76.87932237416479,69.0,25.760093478050056,23.63111181022215
1.1264903175668635,0.0918160775329844,0.08824563898239578,24.15586050920801,69.0,0.2283473558076307,0.031726145487685375
1.1521944790585859,0.0446399857806375,0.09786910965418537,408.4131757762673,69.0,6.603306594227308,0.86542025345782
1.27155039154492,0.047519759965820085,0.027796254313974915,169.50292659724374,69.0,35.222099220398256,19.795011653558877
0.7333938123491922,0.07313345135948343,0.07110249784107943,191.8595739390685,200.0,2.2834220078987206,0.05757773187301666
1.9514589392689317,0.033554755545427035,0.06608823363728403,72.23613566341757,69.0,5.771155880011049,3.213047499931431
0.8757653083920605,0.04514189373467078,0.03601917212792585,456.82335951110633,200.0,40.986427331279245,2.9091127746158283
1.6618141095318022,0.08311265142946418,0.07114452040545709,271.2987094718131,69.0,6.430302011463323,2.411650941904115
0.9714225768800664,0.08263293657972708,0.025814755726387507,171.10520079864432,200.0,18.110624527368643,2.206787613512472
1.7957326047795337,0.05153182362264269,0.08340589462111525,449.59672690175677,200.0,13.512853167531718,1.741455551899465
1.2849629683941022,0.020023800099999215,0.0786973852229656,467.97747256315637,200.0,29.093750027012018,2.034695240265715
0.5297973354272845,0.04748094406380564,0.06061138921132744,222.0574080669127,69.0,4.046676288423351,0.1810603752604463
1.819915573860281,0.05264074487499895,0.08666392850635526,300.9619817913773,69.0,8.312188054545526,3.0692984594200206
1.1711972180034729,0.041959110016258884,0.0409319570578872,440.73516848737904,200.0,44.056267595924304,4.921347149576369
0.6794623259529939,0.04384429838083226,0.05795612999621724,478.2630085313856,69.0,13.239498748860022,1.0189727692168744
1.2989529067045216,0.09780964852005483,0.04341601779474161,100.36806847582416,200.0,4.242858532553185,0.5496346737793562
0.650340798195931,0.03333492664029659,0.03293117284557218,125.63730513868526,200.0,13.561163809110443,0.5805645426492705
0.6658942826100687,0.09205638303582994,0.02289406751502555,336.91606887047527,69.0,27.898344675356892,5.220663465404752
0.5943557399473447,0.04446551992513317,0.06992079795689964,453.2589031021081,69.0,7.435461485113154,0.36295612117568504
1.1286636520762072,0.07999760004392037,0.04559874870662299,202.72143630921883,69.0,8.253395474016834,2.227760291706251
1.539287692467064,0.0359603821827849,0.0935765150459794,343.14454978240866,200.0,10.06445168600847,0.8494573750799816
1.8813969996651254,0.05160882120562965,0.031747915467943866,450.57204947101434,200.0,97.77809571761931,36.33841656094001
1.2835093118209464,0.07963305880378672,0.08147839178590403,407.17526447227465,69.0,5.931347472866934,1.1586936217174022
1.1837561081400882,0.04883580127530719,0.0415046753911381,491.76721533934807,200.0,41.51840821232302,4.672473900992901
0.6625900261124285,0.0896932589486693,0.07549183758947578,117.66077606202799,69.0,0.9150989461829208,0.051418274322114155
1.8073327189661046,0.03349942783678083,0.0995685028098096,19.04609024753926,69.0,0.6218904048274393,0.19711866596490119
0.7784552010512142,0.05368505177212214,0.04018834867160699,243.7940854470289,200.0,13.132709600030113,0.6600854713638693
1.2167025199789332,0.05160422258037403,0.044847947670050285,65.62638752264124,69.0,4.615765848191403,1.4720740642243415
1.6790466119430467,0.08813412026466266,0.02310787799746949,446.6398654215095,200.0,95.61087250460612,38.8822569753046
1.5583451083590438,0.09303409236282537,0.020160102204946143,131.85086437999544,69.0,32.603955347704456,37.94586825445303
1.221247625000288,0.03891520279912007,0.061241544889491614,43.11090737129441,69.0,2.164365350692494,0.5092740524902604
1.1694553123982718,0.09079847875014134,0.06690165399184879,427.9551526677544,69.0,7.388918207894806,1.4593884896972764
0.8421960988306443,0.0598344801204784,0.023981486399487748,26.63749431255919,69.0,3.911597217129511,1.1178000682181615
1.810799006352071,0.04236030484433649,0.08195388555273424,312.8478276070039,200.0,11.946934064768636,1.5933315587703896
1.4036374336767377,0.09845105058290872,0.07424320770819932,393.56771774598224,200.0,6.107899053769333,0.5402860475993861
1.5413975540933083,0.07843594681240693,0.03984044256754692,187.00113312691255,69.0,13.891421926006965,8.0040820045287
1.8566473734628026,0.047665949303993344,0.09651619170297855,150.13142312681236,200.0,3.766549487310206,0.44841600053528097
0.6786212365059481,0.04327132584157237,0.09944642440956017,434.1156664669944,69.0,4.130528355732298,0.18481234504047825
1.4631260536895532,0.07558097356033444,0.03673806538151433,26.77919878598991,200.0,2.304546768201903,0.4476220545106724
0.9496713399892708,0.09910559162210165,0.03632117670906475,31.044669870376545,200.0,1.352987079956094,0.11198481787076228
1.4443324729840072,0.09440739299357083,0.03030495569196834,202.67557028265128,200.0,20.25753126877763,4.648212358936155
1.4052469438164616,0.08020108965715733,0.08439370226408709,83.92736011310586,69.0,1.2388168819945184,0.2800670551059259
1.3392748472652316,0.09297839801922705,0.06281105501000563,129.7232358590604,69.0,2.841741049285753,0.7840567315466616
0.7240217533249653,0.06488634285870742,0.08832995563511549,196.82970597951171,69.0,1.6889787570180441,0.09684541284390857
0.7613599247967928,0.03187880290153358,0.04906423517450968,250.70082297686514,69.0,14.923302835554894,1.7034900287500612
0.7519390106557903,0.049377600077399546,0.028037833815790548,377.6187700656979,200.0,43.89029985569345,2.9503128389096207
1.0751572449716493,0.054394450469513855,0.060548191976588214,51.48119286496746,69.0,1.665385907822813,0.3071972530406351
0.8557108360885535,0.05715403842159432,0.05305600090157807,399.81129280973335,69.0,12.759022182387328,1.7013614727109099
1.8757616359314189,0.09311505437984643,0.04173262210798495,21.23895233545138,69.0,1.473977122940524,1.2006875815968616
0.6621777032340153,0.02904024258672165,0.04763726559450808,405.13497590085603,69.0,24.424835764347304,2.1721688623928164
0.6604301088481119,0.05589164254096059,0.09147133274995535,89.92259397677329,69.0,0.7619562831880334,0.03510414718744287
0.589786983713485,0.06936573698192415,0.04694360556932689,105.07587719812174,200.0,2.43249282109534,0.06008198004424896
1.0577950513713525,0.03367352361627693,0.05654500170809974,286.2915248589425,69.0,16.876573160023625,3.226656669371068
0.5055267691259656,0.05457482847701732,0.037107615558780185,144.02330757473243,69.0,5.813125672885955,0.38680727090383593
0.5435703820251208,0.0829148391559129,0.08633848088427717,171.441734763135,69.0,0.9046540237748535,0.02991226751988085
0.6980670665443922,0.06883045009535643,0.02106267862731488,10.457426749683526,200.0,1.4343839552629383,0.11061776035358457
1.9651191803787391,0.03867628422432141,0.02480318514338773,100.2841340612824,200.0,49.69500292143229,25.790621021989097
1.6746949436346639,0.042784358636664216,0.05157610505676377,494.76328460261726,69.0,43.6819798090283,22.95011363755669
1.2924924875302701,0.06471183105763224,0.03532990770103123,290.95552014130635,200.0,27.93426088496917,4.402805316396502
0.6206031117045671,0.055695623999653096,0.02015271634283799,333.70194628541736,69.0,54.933298929494164,10.143542108078288
0.9932003231655129,0.06286010491124293,0.04352940878363756,20.965558611846056,69.0,1.0489478622355026,0.2296701151707885
1.8796192033291568,0.06725884880545731,0.06395628557169829,497.06823317474465,200.0,20.376108146790735,3.751945281874443
1.6959575091822752,0.03861455509120003,0.07668055113632256,263.0074983473652,200.0,11.787259947485921,1.4737924086231071
0.8197739094317327,0.026887783759740876,0.09976796879074934,450.26234122731915,69.0,8.275108565988191,0.538555424142519
0.5500802801357073,0.09728932782162143,0.09551519494314303,495.277817124716,200.0,1.8416880402263194,0.019447979993551915
1.879299423186275,0.06855687642534557,0.03240924662605779,484.2927248367169,69.0,75.83440477770417,79.84522660592054
0.9570514519430626,0.06823389993721013,0.03156422768525825,69.04775534934424,69.0,5.8323767826293595,1.6352367098124139
1.4889485957829656,0.07947253904884886,0.07921116420342683,468.3056592212325,69.0,8.390164576456975,2.268836198694126
1.033563487976534,0.05791463869181293,0.05126640675039358,317.59309194531005,69.0,12.939138082611933,2.604992256141262
1.1383585446745743,0.07555663986856886,0.02573387390780736,410.21559112442753,69.0,55.99632321148882,27.24407936239342
1.983166840523669,0.04928976700254018,0.06837936648887878,119.57366321538899,69.0,6.173609079300074,3.430774770641472
1.0301866924367344,0.0662047927718136,0.057220050258686234,219.13820233802744,200.0,6.248839646123874,0.3863329600524754
1.7437238682672282,0.021934293730479643,0.088502038228419,484.234007027135,69.0,29.48859278321173,9.788493351491246
1.809299515736728,0.07988962357228344,0.09769816496935411,498.22506286203264,69.0,7.092904295283115,2.296245284486086
0.5850170563299244,0.07975039964009775,0.07070474228145734,115.20537188795261,69.0,1.0142909570972167,0.047436290130022526
1.4545984072386662,0.08835576663032815,0.093550455180148,397.8177940734397,200.0,4.490056992926903,0.3385095374053882
1.2130855235205034,0.07958233207215136,0.05243228060492293,384.59536660586036,200.0,12.794772261999269,1.1970034366137101
1.1973303114594938,0.08556606548252169,0.040873424663249405,200.5566437798072,69.0,10.079028268742704,3.4155861226127486
1.602573152747581,0.046484315407487695,0.07119975462402123,275.89085015203307,69.0,11.257526489974774,3.923375327590054
1.5213185360446808,0.032569795489125995,0.0952688131871817,350.75119688177375,200.0,10.830637673711179,0.8770459172015086
1.2820684385885839,0.07101386307453034,0.03157425703583133,287.31948925520277,200.0,31.218938095590662,5.417340704051366
1.2538248085668648,0.02340910588821922,0.04876521718723727,139.3634107840666,69.0,18.833529822497653,5.866173840110777
1.7814946338527882,0.0898707070751257,0.08226747861413071,142.33680358400017,69.0,2.5013729274309204,0.932349936130403
1.5330060105816614,0.09129426621481138,0.060109910007358436,363.33902235866714,200.0,10.131447387186006,1.3203585322819664
0.5642448946207246,0.06429988327888682,0.09142073174765454,275.4195372210153,200.0,1.7350582592061268,0.020141109497293024
0.8224922356332052,0.06113319442553132,0.020779781612185903,254.27302619753715,200.0,47.53618244442597,5.158526683529615
1.1715488671081218,0.05365706148695211,0.02250424262396071,96.85830024147903,69.0,25.054908113227757,14.76416465441925
1.0556241165663671,0.02325370439172766,0.05532126712147224,113.37008398590204,200.0,10.089801841277724,0.6774665710523594
1.363980918506138,0.04217873124580444,0.09889025096148545,80.07587595674204,200.0,1.5887690588913874,0.09963286736375399
1.6378477930021296,0.0550745049059216,0.06922690694722451,176.6014674575735,200.0,6.575346457058149,0.8493164543416118
1.9456851071870747,0.07317941145713669,0.029011643423053395,249.08065101749568,200.0,47.209589365476255,20.534387185947644
1.430799735845382,0.049096566046230194,0.06379874080282358,299.79865721208404,200.0,12.879068508124925,1.3775545136934055
1.9846813578419482,0.04063385948299282,0.09357829430354538,497.0742254437159,69.0,16.635082579455837,6.765362428758582
1.2348873273835679,0.05260672157022604,0.0320531700976441,329.19890482501955,200.0,45.128796506334254,7.156755437822525
1.6032901702415603,0.055534920513917826,0.03272808640569465,441.95620236770486,69.0,71.47188439596495,54.23735844185775
1.8045424886805645,0.08943215092946748,0.06517235429589407,354.4258114109906,200.0,10.102368572279293,1.6825685576610014
0.8973156325057146,0.05566085046320443,0.03609315683644819,211.21957009247535,200.0,15.683069369320778,1.1662063658362236
1.6758333708093571,0.05167820575164482,0.09166623190625711,165.58505710983832,200.0,3.8342201171985684,0.39156879624183394
1.8047762813852009,0.09275024092966755,0.07600208230134285,171.40898020903077,69.0,3.4645127775807136,1.4345743979585215
1.2289759089711543,0.05485784490511873,0.04392444832341261,188.38272085099067,200.0,13.124546677278733,1.5043312621387483
1.598165467696598,0.041202567112559776,0.051225597309726256,265.67257440547894,200.0,23.56250063395771,3.916125293080729
1.6899248105650446,0.06591219287503514,0.03906878112079071,451.2214799243138,200.0,45.47606860423522,11.080683755728982
1.7263600874329823,0.06431368182985546,0.0641967418518936,220.47478773715375,69.0,8.616129611560813,3.864752262447142
0.7820749584087341,0.0646667047173132,0.05033681940856192,315.5419942965108,200.0,9.036588882129497,0.3660111027626057
1.5705585589188664,0.06779150400867956,0.04482265680724294,334.3939983911772,69.0,23.136272930747907,12.301660057537012
1.7700207648486022,0.03023781088752983,0.02219794892445047,123.0678080051583,200.0,87.71988120540829,41.26868731226503
0.719793707263479,0.03363802127935986,0.05643392241898526,279.2580163935603,69.0,11.257812993790893,0.9985953392199055
0.6040343271267248,0.09361630351916277,0.025936508312249494,21.745724990360365,200.0,1.2514464049776444,0.05868170605897068
1.7835909601978073,0.05630113602847166,0.06807276771203037,417.27993035359054,69.0,17.116305721850328,7.728350349332689
1.2673164787082636,0.08899985556010614,0.053368052251520304,105.95728452720462,200.0,3.1784482474352536,0.3188472685204578
1.72519386233719,0.09371345428726581,0.030366202842701577,272.57924316351574,200.0,32.651189866121214,10.667510467697452
1.915780989999664,0.057264545651773274,0.03758277763506389,200.03386806958704,200.0,28.427395701254067,9.253769225790785
0.820807181534388,0.02112599959192589,0.06284633172609108,398.5660006038781,200.0,23.52423519113005,0.8406140020476491
1.5484298875890783,0.03932645217935908,0.06791977167314431,293.38921549740104,69.0,15.024835944606478,5.1245562251801005
1.0835622837063605,0.09970376910138486,0.06146969161070205,164.38381363838525,69.0,2.836811880350633,0.5235243818056147
1.4351960357923192,0.04423965801969208,0.06783432434023957,278.9655395154713,69.0,11.800550467242035,3.4620621936757887
1.126318422817856,0.06044111503784498,0.07385361502049935,286.196557762184,69.0,5.866794280960782,0.9736685168606862
1.6845232924075733,0.08212869459746383,0.08353630530699976,48.76715301342436,69.0,0.8600233194323283,0.2822595568101631
0.5266356890128252,0.024885516698788992,0.08727265720647012,390.71257101368053,200.0,6.513521653036426,0.06899807609939054
1.2299568817128625,0.09008491093452418,0.03664568555252594,33.16071074911476,69.0,2.0228664551932023,0.8068332467294527
0.9687905200328772,0.038860608157521265,0.04412092711071615,293.54003428580813,200.0,22.55535252341833,1.5993499299353044
1.7549067461615044,0.0369731802058974,0.03457121304553261,128.71567354959586,200.0,30.67048778136018,9.107368238924842
1.4722716919692094,0.05214522135547574,0.06964360071867946,311.4498437582797,69.0,10.878033207184275,3.2711822205279653
1.8251603374654548,0.09855766021322301,0.09260374836398495,171.85571676578238,69.0,2.226736045736846,0.7739303331084865
1.9672761471687796,0.035267360855525266,0.09397009475709099,305.2404335282014,69.0,11.569280405250819,4.603699682518368
0.7024375992625594,0.09099632359961304,0.08442056305175205,314.1989048440562,200.0,2.0419416704804414,0.0397822491275068
1.5868254211716353,0.08125707344729528,0.09853673639350391,245.19750701405405,200.0,2.958958847798742,0.2520448308946909
1.4488084760592472,0.03203457226288095,0.02622160822736914,406.62585504597257,69.0,160.47952851201458,124.12004424905157
0.709278611313469,0.044586146480980526,0.02878143752496854,293.93136873615816,69.0,33.867968682255494,5.719657789878741
0.8617420364876707,0.04555595923201634,0.05229561123401229,156.64169649415223,200.0,6.500701502684377,0.3077005580991868
1.9356423420860456,0.049510568330219745,0.0881243222579474,187.93516144313875,69.0,5.676686543566507,2.3318950557021183
1.3276703192345056,0.05904982722061834,0.049561610807276155,266.524786693038,200.0,14.637592216434179,1.7353355723180781
0.5434381177043285,0.02347091453016084,0.045751336708929544,218.428382742372,69.0,14.496822833681046,0.9041258553623707
1.7394745760510553,0.06865581749955356,0.058146595691139974,190.3144476239161,69.0,8.556874562766435,4.30216134411412
0.9478358901203073,0.0828670664772707,0.021803674373021453,327.6297050959939,200.0,47.29620892956118,6.495935252468773
1.5690822062374719,0.0315514859814531,0.02347827524709114,243.94126945760544,69.0,132.0474533231302,133.78729873548968
1.9149510635504812,0.08848121621717304,0.04594763858185469,362.52972551342623,69.0,22.298470581890584,17.19439464932095
1.2437808381539601,0.022185688498308726,0.07500699337993344,81.32698380160743,69.0,4.862429889300744,0.9689446490632337
1.2661610153881708,0.04506477191211607,0.08031453762388525,120.77993798118128,200.0,3.156526837173425,0.21002545933590544
1.3269384139625737,0.06313180244652446,0.09772409877137979,210.24660810946102,200.0,2.776383651713656,0.16674702082477713
0.9250332558563716,0.09059255059568636,0.02399905559511951,421.8107339502439,200.0,44.86890108714714,5.332670123141795
1.2677084287928582,0.06732547420643195,0.0899816418370554,112.80693424741077,69.0,1.574052369355218,0.27162120416240426
0.926546280353341,0.044010331125307195,0.09783452611579688,56.2997344459906,200.0,0.742994820170447,0.02173234643100256
0.7544962588701609,0.023901424262546236,0.0987167681916471,16.954138318564638,200.0,0.3295174547077701,0.006334034464304195
1.0211180748286885,0.021153951343198064,0.08735723610201147,399.6935407885435,200.0,15.169283679218825,0.6035272181555412
1.3333109314403035,0.09844564769904499,0.04979510536067996,315.21380185024276,69.0,10.330422486834905,3.563312878898948
0.9117645054331927,0.05284414866124436,0.0289573565658136,12.71438441886586,69.0,1.5696923313217668,0.4353921910839288
1.85234924515051,0.04967053254568977,0.06765653388757119,483.825532058352,69.0,23.650732729456887,11.588847587398618
1.4842194848280097,0.06239666693899375,0.04558040494186287,254.03067097747925,69.0,17.4508981805432,8.148834790649872
1.5625599081046349,0.06412994653601746,0.08939952431813247,353.87645869223616,69.0,6.473040230134688,1.7080717210133876
0.7567059400319717,0.07408117573329037,0.06871857462388371,319.75551715069093,200.0,4.149925386921974,0.11526545721389218
0.7418764953014125,0.023016988886085513,0.09695592069799526,225.44071867971903,200.0,4.637864377735942,0.0877577901152154
0.8914815054707864,0.07640446270651578,0.02289246364745087,386.51590648211,200.0,51.6329771477992,5.975001997111662
0.5506250914490083,0.05253373285837473,0.05218842773361032,387.9973025715451,200.0,8.958788150655622,0.1734865436734823
1.562277629824648,0.05757105164820642,0.024600032285708295,334.1101350755316,69.0,89.89252873340666,86.17156869148555
1.8128038384304368,0.06221288765622045,0.09079041957152587,350.54549264882604,69.0,7.43508681056707,2.6002032387642044
0.965796836935937,0.08285197782037816,0.042898379930132166,34.67525564712612,200.0,1.3178683802156566,0.09551717063423822
1.08663231790226,0.08009314394023141,0.0670171256189241,282.7789133803845,69.0,5.125237011147868,0.8724751010115784
1.8117467867127228,0.039734967542097335,0.034699557653332276,144.17922505960016,200.0,32.75900463555699,10.329528631223333
0.876485041705633,0.05087723469358629,0.04297676023806141,140.52740936602083,200.0,7.864406507426729,0.46859758180435496
1.7435651168704558,0.07926623246835168,0.03676736075758126,400.7222903554593,69.0,39.121886929667475,31.253116480848718
1.9276201748193038,0.0643685704339373,0.07328902414844712,278.80771163506625,200.0,9.326651587229325,1.5761897015687314
1.6793739833906838,0.028582417001685005,0.025346393692007946,424.7464336027204,69.0,233.07575982853803,250.573664536268
0.856224242913534,0.020555993677467858,0.08187445706348356,363.51409964665265,200.0,13.55266456733617,0.4045107262431707
1.2835000666324068,0.09752810176396937,0.08813571712367302,47.34816366727756,200.0,0.48130085104842585,0.029987152167842562
1.8971725303158196,0.06991213196851008,0.09961802058448516,153.78622083942994,69.0,2.523173650193759,0.8808106118754019
1.5708202224735919,0.02147185603649983,0.03726176429180833,55.725907919124374,200.0,17.61726438160358,3.888720863674463
0.5290919246112937,0.05892308868379845,0.06849446903019199,490.4576073811981,200.0,5.632320345209962,0.07673135295615206
1.914119624638921,0.024588739167369054,0.07315242966015564,496.5887194636805,69.0,43.34344290146749,20.974540365697123
1.82647319098161,0.07107981791351622,0.09723596435865614,226.498630987683,69.0,3.693430877700677,1.2243041006306796
1.0197713067484784,0.09760373132181765,0.0796056429031209,62.86074345731029,200.0,0.6218410995659261,0.02707820613242829
0.9940598423533252,0.022746543650706465,0.08008813921926457,73.2768385085019,69.0,2.995564549570121,0.3571043895875042
0.5377664322043416,0.0942718153810759,0.0797349004006267,207.90634448085473,200.0,1.1192675173730071,0.013531675322326539
0.6777439268194152,0.05230804424220921,0.0805610020146831,161.31402764606895,69.0,1.932283380982357,0.10644784623477413
1.1408417268080675,0.033880842984528564,0.08356637824107266,157.98638628865803,200.0,4.570660301395177,0.23728861674972868
1.4877668555674344,0.05565798399338147,0.060519551176483055,382.27853360144695,69.0,16.739680799636712,5.91535594540223
0.8495849254948443,0.05188036630725906,0.03436296980379426,324.0559830410138,69.0,26.9645810985257,5.472379829088295
0.8743647886819228,0.0872337453925588,0.03082494260220609,454.72828885093423,200.0,28.781061697208028,2.3794062555778566
1.7776201911508516,0.03299422168474525,0.06962533387254599,335.2869085803202,200.0,22.358072080763176,3.3823905762145334
0.8981906087826053,0.05577254055487506,0.07474964786496471,423.9870309454397,200.0,7.33218818013674,0.263778999423383
1.4715482989352013,0.07893191117311445,0.09907737068552988,34.91328904328019,69.0,0.3978459774182039,0.08401352186105884
1.5788778442258635,0.09537732488855216,0.07684994014882557,122.88597376189318,69.0,2.0666640817331876,0.6477136792903816
1.240887550701348,0.0338320729890914,0.02026484985565297,329.6591735722888,69.0,176.65805869041762,129.6924123558266
1.7399180234413403,0.020571695352286205,0.061265348856515425,446.01768866969843,69.0,60.30206913302649,28.78952685388455
0.5474218663748633,0.06491827848327321,0.05589303756381639,155.55380433252284,200.0,2.5192519820198616,0.045023258548409065
0.8873291700630946,0.07100165713773966,0.022119576880426477,254.72480923976022,69.0,39.03778243894272,13.42571710532731
1.8499778711813404,0.09671586806069174,0.031041527024568732,333.30324698530774,69.0,39.698439879253705,42.28857778869828
0.5275072559732459,0.09158790992516909,0.09541671373698093,341.3349727691071,200.0,1.2956073943250013,0.012594605945062837
1.2144485115093104,0.06405970714052284,0.05506686004011957,467.9340187615261,200.0,17.552921122560978,1.5670976055450005
1.364358258548023,0.09023099483948803,0.02492768861114322,265.6955794487536,200.0,38.79218440919793,9.656012472600734
1.2358275322023708,0.08178004553116168,0.07495124945894792,138.6360870472375,200.0,2.2375889397555433,0.15198331313493205
1.8578273380905332,0.07165299883992585,0.027039181502886304,341.97849000579436,200.0,72.766910561859,30.962059394862436
1.7125981111740824,0.07596018611169025,0.07127173065505532,197.882659630748,200.0,5.269796205637224,0.722879955396977
1.8670984484872286,0.07208210006230376,0.09166144289651625,456.98698969665827,200.0,8.45320681543475,1.071637707090381
1.5049642497173479,0.04841165067093707,0.0943438719675581,224.3463448680488,69.0,4.701312812268397,1.09047940996188
0.7936262668052065,0.05802950319919542,0.09375904518345343,470.1509281789045,69.0,4.388634138589371,0.28484455234159833
1.740686244990208,0.07453025878093236,0.0924081196248447,229.9925448235678,200.0,3.774266925246053,0.412517349358578
1.2335679591589517,0.020263127048708293,0.07999586147267829,22.92381850662514,200.0,1.3084579957449178,0.08296543066732659
0.6904563673879207,0.0710644191141133,0.051100278930804016,372.9481126915835,200.0,8.326014276889103,0.258919705192817
1.689929073003335,0.08082607763301693,0.04726200609098757,82.76688743474993,200.0,4.648368439172767,0.9362764337229318
0.5186574281797867,0.06465575817314012,0.09876679970522245,374.5420374688255,69.0,1.8480054557264043,0.04863099124782523
1.3719399111201316,0.046918661165282746,0.06396680691899553,21.922000076278916,69.0,0.9399647348384075,0.26723092743417004
1.0660909325589092,0.07651620664629641,0.053329528166806764,221.397698356797,200.0,6.507732420176363,0.4623056389579503
1.7633561003511025,0.03689423137314225,0.023976436607378453,92.15678703400128,69.0,45.97173092953127,57.603108067687536
0.865464648585505,0.028621766823260036,0.04263607956482664,215.96772955794393,69.0,21.554526097804526,3.658638760939482
1.825035298519097,0.08263653438439883,0.03339901624121499,255.4170804420763,200.0,30.34121794344165,10.086038410136753
1.9535800987063554,0.034014282873939844,0.03680011119734287,114.0553697095163,200.0,29.022754510948722,10.032997119000825
1.0215963196403115,0.02652213278594891,0.06531132547689306,219.9151487078055,69.0,11.915170903961656,1.839628240173248
1.386982301014756,0.07273398842188869,0.07275071274586105,345.43299520817914,200.0,7.467480200735023,0.6581992921519709
1.2602165159932945,0.09496206855240716,0.06847075786595547,218.55479271208145,69.0,3.7119004137698632,0.8318426152477904
1.1519689300771874,0.0943855431007823,0.06261583213138187,487.6562994979517,69.0,9.108189607290454,1.865044026148673
0.6440741430741632,0.03554958581884149,0.03821269125302695,383.4876066461192,200.0,28.54885218606511,1.0330741644556636
1.7306614772227897,0.05378160617709496,0.06062490105262802,187.54292466838237,200.0,9.852086309541987,1.6224830333442746
1.6108271202828452,0.02874782025243526,0.08322884904278587,254.6082853390986,200.0,12.357198325504223,1.2841706477980934
1.0712083764748446,0.05188683018383458,0.0481642445462993,162.86502587746995,200.0,8.696537969321602,0.6906345647197754
0.8216552585609186,0.09393063261458215,0.06850788555315279,71.30548242154296,69.0,0.7973985425833409,0.0759230772711184
1.0637754714027245,0.08867209191970056,0.029540806370723063,277.6733345032724,200.0,22.90360007752013,2.9245570341644274
1.3183407731814705,0.08375735373943517,0.06370083007717914,363.1598229846769,200.0,8.452080004306467,0.7686924596080928
1.6365898165778359,0.03735035300083786,0.08259809944130164,73.57632027117997,200.0,2.835269455431686,0.30646629577298923
0.5264440686061294,0.07089346041142072,0.07941414868663349,104.13997024706106,69.0,0.735730892271977,0.02480762744583231
0.6889080392125373,0.0827497504170389,0.05920433218378619,74.47902942182283,69.0,1.0613847555871512,0.08220562105539882
1.6887943587158187,0.08148877019203002,0.08459052239011632,121.32068027663846,69.0,2.108247914036429,0.6867729191176801
0.818197147675029,0.08449180792019562,0.07786093853991634,479.8806615882933,200.0,4.599266642899831,0.13181463207239996
1.6823946135179955,0.05477043234861975,0.05746430175240744,187.37315385611683,69.0,10.457889515966155,4.976927381722258
1.4753163085963847,0.04173931846175252,0.025235679784677167,395.9483816816144,200.0,131.85590881306481,37.90823988983884
1.1626791794007931,0.06606330028544045,0.08184040877848993,478.205795515829,200.0,7.539284558948809,0.41510778819813665
1.2551324671244297,0.07646173838642863,0.04966256344824517,138.76034513686213,69.0,5.541199063245304,1.6982960405587735
1.4431598297533834,0.043660540699925796,0.03841228280854624,134.83526104507473,69.0,18.12340590563233,9.494196445315454
1.8519177367107837,0.050657709533087486,0.0928111797622419,264.90678863548027,69.0,6.745589262432518,2.408366806410825
1.0370560787741807,0.04155972831458174,0.09681225573221759,178.42982487200769,69.0,2.8502802439802366,0.30592949968115246
0.9045182720567314,0.08488682235871486,0.0905526993261787,121.44424733120572,200.0,0.9468963969165924,0.028517700076181145
0.5178914073375886,0.05421465638638562,0.07824934303236805,152.38949082784646,69.0,1.4264838668872402,0.047241450679449494
1.5426506746976572,0.029816720175308068,0.04189802290458774,134.6601658481377,200.0,23.812832634468997,4.508493645822167
0.9784982533719944,0.06867754552095347,0.08435723463755944,210.4620147051438,200.0,2.5282824749215282,0.0956537751002627
0.808532653750803,0.0833558369904759,0.05493379266605547,360.55148453623957,200.0,6.9534593143985255,0.2758260039061328
1.1268946233851853,0.07291827926948759,0.054135530914150215,57.06993697911373,200.0,1.8056797928011,0.1411899214078079
0.6976271929872606,0.041624762026582524,0.09704316335646296,367.7247339343266,200.0,3.926592565540206,0.06564118939947461
0.5996896344290348,0.05769547890307494,0.09029708498622116,153.80909161133246,69.0,1.1764420962893496,0.04526990263768196
0.7733259236293162,0.09052904243632788,0.06925017770156335,171.41570640480867,200.0,1.8320390273547227,0.05273727822730414
0.5071308358281799,0.08153288867830745,0.09197124798482147,60.479229050686364,69.0,0.2668336067511582,0.007209217594690936
1.4088306186966877,0.08615884222972732,0.07915965956436452,46.34631833238517,200.0,0.7256339310522201,0.060647090869274195
1.9207523704377059,0.02949605321433822,0.06236913331709293,110.0976795215307,69.0,11.05853170701091,6.3201904339965305
0.9846197043993365,0.07947525839899934,0.042445654616669944,206.6591386485212,200.0,8.526601528384244,0.6491701209040028
1.0532704034779408,0.052314735476549135,0.07116900150822789,274.2345491406406,69.0,6.54044834404875,0.985044973197554
0.7294622853958108,0.05950916965736065,0.020111228658102415,374.62448025602185,200.0,68.12227585403083,6.008069888938579
1.0025546445788511,0.02763192540881424,0.044718041890665736,256.65319137122134,69.0,27.940184385020366,6.0676740968311185
1.649626873769138,0.07535897292780078,0.07383127159816383,77.84460374177405,200.0,1.8756414346954982,0.23044095219834482
1.1035659672079525,0.06927214034345071,0.09383457672483095,442.70311054897604,69.0,4.805933062186561,0.6026581945300433
1.5024205859449988,0.08904387878468811,0.09751079691403167,472.46591522850986,200.0,5.030414567401253,0.3881618672938525
1.3648317629497018,0.033137304237522314,0.09168713041575731,273.8554014967971,69.0,8.050405316248318,1.5802553093962644
1.3409451615116328,0.07365294103760069,0.025935634477960753,328.9629114511404,200.0,53.42264144200888,12.346084956938721
0.5215918393175865,0.08399752621854915,0.05395417018724036,247.66944902042601,69.0,3.169844407592538,0.15443088272560232
0.8791585807793472,0.06437206798874581,0.0579710465665815,202.64355756591675,69.0,4.941189704205752,0.6365235491832277
1.0114491338841458,0.050773276141348314,0.047147550552631874,271.1143930368878,69.0,14.577881465843943,3.0562088124677667
1.157231561740632,0.0768582372827301,0.039450816819185094,230.72257281423867,69.0,13.39242389655478,4.3924151162747
0.5337643049134531,0.06773994141584183,0.0736602963708327,303.04827579867725,69.0,2.640589272442641,0.09867930850754902
1.2076602190125063,0.02973257561818244,0.03481234227197092,76.54129672608654,200.0,15.391920262961973,2.14945237311331
0.729252596495199,0.05523538487301777,0.028242828150768763,483.8127603961129,69.0,48.04772194735742,8.741384759787856
1.7396231811258254,0.023080830451065654,0.06808772088191792,252.66291167212168,69.0,24.646707333317437,10.584251075559965
1.5891472058781222,0.09999002396211458,0.08095938957041107,152.8069708753145,69.0,2.2231431253514278,0.6700205235671218
1.5707152117332204,0.09765698092919353,0.06006607317305439,196.17151188091262,69.0,5.24714255980948,2.0823233666358725
1.0019547564657074,0.07781177909150595,0.08888865628421568,256.7070792058096,69.0,2.5101471398562145,0.2739105193800018
0.604135505717486,0.02362588977007766,0.07396328892284401,417.14563768161685,200.0,11.699107036652448,0.19243495645490602
0.7979624020507292,0.09865125483281365,0.07693829930896177,253.78240435205154,200.0,2.080690138572001,0.05739954237231426
0.6134411016361612,0.07761622554063201,0.04980229957703522,115.21260663898757,200.0,2.2027885579031143,0.05548146281140214
1.2927297814397019,0.06257271950734246,0.09942696443598013,261.60222960594007,200.0,3.280250832148634,0.18377952611974396
1.3822986584558845,0.055740732108916516,0.020220228254675527,102.32899010005505,69.0,37.239775044046304,34.000430687490294
1.4205365666746275,0.05417867387991267,0.053579374864358,245.07277815757502,200.0,13.42997137143463,1.6860134122961483
1.0691427219608838,0.03900451018564855,0.023301189694292318,338.24313828263286,69.0,102.4577725519644,48.562141778307904
1.852429244231539,0.0856618999080175,0.03388559501601535,190.22729759775612,69.0,21.495511438786885,21.031757902532142
0.9694314732543516,0.033945184683260736,0.024077020104867362,449.24171480887793,69.0,132.78982401306322,50.079033739543156
0.9379401385757409,0.037961966604883296,0.05465519450054715,263.0212744908096,200.0,13.052859362285535,0.7003307619666649
1.8032875274213556,0.06049493952579084,0.058362549436607014,129.27483599596036,69.0,6.788013043832005,3.6542480283777468
0.8350035883645079,0.06226375338101922,0.07167072748787022,159.83595572584602,69.0,2.5037741521356733,0.23533670730752967
0.7316195702598789,0.03087353144586932,0.028342044380046075,306.1940500724887,200.0,54.198174062533376,3.4119515453663394
1.4380907462231156,0.058218516545043175,0.03296249937308515,412.27727303652085,200.0,56.23743869293723,11.761337888367205
1.6650928038854809,0.09343924531407684,0.05164161453736746,90.10984018782241,69.0,3.6127088938348386,1.8740004660080045
0.976424019539687,0.03127303925203007,0.06293864593746748,158.51214019371588,69.0,7.496306824677009,1.0971512885763612
1.207412602612551,0.03426329629870598,0.05046987373398226,351.9863160309199,69.0,29.217237887665302,8.154136884942485
1.5514687275190249,0.06441554193046128,0.06974750183314699,285.0995149738211,69.0,8.469207551819698,2.8239683270624596
1.6095916844282707,0.09256728686949617,0.02633805955540506,284.68553575489153,200.0,42.816117808506256,14.038919896675168
1.1874666554994016,0.09892256512811641,0.04337718912415124,204.4705595789196,69.0,7.826818771315396,2.4582518167638683
0.8300593250247961,0.06626539930379122,0.03371799323053736,388.3136579259823,200.0,25.670409204820515,1.7485098515736743
0.9036476388876371,0.022091876898724515,0.05358389271199347,344.2734903463907,200.0,29.4274625237484,1.4948428424010918
1.7227232245944437,0.0920489392856369,0.05049223602216309,306.3222026002547,200.0,13.492028178584413,2.643397034558171
1.6453834797390554,0.0445107197918289,0.051360230959541855,493.8170145187871,200.0,41.52081589854008,7.295447243661176
0.9391050893105066,0.07680388440732606,0.08685784685209685,83.48268353891814,200.0,0.8118214864154197,0.02747632317166756
1.0445391174469467,0.033292983946459014,0.0775107063233257,282.093391963998,200.0,8.838788903120008,0.4147240586377347
1.6510110245990242,0.0928911148301291,0.0344017009591841,62.80579242657034,69.0,5.659354714819994,4.332580050805596
1.6503624926644855,0.02859960513782158,0.03851017297695176,262.00254928699644,200.0,61.168120556380764,14.420725248842096
0.8031121767093038,0.0306957127059019,0.032263404000943366,388.96935380930046,69.0,58.660363822215224,11.330436401702695
0.6259632151521208,0.08313324234973697,0.047942155276180315,498.9346645211181,200.0,9.806948936082767,0.2671731003754975
0.5419712555241855,0.08086610158077692,0.08807224663175472,299.54092127082276,200.0,1.5528839750855659,0.01726359288176945
1.5881683794213823,0.05473224040438866,0.02251205737678393,452.58724068355673,200.0,155.48070516276255,58.067502834021596
0.6836767651530533,0.09539560740411558,0.023855064293738116,224.06585673947785,200.0,16.931217711556037,1.105829036287831
1.057491566481311,0.04856665028437826,0.0736553686061737,174.41125495701584,200.0,4.200062033813467,0.21256113871620505
1.1378338880306524,0.09253363077836542,0.025638648318973944,259.54393148905024,200.0,29.130714702975588,4.90334541724601
1.8174938738585817,0.09114140150529432,0.026547362057993792,357.6772159385611,69.0,60.72353336556392,73.00308664935642
0.9053067476290653,0.08019827967948846,0.022639147723484847,432.8710422138857,69.0,57.203202394839884,20.00835729462234
1.4613007507229978,0.08174377900063098,0.0816432150168695,28.383317511296863,200.0,0.4567295439870555,0.039819606772257266
1.9752795820861024,0.051776155758718426,0.09321945420030883,227.50020127222325,200.0,5.992647004978984,0.8360803857222812
0.8796191537851834,0.05178235501077723,0.061157862534026594,227.51631541421926,200.0,6.19972004746029,0.26144953943677035
1.3536355445364296,0.055948214344710756,0.09604138239153419,88.92279664563537,69.0,1.399468340171245,0.2579691812179442
1.4788240931961032,0.04209393824214387,0.08702965147539818,293.82866072567543,200.0,8.177261294621314,0.6849398138083429
1.0158600468673198,0.09785217020129698,0.02975444017138468,16.54953461361318,69.0,1.1643857643254196,0.39018674702538475
0.6576041755580173,0.031647467771675444,0.03093530113369239,302.27627504885703,69.0,39.3796826697487,5.318714010728113
1.0925629976257656,0.07003474730116477,0.09821756889837893,416.6845477037821,69.0,4.04308812412209,0.474762768147941
1.1942701308009513,0.08448393870881109,0.04692292482323599,337.1863635464264,200.0,12.989113772748903,1.3160680085708831
1.3084042642900713,0.043733149614555294,0.02404407731684117,466.0094432584968,69.0,144.6974678108951,99.53970910685968
1.2680379979652399,0.05254132545315793,0.07966322636963853,140.45942742684994,69.0,3.2049230352332634,0.6250055861398993
1.8782121501411813,0.09336720325687008,0.09096909105078559,434.6463002337601,200.0,6.339424333909822,0.8194529138254816
1.7147103450807197,0.047928676612397164,0.03831339203403987,165.02774834720694,69.0,24.132501843109385,17.89340248364724
0.9756911007655946,0.0953421096319744,0.02863668545040672,280.9457961199,200.0,21.035647108013553,2.330969335334812
1.6579838200809627,0.021073223227107026,0.06270210819377246,299.6343412218663,200.0,35.977242308726,5.257569828260852
1.8980846447575033,0.0571949679989541,0.09507819353526638,15.63911879841447,69.0,0.3444763733502584,0.12611574811127926
0.5431217771124942,0.05045649569431818,0.08592475943984137,224.07623114142095,69.0,1.960155492600742,0.06501690359107992
0.652472076950387,0.02068054918906941,0.07604771924602974,449.39815310471886,69.0,14.709909784610417,0.7956229952293346
1.95035474536974,0.05298489439575926,0.05475346251489985,122.89765097580197,200.0,9.053847889886326,2.0966578928046835
0.5698787355478534,0.06516018065636878,0.020376196923716946,245.241012784383,69.0,30.995472794796818,4.773090736511108
0.8439457548934064,0.08888081819055503,0.08394124279133107,378.1853137091046,200.0,3.0578178352516976,0.08648564443071141
0.7475764820829478,0.03969213895411185,0.031629752057781575,322.4026982535053,200.0,36.417444797990136,2.1448834062300204
1.6583963109367972,0.027876772433696555,0.050535308534985376,383.630620376101,200.0,53.61922155153261,9.72704610333634
1.3340475792213495,0.05841459928369813,0.09921735594116335,62.16465899657556,200.0,0.8653054215390755,0.05173722833512142
1.950562918607113,0.043994552742254306,0.04353177766103514,189.24467120346515,69.0,26.565816097087545,22.4334639047401
1.8240610582658627,0.06241659499010668,0.0698674784963719,290.9466199312051,69.0,10.450900800661527,4.808582252248676
1.3539910272549909,0.022105364898144686,0.03440253279911449,306.3091988084652,69.0,95.11489933888176,48.972171072994186
1.8649043543210535,0.06330892517173814,0.0819800458816381,281.55172801977886,200.0,7.404312775737954,1.047052529451564
1.6961639273337177,0.042256086247107624,0.07970702975268189,379.15989803529004,200.0,14.373381385500664,1.7293253766400738
1.832673569925739,0.06686619963304866,0.09282128018407981,457.61039302517594,200.0,8.734348134455885,1.0534936515067286
1.9485527086284793,0.045063812114222404,0.07607012996470988,248.43298938968218,200.0,11.13823636033158,1.8531276356145439
1.8402497937634366,0.09966618447960267,0.06530792128023018,490.3130259917852,69.0,12.735673175176192,6.380713585918387
0.911202494168819,0.06211388122816881,0.03178212521613158,28.682932108263824,200.0,2.499396510503633,0.21765105155295064
1.9605481174473272,0.09253634130222284,0.09602734833543607,459.6647072699669,200.0,6.336766708626755,0.8454862293579769
1.0572156383756393,0.030165213156296923,0.04583191583523187,75.27818218381557,200.0,7.5360111137185,0.6126034256674585
1.6050636296651706,0.05814710422757094,0.05387149602973165,286.87403956317485,200.0,16.371504405303526,2.609713343181935
1.7089425591770384,0.03862019381707438,0.029267625346696934,321.57053052527857,69.0,99.67024711382743,96.0931940562227
0.891096347109152,0.07387915258815626,0.09983872295385958,55.52937002134064,200.0,0.4031611917446361,0.010688278832785513
0.5164625103761222,0.029235634612711288,0.03455167656564528,490.89749252765705,69.0,43.58430140521544,3.250859631606375
0.7964329882488448,0.022450117550986724,0.07166333220390786,325.74557588926683,200.0,13.501014416664562,0.3983333131517322
1.199261528044791,0.05959350055005,0.08027068778033605,59.349547240609546,69.0,1.1121662130572796,0.19253077860033696
0.8980315327081216,0.09113947399552749,0.044222312482152484,96.1948516943723,200.0,2.9080726390743434,0.17677698367091854
1.2507896076643743,0.06215385791221337,0.09254589713666589,108.44578270096979,69.0,1.5288530779239187,0.2497104749623719
0.867899297077497,0.04827478542839769,0.06475398460527565,98.75706223617124,69.0,2.540594782597167,0.2855401791514164
0.840255573080807,0.06854676845635244,0.055340831624257125,103.3300268095084,200.0,2.4814803838880257,0.10552775860909441
1.3174909328439772,0.027482191755601477,0.0758286992602598,484.23791260789744,69.0,24.223622845144725,5.357478168287077
1.2703244027914278,0.042200614693421776,0.06000480501772891,334.2489840116831,69.0,16.766605750892214,4.356603696690885
1.1459399014046923,0.09132534206975483,0.09790811984228055,132.00658053321786,69.0,1.036764085343814,0.13435213346358074
1.952444403714824,0.056515735474690285,0.02205337497895499,211.6750856362725,69.0,90.21529280269283,150.66837470298856
0.8597618009169552,0.08683878193303968,0.021238363721840018,436.5386247958428,200.0,57.49052049756359,6.6697602465961205
1.649248458125247,0.07573471171045677,0.025486158006306575,88.98047178700773,69.0,17.8989816211102,18.456773154820358
1.7221476325860816,0.03740802967031413,0.07346645184553567,410.31102897577153,69.0,20.998673216862418,8.190363894088078
0.6910492299620905,0.08025476877210655,0.05838501273275043,273.343030965797,200.0,4.142806387916911,0.11295097340497379
1.1212634256461222,0.06525485315750813,0.07432423771754991,132.50945938789204,200.0,2.4730451461241874,0.13944265351231663
1.3401913642295693,0.05643762796856244,0.08493334629303176,350.4948048519311,200.0,6.922682724934819,0.48798735468840726
1.6478847452790335,0.05582580411500361,0.06375472517788473,429.92504138520275,200.0,18.733161713265645,2.659690587188088
1.4475027142462102,0.07799214226752628,0.0953118363441697,258.37566696281345,200.0,3.167216302403215,0.2320857126965682
1.2777671412096707,0.044632181412631304,0.08022562186262482,260.63111648009306,200.0,6.955925669767268,0.47187179266472096
1.741917524896073,0.08196474231711287,0.05976623602697191,144.7452927222914,69.0,5.167070637645896,2.534564340109674
1.1474355855328462,0.0960148022162943,0.08026695439238368,457.07807457527446,200.0,5.086958484439427,0.2781357300562493
1.3746463225001782,0.040718492431565875,0.05563979140637118,244.80820053686654,200.0,16.017897492554862,1.8133461364073589
0.9777902265970815,0.025055803847764395,0.063330615920189,277.8985414633251,69.0,16.223608058949075,2.366381537173848
0.9333589249465314,0.04643198946322684,0.032084594578640734,466.6464560924966,200.0,54.67357883388089,4.9483118487099365
1.8955455154910887,0.073022727963548,0.08567670188709366,469.11274071057704,200.0,9.953576586042244,1.3914371737298
1.37503505529433,0.05609997714716222,0.08419657291642856,398.15255382667715,69.0,8.25967602062811,1.7920733806672706
0.5672807344700623,0.064818758177198,0.09778555623786814,52.77429485819138,69.0,0.28981549198635376,0.009215154179187439
0.8186719956758156,0.072860687754303,0.06550081756702895,491.3935893548874,200.0,7.721540676127525,0.2633636651623273
0.5039216485531299,0.08377398418763216,0.06030815038798999,410.83683670073844,69.0,4.076828613090359,0.16585635919287423
1.466013924187177,0.0591878045768373,0.03015513999179091,199.2200635008475,200.0,32.558732579238914,7.735013526054965
1.1886069154661327,0.05298916981299233,0.03449669529558108,259.30457114378146,200.0,29.32632040508634,4.003458520736828
0.8910035130402653,0.09129066653615794,0.06997063850395398,141.672855107602,69.0,1.694569014606824,0.18576415096565418
1.7526910682478198,0.09178884431689517,0.09856608127591544,306.1679881037581,200.0,3.6105346845079,0.375088304821856
1.171622823512719,0.05820413783359245,0.03932816942727151,437.7907448837666,69.0,34.18568802112149,11.52858190835376
0.5951211143571422,0.08237314504492389,0.02364152669375713,311.89729969501786,200.0,24.18975887520164,1.207940336911679
1.0682977345276914,0.05751492185267491,0.08436461777051271,281.1577803183308,69.0,4.402429838514785,0.5754086220644588
1.8589586915072993,0.07909966510643009,0.03680660520993821,220.19699792826216,200.0,22.919556661545542,7.172964370828552
1.2087280731798558,0.035942661853375996,0.0735934695550341,96.56194325860922,200.0,3.59746902265419,0.23806401174248623
1.1233648456364835,0.03414536562321668,0.0835533724471375,298.72878707555975,200.0,8.446745705029892,0.42525148519167966
1.494204409444675,0.041946458679956944,0.056405059043031114,317.0356024339215,200.0,21.297953846013765,2.8100794310537607
1.918112687145848,0.06591168594999382,0.06775252065670913,100.75891116521775,69.0,3.832617681893649,2.010841907549674
1.042059132840275,0.07009446019842332,0.08918838103197312,437.19069178942533,200.0,4.902462323255503,0.1989616884263585
0.5719464616010395,0.09219262742294052,0.03758414909510614,385.54014068971406,200.0,10.159459249283794,0.2947510567017454
0.9369777913288826,0.03609790496455678,0.09070861269652583,457.471097610426,69.0,8.658948601534803,0.8097200279050834
1.9227843207905018,0.04507833852335961,0.031273180990992196,403.76002888177334,200.0,105.65574775265384,41.63522913122464
1.6313306460504973,0.08159522843646232,0.0359534267640342,261.6753086742832,69.0,24.283464551629713,17.36656788524417
1.180497841851434,0.037357148096761064,0.02358144439625156,160.04229885376384,200.0,54.56783323541274,10.749182755769105
1.1631131885858665,0.0907818142186526,0.049093785564934406,340.21208568369167,200.0,10.851032587978231,0.9967064120304557
1.938274853185721,0.04766281668982792,0.08610558578027072,154.569233285588,200.0,5.086830999953533,0.7398189505664651
1.8805289095832656,0.07225871407624948,0.06524820148374813,239.85784922540412,69.0,8.797471748152388,4.606902430048441
1.8684774390756667,0.024382337255224887,0.04128767388759094,201.28710662054655,200.0,54.292382513529866,15.302872026405272
0.8669593034284169,0.061416703640244194,0.03109327409692919,420.4153003789386,200.0,36.83062265425596,2.9676916438598986
0.85074987906205,0.04601749345137453,0.09641847409151047,172.12159909688177,200.0,2.0537380586479,0.051388664880582566
1.3940524596158086,0.0684717750703607,0.05543012945063032,455.8955182476195,69.0,18.12559691906263,6.139942573437092
1.2124350681244787,0.05512365387433599,0.0712586150185975,482.8406885266648,200.0,12.548761025678115,0.8628974697479131
1.1591262624353669,0.07413307468822444,0.07150963268703292,163.85549722124023,69.0,3.0060894876317925,0.5457057116728741
1.142112355540689,0.07312581137839129,0.045660620340972985,319.2912297664851,200.0,14.35135002681598,1.366618685275465
0.8051158823967458,0.03708273436097247,0.04951407959314437,157.6241897169772,69.0,8.375357240443337,1.0593782887705463
0.5445142281097333,0.047593688525694816,0.07163153930607379,193.6653682380796,200.0,2.59092306238114,0.035747645523186704
1.3017158994266067,0.040130627935982474,0.054206859017226425,483.3786618256246,69.0,32.016252278460705,9.669595776863664
1.3122743908904457,0.03952199369970637,0.07447196794491688,239.02027334251417,200.0,8.58590615773479,0.6617917663351167
1.1907492789813237,0.07044367459464387,0.07854141725762621,375.74046980166594,69.0,6.1776042341727875,1.0775108521508607
1.633358980970832,0.0435298366264752,0.038469244986903774,440.1649006796411,69.0,66.96285178221744,44.868672238955966
0.7588419326686293,0.03275631858790723,0.06640394814035615,426.3736391298653,69.0,13.44033297643607,1.1261037887239393
0.5112143256354005,0.08376600419469181,0.05450784970053636,298.4878850474272,69.0,3.6787059599924103,0.17041260186315743
1.930868408878922,0.03317394089334571,0.057071097442158145,178.45710763898379,69.0,19.134109855503645,12.076943751396417
1.046090406417627,0.0836066637052367,0.020026193182320313,290.625903827919,69.0,54.402279147280545,28.7221391564897
1.7125637755545369,0.041740169498176966,0.037865948506215996,238.92903828256044,200.0,41.0218319039048,10.591036457425687
1.9643869542065748,0.051957420730099124,0.052370171279128824,475.3715704020692,200.0,39.318407964071454,9.657056183105048
0.7731129207394944,0.06221954403008943,0.08839296688501028,462.9792193154447,200.0,4.417671657172117,0.09957271089525965
1.186138564824656,0.07158696162362473,0.07215753946710711,360.6032199120856,69.0,6.885237348367896,1.2970828081856351
1.8716932350009419,0.0691445743108266,0.09707006214507409,102.58222809220996,69.0,1.7681916127774642,0.6165566837410065
1.547765297874499,0.09121400336225619,0.02987143023240174,347.42974865890017,69.0,39.64147509513875,30.71592866243411
0.9907112358102361,0.08817524903068015,0.07638730563519172,498.024668868652,69.0,5.75387093382692,0.714319903505797
1.7847069350073472,0.0840237115679793,0.08000653879338059,73.14412803217053,69.0,1.4562797205484583,0.5601609008794319
0.6201997933768468,0.0899916848945528,0.08571307680948453,76.01080866100092,69.0,0.42782057516134275,0.01854972462509146
1.1616423733592216,0.09218709768432187,0.02457779785227456,425.8775630744313,200.0,53.30308901882923,9.755129661535587
1.2103546013846729,0.0758748816925341,0.09910816920082842,256.4632835958089,69.0,2.499033858371581,0.3569008546985916
0.6360519286289043,0.09388699769367882,0.07901152460395405,16.79776981802695,200.0,0.10937274561926773,0.001866734549182327
1.3551411022680826,0.09889671841103066,0.04359597469303007,497.8145351957774,69.0,21.53419674283948,8.764173586662505
1.8237312282245712,0.04384787184546835,0.058054616376940565,56.81874400891384,69.0,4.207088766912465,2.3287680574401515
1.2689611669144023,0.07722712226394625,0.0875397287537904,285.268748078191,200.0,3.6700631183407415,0.2250317232162848
1.4992830664005798,0.08562341725175743,0.056423395361958104,17.923350121481427,69.0,0.5914841132314723,0.22767261165591862
0.8423534806103987,0.036793536186757285,0.021129784941426807,89.75949526605238,200.0,27.61622699726708,3.0912687365763576
1.5649112760926338,0.08925921833331893,0.02445734668454656,161.6158698002624,69.0,28.42190708777892,27.496851338053922
0.7579408955132374,0.06813343732313683,0.08647466360547063,352.5455624702415,200.0,3.1467611619014817,0.06968259674720476
1.220808861000133,0.05644194194043628,0.04460239091638506,308.4050838300542,69.0,20.118807004357425,6.49529799603205
1.944614522824108,0.08546945155282734,0.07598461262249681,414.41796548230167,200.0,9.7985344733268,1.6254786370455188
0.9151646531060231,0.07611724282987296,0.09452590818736542,49.30971578027082,200.0,0.39810554025247785,0.011757759799003151
1.5377856801628278,0.020299672221179232,0.04565375842388762,171.91287645424248,69.0,37.4898214090638,18.762387889783103
1.2506463428844357,0.07540083490552316,0.07220304876461593,346.9708355810757,200.0,6.623560584455819,0.4782816924242138
0.8512650948051438,0.07370115026834215,0.05637556854190695,152.4095750390151,200.0,3.323320243766381,0.1423933329670333
1.9272641104713282,0.0458795497959947,0.028528760527208954,107.89328361747064,69.0,33.41195904086608,42.03017082320187
1.9914195627649494,0.030014265553796857,0.07355524321501769,32.18467337848196,69.0,2.368144142881765,1.233615125994366
1.1641545348628641,0.07799898310055435,0.08086524022983634,474.57699985533753,69.0,6.499139640927725,1.0523856219926366
1.6271000592115046,0.02946160415845328,0.08787749876837533,427.9809750890784,200.0,18.36446202900215,1.844199034866484
1.3495825336204998,0.022586471471305183,0.047368752016488075,449.28530406650367,200.0,71.78614591747012,9.200815830603819
1.1117107759984346,0.057861703345827714,0.02874959114275315,247.45979575460663,69.0,34.51383001991188,14.335233256956931
1.1191011998565539,0.025040118570938887,0.03530579820055996,279.15411745030036,69.0,60.053206272857054,20.58204569069706
1.7984008544695953,0.09440952741072968,0.09985703378904445,206.99290239847153,69.0,2.372575592393371,0.7424616866849785
1.4175025123234493,0.024952006444838377,0.0458994884382723,21.73733975406862,69.0,3.5169024051454616,1.4875096651771287
1.8222374190044643,0.08173015401040434,0.09944592073810507,343.18925314661163,200.0,4.642304537152098,0.5166962624734739
0.5520094512235714,0.05333779404620419,0.0993833269478294,247.9411198868868,200.0,1.5587777936327913,0.01593097850112764
0.9530771357002836,0.04150979885012687,0.027768752063181506,337.78795183528797,69.0,60.34761374031881,19.073021187115657
0.9155645839605626,0.03586948006006011,0.026498883824789276,301.36577769040986,69.0,65.72853081661518,20.089261117717424
1.3984545341044896,0.020860604134396058,0.054465304947558024,277.79544574747877,69.0,37.66673377045041,13.067556178173108
1.0550788609223365,0.07176417825988357,0.09974396460806013,122.11667278246503,200.0,1.0827549199178121,0.040280247294174114
1.991202449408675,0.07579594620132096,0.03802208770531611,215.56420943837077,200.0,23.50311504884417,8.169567174654338
1.637340808348041,0.05495711493340308,0.04729088373476699,280.8934428754676,200.0,22.45190275018741,4.242605396992193
0.8324637176200852,0.047302722053384934,0.037112177916830205,22.706533403310367,69.0,1.7407980201851598,0.31406693849704204
1.5765815926187798,0.02879452357449673,0.021063557064110706,409.6233052128054,69.0,303.3046266283239,345.8118529993999
1.0674386716358581,0.03183085167735571,0.07847722551959915,197.77154057089308,69.0,6.461337691747571,0.9064092190660007
1.0269216877719944,0.0936983363474206,0.030215125473499208,296.58839304523076,69.0,21.362990296804472,7.203970789541049
1.2237140864049716,0.07904165773415261,0.06654956672263868,178.4532378048093,200.0,3.742907868165206,0.28073888368167416
1.7380518844944532,0.04952991401425285,0.08394100653060554,187.36290133783382,200.0,5.5986287647163335,0.6716015932286585
0.6950766147052307,0.024949132083742366,0.053627341582585336,20.938983855569393,200.0,1.217058770074822,0.03654848516940955
1.8342757190136207,0.06985919369557893,0.036093130058312856,263.58559487077093,69.0,31.876077787684476,28.709737131700702
1.1481193067657143,0.0880525357557079,0.055978545642364694,262.66415800690135,69.0,6.557737011633542,1.4919905599985035
0.668280277669232,0.07420133193764585,0.07282052795994493,86.92515200139421,69.0,0.8858006728932827,0.05248789083834308
1.8830161037518207,0.04622664137721111,0.056608379925094474,161.52580648114642,69.0,12.319509307508431,7.455562281821561
1.2457031078421243,0.05239108289217992,0.09348247444608392,198.25079810716653,69.0,3.23640578333631,0.5190647243153852
1.8486995381709408,0.06079419549361623,0.09567630573343566,22.92909881914065,69.0,0.45701837057513206,0.15773264111222002
1.1458826657844388,0.04003199832199625,0.05159744183542367,377.20765716367293,200.0,24.3337078808912,2.0641400705888753
1.5207072120020444,0.07590144302530086,0.07976731229953454,75.808771680997,200.0,1.4322418678128028,0.13840805396380784
1.0992777100612607,0.06289227086456882,0.03083471238804982,437.37029583931337,69.0,48.242619000274,18.266925979622524
1.170937500148677,0.06831161043094157,0.09566804920362412,447.34254563179184,200.0,5.026860226770919,0.2401463921797774
0.8565173342793856,0.09707576350033281,0.02213688901126144,140.01965668729395,69.0,15.126290102161827,4.843371715962299
1.0296963245458872,0.059170637090672024,0.06826063888153704,449.3212408467994,200.0,10.068630879294284,0.5213113030392522
0.6745559577227191,0.09424627339202456,0.09393447888624287,276.12136633243836,69.0,1.3438630065040071,0.06289637031459462
0.6475286719650557,0.06415965654660113,0.09295505691368211,389.68117145719845,200.0,2.7309365073907963,0.04106154951094558
1.4988182134845363,0.04953563134159181,0.020472364709288052,107.40480107721022,200.0,46.52326494149767,17.016837230134765
0.8650978745559188,0.054502913520643154,0.06801180599560432,474.64227156563055,69.0,9.772250158941187,1.0389637829112905
1.3109964164313537,0.02869250517621784,0.05795115578926556,448.277830802406,69.0,36.59378599460085,10.485952865546206
0.6132049734509902,0.08281485626581109,0.05209980113775138,439.4376319456766,69.0,7.1923991488114,0.5015436113005279
0.7331431131575307,0.050654169972972014,0.07452099064801054,465.2568815421957,69.0,7.275458581802373,0.5070127980949194
0.7242054031865772,0.0926322295340743,0.0984074396352488,268.5801260332052,200.0,1.3009748539900468,0.023112303750817454
1.6431201577642145,0.049770656348715775,0.09128891804687718,452.6275370790666,69.0,10.758508278360104,3.0742012577467515
1.5073744125208057,0.045981977099135984,0.06924041764071608,111.63980063052759,69.0,4.580200008211102,1.4522008694855308
1.526278884324427,0.0319624436898556,0.08478323222178287,430.60303803663845,200.0,17.16336037402311,1.571950583024701
0.6835999657242378,0.0487178501901175,0.02602786036250553,336.7009178287255,69.0,41.843936184168385,7.258682119965245
1.4218588658620235,0.0957184613087982,0.047646133789507224,228.4062849699977,69.0,8.967362998542665,3.67628959721647
1.2895317977029368,0.0669827420077236,0.08034026958808992,266.89825034789754,69.0,4.7763873720285925,0.9551905520706038
1.879987444274164,0.025576065596375992,0.05393027564667709,321.9828854354305,69.0,48.82474344594762,30.915542915634024
1.2527861675310386,0.0797669591243285,0.058864555314605035,11.075393689608955,69.0,0.3012011331483795,0.07759188151264947
0.669262322771344,0.05587208638277001,0.04362953579980386,82.07293388666214,69.0,3.0987854746270043,0.3073713058587135
0.8228163415575565,0.050500261800565716,0.026203959573791655,124.06705948771975,200.0,17.6637608786643,1.5212507951545642
1.8860118966344461,0.09358084518207385,0.05682362652922235,443.6962330031523,200.0,16.616385603776695,3.467170634529508
1.4943677876715848,0.08819148716922215,0.035142335234900665,220.31889177442508,69.0,18.137297864903417,11.13567668555034
0.9093577519591475,0.022844122519574406,0.02921944160858729,65.968952308036,69.0,18.45471341828202,5.0462015214225895
1.9406876621367326,0.06341867950958735,0.027561932081971056,188.5812547150568,69.0,45.579431581225904,60.1769519803207
1.7999830932857175,0.09489299604828122,0.04608156122593425,358.8350254323443,69.0,19.232067566211576,13.064575221451104
1.8855522618828724,0.021098033665162063,0.08525904771353186,272.11732509725664,200.0,20.073499048464047,2.790220325219746
1.4131354972781545,0.07509479344047332,0.08743219544037993,214.91529665202978,69.0,3.1743133036922044,0.7004960122700143
1.4871455775157605,0.08918569546011382,0.03582487785011962,307.8309428318658,200.0,23.99674668383692,4.938025881622937
1.9431616776181615,0.0729073797087344,0.08597211972876158,65.56527950041604,69.0,1.4185588074870235,0.6019594457421171
1.1217959909691033,0.03820090924137813,0.07574175858550476,458.9816686588014,200.0,14.096652882010769,0.7807053110315723
1.2974591326061797,0.06839187659764165,0.07779159230119778,282.9144579456825,69.0,5.321453078393609,1.1126142063729687
1.0438048749719595,0.0668993515350297,0.08842220531280323,219.4396473780971,200.0,2.6274900204976963,0.10791880305506833
1.4808717857262992,0.028142809931668778,0.04537786500163964,249.90602350268887,200.0,38.31685523360284,6.172476743948717
0.6061761040473008,0.07539229127602745,0.08029214062268568,367.09841006566893,200.0,2.747005637147694,0.04190471425994853
0.8806099790931055,0.04086308638464686,0.09584778314764666,51.76200375150912,69.0,0.728535337403168,0.05695021982153743
0.6176394259112284,0.05938915235628581,0.03438914890663358,275.7819019759242,200.0,14.551308271685759,0.5380583559405898
0.8061833917818977,0.03300097818206114,0.04946756851822334,361.5114454446221,200.0,21.654053627588976,0.9483422147167409
0.7460019127121176,0.04326424820492897,0.06488638564436525,122.41901229167003,200.0,3.0081794097084136,0.08600204497963826
1.248672287684742,0.023879264913971666,0.06986639794191095,14.763059638705089,200.0,0.948895611218611,0.07058717103268358
1.5601101494260925,0.0974889792903243,0.0753310448887137,437.319183057815,200.0,7.399485688723916,0.7969238287552382
1.0676190002458945,0.07019782031079486,0.07568615340290057,201.158421011018,69.0,3.2044187784019527,0.4662566866860315
1.469918672853706,0.040876840006762075,0.06499162511673919,447.0096133503289,69.0,22.833333080029636,7.334291710071239
0.5461459788309491,0.057823405494862604,0.0768396195300615,287.4742251440356,69.0,2.759210445542931,0.10348484431294837
1.7997954751808096,0.03524131938607788,0.04873464600175014,387.2773672424217,69.0,49.96532679953638,32.08757360910626
1.5493553961465802,0.0972995996321831,0.02999965749231169,35.50523284142074,200.0,3.7692159350256897,1.005346025913867
1.438972869925773,0.0793355067793196,0.037812369526276195,39.70131172751326,200.0,3.021852938918455,0.5515988967631451
1.6359836224461919,0.08710490657759783,0.0339622575020439,124.26989422162656,69.0,12.141166376371034,9.24445714794294
0.6315325050463271,0.07346681323581539,0.05424641439038058,246.00515796699128,69.0,4.3117929261386765,0.3062936025659249
0.5381871246218405,0.08770689288463725,0.05024273562213591,358.4630617973046,200.0,5.228157740334808,0.10046638069130329
1.5535296556272982,0.07173909185436575,0.02211285062537317,339.9244028866381,69.0,90.32496514138299,95.24930525267466
0.6630968339517642,0.0822847322383052,0.08274321013653818,217.33694099686014,69.0,1.534891788540013,0.07880594034547421
1.8177080056884254,0.06472871734639629,0.022211841455360225,174.5172200865485,200.0,59.60017374844528,29.55220876974042
1.0966793970862487,0.06916154232090081,0.09932263951102586,74.08467123508062,200.0,0.7144932305531028,0.02883951685884474
1.412249679724705,0.029749110370186013,0.06599324975586839,414.5186056205784,200.0,27.110264238331506,2.731089612959749
1.6113539182982992,0.07965859700521324,0.09256978066816256,419.68069807765664,69.0,5.944154142835888,1.6108769134196839
1.3004598024160146,0.0568597256446368,0.06513209038451871,112.06045367564889,69.0,3.6249812598922024,0.9094195041651543
1.6335455634237743,0.03112510516983746,0.04872888730153207,74.73794360661944,69.0,9.91151015495644,5.244154653283042
0.8074273425978511,0.09905687796816816,0.049835751246469294,170.45085179319585,200.0,3.3565044222313034,0.14636318919027289
0.8895313001384384,0.026999390268948948,0.033977867286686524,209.20803369021064,69.0,35.82157313641028,8.059918632242312
0.7037980863789932,0.09331626254966091,0.08779766025847544,336.2767309574643,69.0,1.9741171783934208,0.1076083070142589
0.7874094778845938,0.045916654017535224,0.021984124181599302,118.24400782049932,69.0,25.173433783037865,6.8595277468062195
1.377605702284842,0.04319926455604638,0.03017068064120303,249.00743422943165,200.0,52.340989249574974,10.97451730341328
1.4179639872557377,0.021023843734776372,0.07259063484711469,120.97060960513173,200.0,9.2901561029101,0.8577319038334029
1.951683180967786,0.0243105018940342,0.0231348137218384,142.32161585876267,69.0,128.08713063426757,203.7594591124774
1.4636531803532247,0.03712900698273294,0.08143398267989908,491.74327516091967,69.0,17.538933273805696,4.457932745882842
0.8674110955464195,0.038359650904404935,0.09526229130274498,214.3193193953179,200.0,3.204209121434638,0.08435843627873649
1.1433701947374586,0.08506978246887362,0.05130972039059625,353.3511108891388,200.0,10.823555788741238,0.9192270399262799
1.8694530026770326,0.05080010994412584,0.09677871319083127,248.682556841389,69.0,5.8625530713913925,2.0454821664717904
0.895224420060033,0.07628566322359259,0.04150688054986648,444.2791640126854,200.0,18.157497795114534,1.1686339289710206
0.5054174227318113,0.09327120670770428,0.05169418068231217,301.09863108211493,200.0,3.6633577456883515,0.06034160231952814
1.0277498066390334,0.020968420930587862,0.09450621331115418,406.23248076183455,69.0,13.376018123289604,1.4444447810760865
0.7483439571112667,0.09580765282847722,0.06129103359052712,343.7855295478357,200.0,4.2889008663046315,0.13062620817094905
1.412621967207655,0.027241981294860624,0.03355832713630097,407.52999999378306,200.0,112.58939703185409,22.316590597595585
1.913903343963245,0.06373563746980601,0.027620755452464396,379.93299595331337,200.0,89.72734648289374,39.66505122615678
0.5476257914037477,0.0828017473492884,0.026923192430638468,20.626008965569465,69.0,1.1291658475002786,0.12152303759668417
1.3840209875313407,0.09968917497102692,0.05194580072988998,148.5231460562886,200.0,4.584998248552313,0.563576435587925
1.1272766033311048,0.0946922033673167,0.08876625959632586,366.0338429885086,69.0,3.3181263764358486,0.4589502804046047
1.3624456173120671,0.08307400953334386,0.09004028140010739,411.3883284184638,200.0,4.9932525609909595,0.3431340272927911
1.5185918016141877,0.08426497398538892,0.02130552992291052,122.77006428261814,200.0,29.2450933622814,10.551677732869988
1.3815895539701122,0.02927684905571524,0.08757197401872163,99.13822281993706,69.0,3.660301062974487,0.7708491546616172
0.865684965977964,0.0975527824103501,0.045303659719875225,469.86963155421915,69.0,12.189398303983683,1.9481768695265902
1.553033664167335,0.0662058094376318,0.025923997294823746,378.053985216488,200.0,79.17460512803218,24.554122795375648
1.086043778489388,0.09486478901067937,0.09418885393214471,450.0875460322708,200.0,3.4849095321858186,0.14546730909487118
1.2364294866812218,0.06877190020058473,0.03461432329666288,290.065397649588,69.0,26.115227452345827,11.14387737658159
1.4000060524087579,0.029667725744455975,0.060665527190528576,63.50944010260898,200.0,4.885974993627903,0.5261963552481786
0.6309490919813787,0.05731434680772274,0.06164090467879761,163.2464291778396,200.0,2.837839994536442,0.061092273259469365
1.7704224980787175,0.06489127259500305,0.07311395283439369,285.96072874719897,200.0,8.756846674830651,1.2513536548012538
0.6247507663310043,0.09778900674826631,0.07193184965137762,44.30812120616383,200.0,0.3282531423394469,0.005937177113650139
0.5520702707034694,0.06607658670816907,0.04770088931450371,128.41221918256335,200.0,2.8291202678058216,0.060254904283660184
1.8564056882007218,0.08389095977051172,0.054321678815776694,468.9103264157958,69.0,21.09854021483986,12.932564578578017
1.6520815097993866,0.0883245502466656,0.07349068437576105,186.23713156932413,200.0,3.869928817989993,0.4790847772780883
1.3852019730046692,0.02788725980217488,0.051523142124366705,204.24713876698343,200.0,22.930303847837212,2.8465080562094154
1.6658833340939176,0.05320946234110267,0.0729543733911795,163.90564546101803,200.0,5.78493138749664,0.7335247851334048
1.3614969459258615,0.056147434795292356,0.05429911328591154,300.9292597198994,69.0,14.849674839494428,4.897982168615423
0.7821103041246649,0.09244190812784796,0.0757871402843863,211.34383139362984,69.0,1.8678796612728858,0.14566292910535855
1.9421350226504672,0.051488127815216334,0.06469379231963107,93.28185775362289,69.0,5.044237616499383,2.8415245765576804
1.4213615480971278,0.03304167433501562,0.021562165036383175,67.84397595401413,69.0,37.663469694671406,34.09547423335262
1.8578419286261585,0.06406711965940608,0.056324193479371676,338.5098617909619,200.0,18.56547961765815,3.7923416591971653
0.8043961762886529,0.04579042455664047,0.032972361464227336,34.10033111382624,200.0,3.3060168996290784,0.21625878432985834
1.5480672478307207,0.09791121307798244,0.02492577792783978,174.68843471778226,200.0,26.673214165980106,8.548403644420334
1.7577419473526992,0.07936241572805397,0.08723044949489397,372.1753322285648,200.0,6.499842787260168,0.7674034040683367
1.1385157775258512,0.04964792393209645,0.03319198460422597,401.91759750035175,69.0,50.194922949990996,18.939317673164325
1.3209074290813823,0.06350226551422228,0.03345105675110469,229.65216724793424,69.0,25.614464311137215,12.908621038294323
0.9133337416220408,0.0682673281298321,0.04673130309294292,475.83510432462856,69.0,17.490754447787467,3.016610970198075
1.6108343295373417,0.041603180522787025,0.08717845668135717,26.17504932552938,69.0,0.8001008826914425,0.23008959329017376
0.787203211662614,0.0658381539735581,0.027069960313398003,391.81074304355695,200.0,38.35849542123156,2.9270248179091554
0.6635596926266953,0.09103612164342126,0.04271059761024,364.30191074505444,200.0,8.733888696233118,0.30013092363382626
1.3938309064078835,0.022458955897332517,0.02024152025584482,164.85318669898754,200.0,149.82451141401782,47.93344779407669
1.3633025081399168,0.05321180607846751,0.05528280008206196,301.15452012950277,200.0,15.147634116540468,1.6975320673496002
1.9126053219303536,0.03532024768051885,0.0923957543579527,130.87141198262267,200.0,4.980737191778857,0.6573112665456504
1.4718781294341856,0.0474040757872697,0.05730586585782818,33.08992032014542,200.0,1.87717595431213,0.23655294176056016
1.9414341119794347,0.0908860573021093,0.03826315718303611,497.6019141058389,69.0,43.560923797938365,41.45923095468759
1.8141162389757894,0.09953879652610995,0.023226000438043393,284.8013776489007,200.0,57.73207958761723,27.26790290243235
1.7796146644029687,0.0881361330924554,0.03975032014223844,454.6507673493089,69.0,34.85939944499792,26.83433714070304
1.0945261010609573,0.022551110443235878,0.04255592448906672,38.96319572518375,69.0,6.265330019946478,1.7041029088206077
0.6067328636829539,0.09122625833893591,0.08050614399441146,248.45066083418143,200.0,1.529716713431486,0.023316092499407227
1.4730417618572096,0.03792565247636899,0.07100846160034316,486.5015405571453,200.0,22.485226213126488,2.2903192423779224
1.8280598532252488,0.09341491215063467,0.043854881086879585,288.1421379651708,200.0,17.591235813611114,4.468255308945762
1.996129539892159,0.05423035058177121,0.07478692319401092,311.5135170865204,69.0,12.300510146384784,6.33190733858541
1.5019949077807278,0.03107271945238993,0.07343154836312492,158.54674362471815,69.0,8.527709583454998,2.5313155485138146
1.215907872911125,0.03422336299851622,0.09744370968204015,297.300177725086,200.0,6.674470033804834,0.33755384914305187
0.6737151913854278,0.04637300583520523,0.07076548816334871,462.09468220445837,69.0,8.043596940708756,0.4984724082813077
1.4390049964807385,0.05040835097379876,0.06863894452798863,182.22722262148375,69.0,6.624957926050262,1.9310645079414734
1.363728773331587,0.08299362196169444,0.0486911573622615,267.50061681719677,200.0,11.123952570429529,1.416262590400016
1.5461747058781048,0.03496881147086702,0.05169050077989085,175.17777639807457,200.0,17.393479637442475,2.6814617563127867
0.934379723474436,0.033898710864452355,0.0901897576733159,50.207781440262494,69.0,1.020817400851631,0.09547667924691132
0.5732889779999593,0.02707156270712714,0.08853289145245281,289.8402743577155,69.0,4.698518614646609,0.16852453517575938
1.8899930376212235,0.052048082754811056,0.03220381600362131,247.49566588910935,69.0,51.994767793145265,55.72272739896621
1.7912374109437423,0.047045346744898756,0.04404146060051742,497.42649869060443,200.0,58.58591506575577,14.227105487783628
1.9717410973858895,0.06766170695795175,0.04710370372663028,152.38139835058075,200.0,12.008258555282488,3.303722005788015
1.1122036522571943,0.08862296644852939,0.07207044775684947,170.01888693402975,69.0,2.4647451034051273,0.4087361747986057
0.6586723191400112,0.026256486423922736,0.09408172324767579,102.45767634964974,69.0,1.7422803098741746,0.07762672072999675
1.1967207047422332,0.040403662314077,0.07134582101256483,280.2587327400258,200.0,9.784652278919273,0.6546982977455282
1.2995807286475491,0.07533429938015677,0.060370672537620684,324.9225230715818,69.0,9.227616742484898,2.4941910115055026
1.1380572110916058,0.09809386603307761,0.06569110095839693,313.5016720819852,200.0,5.057085248121758,0.33235381578809
1.5421185405532247,0.07212377038661046,0.0649298963407203,138.05133620208167,200.0,4.200894572200459,0.5128747702134351
0.813340780479261,0.0853938047270095,0.06170276311440899,145.1625002860854,69.0,2.1789268430573854,0.22570583308530842
1.2816071478721742,0.08349136468801148,0.08128062055599246,381.89362912679496,200.0,5.323938175710488,0.3586200609578513
1.6306510788499722,0.034058066744436066,0.025140709548841587,317.319872816878,200.0,144.22299513957026,50.84611898009169
0.8920087638332201,0.029502083104161664,0.0581016255614385,228.69774703259108,200.0,12.290031880860715,0.5610243536561828
0.8301379415432792,0.08874768847056048,0.039828629285544474,56.58278611218364,69.0,2.001880141908398,0.3346592928296834
1.1994332767957756,0.09516905850682873,0.09562708389857487,277.42559340097546,200.0,2.294120733738637,0.11504461370000504
1.5951654009154437,0.07116581156624087,0.06665881214201334,39.02568757053821,200.0,1.1811933358994071,0.15029813982868884
1.6357856423744874,0.021525677393311505,0.039839752939377755,76.5407574374361,69.0,21.98772505579947,14.268426924134696
1.7008533511899864,0.07794323623168921,0.03768532692333633,355.8106063437571,69.0,32.80303308700718,24.329607637021677
1.473904563737136,0.04931516337708313,0.05727403178554659,396.0608648331631,200.0,21.65142858130074,2.7374504890553606
0.6135927781854553,0.07461902459712247,0.03467889551816941,340.38714528932894,200.0,13.96447324128204,0.5053572785031144
1.6928579000729118,0.024892612322753634,0.028740917406605365,369.59260689896865,69.0,182.56742976802113,175.88278517689565
1.7043667693329414,0.03455764995780207,0.07970777944701495,22.032960079894433,200.0,1.0262225035511925,0.12466532820685393
1.774599627739264,0.026079336755936842,0.06262394104242042,41.3619033759211,200.0,4.306007874246424,0.7217951208242165
0.8300718828550249,0.05320659255615458,0.06646786577382763,422.33040207404304,200.0,8.94809083821086,0.3091923938816852
1.8539634725932623,0.08033082063499972,0.06108283418995944,233.90807754023058,69.0,8.681146396993547,4.719759802834196
0.5704608526516659,0.06079670012213287,0.0742916953061968,299.6408441295543,200.0,3.0564518859325998,0.04462803175578206
0.9211167035804793,0.09405415843160778,0.09939717276209979,373.5051945853779,200.0,2.221449728148175,0.06320777735517716
1.5786066819357707,0.04849228486415383,0.06503132828782551,255.6094008532416,200.0,11.805492573300223,1.5079540443978512
1.2740575804220031,0.04397889360819225,0.08533247988171727,334.40526034931696,200.0,7.982526583641392,0.5061542223784951
0.6829585417716425,0.025071690793189428,0.08316452789863371,342.60967545527313,69.0,8.096276637790847,0.4387281945358667
1.9584820341213152,0.03677822953303662,0.031130107494089395,213.82148347459517,200.0,70.49691642087429,28.95392399063421
1.815998148760002,0.07264185340287242,0.021849291962398373,417.03011110652994,69.0,131.03050452846944,191.08451677214265
1.6559918431230232,0.06004139316205308,0.06290369332036869,423.6769998202942,69.0,17.719084543735512,7.463476534749305
0.5854030399177671,0.08838489477160434,0.024146715372592435,259.62888410355924,69.0,17.695590329273305,2.426479292063615
1.4739191094124355,0.08249904861776322,0.026442893527071652,141.91303056175607,69.0,21.756061687909405,17.26943998784052
0.8691110129970119,0.027765033167528354,0.08468113125402708,219.18510291868532,69.0,5.740715682878335,0.4947542616146631
1.7680663050487138,0.04889485438931291,0.06612038344911927,137.96640456260076,200.0,6.846825517209314,1.079020603995361
1.0290909596537527,0.09760795939798649,0.021984050102683977,285.6376770656708,69.0,37.386934935040216,17.40120539697406
0.742365680609014,0.05702645601536105,0.09532768644168836,317.6456223707742,69.0,2.7302192382178547,0.15250142169425632
0.600022853052936,0.099691305511892,0.09768980489182456,434.0939499695289,200.0,1.6426574485061225,0.02017957863873765
1.5518597343067855,0.04875139898806698,0.03155788252113767,121.24777595111816,69.0,23.252770385857836,17.144760696879317
1.9677968461896977,0.048703509995720984,0.03219159464331192,322.7536836435134,200.0,75.50182963093069,30.27291567726259
1.2733115924023324,0.09994522378849946,0.02002794650239177,200.60441251538398,200.0,38.22887650205711,10.315807834811894
1.5391554355683295,0.060818802664621835,0.0810892787675692,274.57405553585613,200.0,6.3405727200939035,0.6174598971062454
1.002642126515164,0.04890085717282529,0.07833305137116875,430.8785876065879,200.0,8.638643466062536,0.3695482471696324
1.4924040520580055,0.06677217093330177,0.037874854632366485,10.199500881158476,200.0,0.9534965894362963,0.18690449822432995
0.7199095144154336,0.05169918999903762,0.05321793684861546,95.76062087833395,200.0,2.8249860685926134,0.09170496479476037
0.763207174091971,0.08542037430674868,0.03053338520056756,214.83773979105942,200.0,12.35358152539776,0.7855639809743379
0.6494737468103011,0.028168776310710728,0.051268584235934125,96.43532155019176,69.0,5.075494405510712,0.4034687289140616
0.9804293661015311,0.07126103930099896,0.06219689457004671,288.7777222353726,200.0,6.162283765170551,0.31745659873374166
0.6606505925932986,0.0896923398057968,0.06056908807742749,140.4496717822684,69.0,1.6919455567969683,0.11779820078374015
1.38249553736334,0.08620796616567249,0.05005503780320654,462.2509387484768,69.0,17.75210277741384,6.549213318148227
1.8205462846192204,0.058860268974871816,0.06918226609067182,26.73567125765584,69.0,1.036650253944681,0.4798445589351219
0.7118318317991317,0.04058732771830728,0.06252932020829417,199.82117873406955,200.0,5.377894758977193,0.1452653875592852
0.9535583573627138,0.03702708508519119,0.05140179850460118,363.8150339133288,200.0,21.276638505226735,1.2545789573417243
0.527695243781535,0.0875971954798378,0.09782719253988545,19.832914675313198,69.0,0.0749051350198385,0.0020600511830310745
1.7607676170856363,0.03251123736878852,0.02865432411521436,315.260780505405,200.0,124.76977797265755,44.99891716942478
0.9787505803802383,0.09786183504033087,0.046829774898691515,30.89619774438792,69.0,0.8454167020238794,0.16709077318807902
1.9666505321549186,0.021058701116273948,0.04671743954178836,125.43369754925982,69.0,32.203496197756046,25.75953562914586
1.8523415103268175,0.053793932162774685,0.03575288948377291,293.39008475354626,200.0,47.42006646132627,15.169521282563382
0.5961384226147936,0.04098380575770001,0.027643961009693074,353.47390382036826,69.0,40.36852606834632,5.014140504467986
1.4585910577619938,0.04104721531306977,0.0391132429677737,365.6492134353053,200.0,50.9586705875449,9.239321988585964
1.3454863510931516,0.06714060286813212,0.0516142866700305,301.9403184889142,200.0,13.627825376914393,1.593286839073782
1.0013816795595532,0.05501779026701023,0.09171116376559808,147.4612664232291,200.0,1.9146143036643626,0.06978098946017233
1.120274207025671,0.05551384407951347,0.02728944613177456,479.63302452721473,200.0,77.98191963451556,11.95436796658904
0.5678033197917557,0.05955438611965613,0.06103294741623859,329.4849198822388,69.0,5.059904040900719,0.25824590413486465
1.3566074143863016,0.08094425722056847,0.06191154031869958,248.29690130480142,200.0,6.51399582715654,0.6454505643116817
1.371967400204223,0.05372405205707932,0.031159027752340133,414.52130355068385,69.0,65.41921678949507,38.182879481079496
0.5384794689481931,0.020909199607609282,0.040033795583187655,244.9024317409997,69.0,23.611444323966886,1.6523183854573251
0.8891297500081663,0.02102683153263147,0.041716505380277435,115.52482096313697,69.0,16.842324124905108,3.083784595862912
0.5961386060498214,0.09384183391291878,0.07483279168541322,496.92201206689015,200.0,3.382255038408273,0.05354114394837501
0.7264489444176454,0.09745403184121952,0.03544148115197789,315.8424248842214,200.0,11.246134535327524,0.5581878133944743
0.5017212623842657,0.09165097454248722,0.04937857189770696,23.6512994533381,200.0,0.31860649548975717,0.005414020030402302
0.6603759461210037,0.02357813219937439,0.04644411497773938,129.11162941739119,69.0,10.058589321898046,0.9125328918514114
1.5462109538947617,0.05154576512859786,0.0840578214057474,345.05591431635224,200.0,8.789420077979546,0.8332941408250372
1.4864784156864719,0.06055166371825127,0.08643840159041166,477.39182526154053,69.0,9.411206456421922,2.32442446863666
0.637638420976395,0.029706194313333604,0.0855481038164263,436.71084820972686,69.0,7.685142330750918,0.3528987603946207
1.2191206154270304,0.07370083996781789,0.03029698355331612,432.8771909689807,200.0,46.80490935588182,7.653570961475004
0.9964159770345333,0.04262346817112411,0.024743047922881855,171.29176815986867,200.0,39.24399832366636,5.249043389268258
1.415276998724704,0.07740112935107937,0.09954479584861482,497.23485838221507,69.0,5.505158760913336,1.0702711895726624
1.3852405930328329,0.027180207536077756,0.0396633433306515,444.07951258827495,69.0,86.3188787951973,40.34842073217633
1.3524121013609784,0.07642377893528736,0.02475625421062426,446.8809327845217,200.0,77.42010352293902,19.066266350866606
1.7606535046353604,0.08876385503272519,0.022890155067456883,479.35281374226025,69.0,108.87967149248698,142.46412280590002
0.9881588738570783,0.08605907688169549,0.043791566878669946,313.1689211366454,69.0,11.250686647196954,2.423827700957029
1.9300678017932786,0.0376201678657832,0.07325316470410528,287.13660599935304,200.0,16.471716760146073,2.7921346004872882
1.770206744997171,0.050870949359683795,0.08423055133416153,84.87261948426175,69.0,2.49766229979456,0.8977836826808149
1.2999431749548718,0.05281761262758558,0.029435338479772775,353.56233147147645,200.0,60.25939571734369,11.531431400092735
0.5468799049859758,0.033615849422595795,0.08301091930271702,343.72501613600383,200.0,4.86900051345333,0.05847460183909979
1.611774700584394,0.05190379767626628,0.036154213955328474,130.5172580313161,69.0,18.604009105444582,12.915640224355261
1.0323547066264753,0.02546976940446636,0.09784088895061605,464.3131013720565,69.0,11.795743980080976,1.2414307037936134
0.5485615992886503,0.039391261027872986,0.02765772515691846,212.33619106477556,69.0,23.193584799761663,2.438158176349556
1.5506647535728224,0.06702751903534467,0.06771625205506245,432.27923494779566,200.0,13.085627992639573,1.5488745121783194
1.167740580900448,0.07722282632403003,0.055184040875814244,455.92431533156616,69.0,13.583687689077873,3.2430719595429567
0.8777562959343003,0.023736493622523502,0.03882556771312019,487.1282224278188,200.0,71.6995286871082,4.742694361571693
1.40379476088957,0.06597553210794761,0.06491145155477866,419.3350909604215,200.0,12.705464024565028,1.2857460229325226
0.8938563723972645,0.035723970789770736,0.03048824897538184,231.7530003840698,69.0,37.429986128209194,9.477249525510883
1.7347704468964136,0.04875995599970796,0.02280505970511266,347.47763110380725,69.0,142.6245822130903,181.84729778074148
0.6601214465891939,0.08471457836916689,0.03621750654408905,453.3685708301066,200.0,16.15962412654071,0.6480956974512689
0.6632446909196101,0.025286661065193138,0.06885250388322174,326.0278391325563,200.0,10.823027301540101,0.23049171821759717
1.0885529711432318,0.09814823453098939,0.07789161075480415,303.98031744184925,200.0,3.334129163394675,0.1690711924441871
1.8956324138872958,0.020427736491600585,0.07643417864502369,212.62814427691336,200.0,20.264256422175023,3.175631249843503
0.7166347962468698,0.07741333015478154,0.07885107757279843,164.61647876680064,69.0,1.4705894087260076,0.09254207526591775
1.2351370542944795,0.07759649584445048,0.03451357192866672,161.73676318828336,69.0,12.967409405428066,5.53800401322964
0.6902686541589209,0.06739157695600152,0.08151192754950658,426.27266307271793,69.0,3.94283805198998,0.222681290933575
1.3783673335508089,0.09481806339222137,0.055100021800060905,182.65240112590965,200.0,5.247434013129149,0.6031202422045697
1.6075880635208433,0.07076915824532395,0.059214801072509926,280.38748887912755,69.0,10.898834934456346,4.595777519356266
1.431151700030329,0.07620673353081828,0.02277447698499076,357.69186120746525,69.0,77.70622450489779,67.52092575182401
1.9424512547815524,0.09753039169128844,0.0951975552028148,191.2335589060707,69.0,2.521586832694884,0.9656239773771366
0.8964911393796385,0.05573248609913635,0.09549348688526824,266.3112109362284,69.0,2.818582697795356,0.229196870404388
1.1995247678174918,0.05199085778431341,0.08363455030571516,226.42970941090687,69.0,4.481211525783369,0.7448825628367802
1.331447785940126,0.055364168932521884,0.06895270606331894,269.1929408703144,200.0,8.169728845549686,0.7001375210903951
1.0246385748560134,0.0405374776204642,0.04302011797376616,417.8424098701503,200.0,34.240062904816426,2.785371360727506
0.8698489779645324,0.031017922709672893,0.09047431028354837,390.3064301442791,200.0,8.02301386211821,0.22365505677505088
1.270912067694982,0.07391931728588783,0.0854560526641904,170.29559694106845,200.0,2.4056174724323713,0.1515631048435726
1.6574757126683095,0.0549345542910582,0.08820984832224173,147.7762798807678,200.0,3.4381387352333306,0.35692701001049537
0.5996186450937993,0.028584779634490028,0.0456586044435669,118.65082833663527,200.0,7.163364310775576,0.18802838180566905
0.5581670853886671,0.05204835189301901,0.05849386269300691,409.1320967393422,69.0,7.693986857121561,0.39593986885564836
1.9149792349306773,0.08829475117014766,0.03669089005879734,375.4650327778386,69.0,36.29388304381107,35.047978728372755
0.8742610825406546,0.061003504859368424,0.05442488580845761,128.46864835913544,69.0,3.7294063946406575,0.5060391616021835
0.5617363081580896,0.06601487321111421,0.054183460630784164,197.03947939414013,69.0,3.426586701244927,0.19280559262402733
0.6614951407410048,0.06754874997724035,0.07245954049774961,177.29707454025748,200.0,1.984134051316129,0.039939948140210534
1.1512895338348992,0.08855356726676726,0.05358306903918289,231.5252252807936,69.0,6.290322211373036,1.503398354808595
0.9359722835036877,0.0804194145751917,0.08552702405845314,55.185930374435934,69.0,0.5268354355708689,0.05213834536584912
1.0852262208393133,0.07387584286156701,0.06097588103056896,46.709366020331935,200.0,1.1072785439696036,0.07128827446335174
1.840459179070658,0.0778871188475338,0.0636908261285102,461.21180477714455,69.0,16.119755531009705,8.283113223823085
1.1808804877807246,0.07034111674051761,0.07671810346773826,69.65876989928316,69.0,1.1921420932031574,0.20936385578052313
0.854723150075212,0.03904813317150706,0.09128908199142827,101.5859286476622,69.0,1.6009299040794056,0.12378387137003787
1.4698644729900934,0.020722774827090697,0.02766300297958476,480.76245793506746,69.0,267.3699133075189,201.75645942044855
0.6284349976205271,0.07479068527327178,0.0848254317980962,448.7349091702216,69.0,3.1441394468366055,0.14143473998630335
1.5720536286267475,0.05290721236701837,0.04711028247240865,226.73581869727974,200.0,18.213459529754115,3.184858903194217
0.889191991934498,0.08030499892063428,0.0876489058214536,179.92731559257587,69.0,1.5559954238394913,0.1356165063757968
1.586997659339541,0.05385545830343222,0.05487107967006122,226.74832046279786,69.0,13.315420259178984,5.905050215006191
0.9761873724339578,0.044170659987919164,0.07845010133525247,325.89675799692776,69.0,7.0217210080437535,0.8240927284555503
1.3124259629775787,0.0663555759792609,0.0847798355747952,383.51098266550053,200.0,6.332005826731921,0.42882204892703907
0.9183332959582682,0.09743021025870711,0.04146787821267017,62.852973110628525,200.0,2.0670935812644653,0.1401289058235387
0.8664481272346918,0.06400143867316806,0.08108903378688564,317.2247771321568,200.0,3.9187443401807376,0.12093407449129033
0.8452257396066964,0.053216144890315176,0.07497987087612913,14.169724259296919,200.0,0.2401887030997106,0.007628375497764022
0.6714881174072304,0.04780962937278664,0.05480680513527822,471.1190230987012,200.0,13.217090789379728,0.3624572539157022
1.6508297859722798,0.06955978395473465,0.02991972766678603,375.0388678197477,69.0,59.656302011742646,52.50043903951679
1.245617549341489,0.09474178327781053,0.03732098374317375,461.5167725528553,69.0,26.138203631097824,10.499091994785442
1.3620348833100808,0.08551835679260288,0.05649954093438693,495.2301102604232,200.0,14.825089957810633,1.622585626397657
0.5208667315732765,0.08991438413368828,0.06278757667726184,57.95733162565363,200.0,0.5109867453162869,0.00735983193994704
0.5040444349843141,0.06532781210129456,0.07761106962259154,133.5844520390319,69.0,1.0266692078789588,0.03247163573636746
1.4253532338075832,0.03380652718482707,0.05898145949624893,390.29097824695066,69.0,28.3811950684928,9.445388478557955
0.6989139951947696,0.034748407327555644,0.03646426015117023,283.5174284679464,200.0,25.732680758646815,1.1490630120175702
1.4510138282024747,0.09068508018424694,0.07657567321694446,15.869506281104552,200.0,0.2598176968651929,0.023812212686971125
1.5841066881605428,0.03562075192688707,0.09813373227600475,398.06838537945424,69.0,11.029444747107053,2.7249832575051895
0.7006987142877505,0.06849735141324234,0.06960158007963861,411.0627957565682,200.0,5.208093419758366,0.12246191692552938
0.9729685085480333,0.05098870638538512,0.07869842511454989,21.63862985055715,69.0,0.4000126406423716,0.04649057227430949
1.064115840071194,0.04514104332078661,0.04692280717059843,40.37703187146204,200.0,2.5937910331040817,0.20864479732485355
1.002839492464845,0.07801762930410155,0.05530021890455107,399.3840349057935,69.0,10.072260019931136,1.769793457738512
0.870293879817273,0.07037031119119319,0.08092504082731365,10.66305684573609,69.0,0.120821320608671,0.010925772676627346
0.9955413980277499,0.027836668955009733,0.03557202628286024,384.7377612703367,69.0,65.24405038282951,17.563481535698127
1.4360381793407933,0.08084768408134778,0.046894812726677365,274.1177164883874,69.0,13.284253257040262,5.644220397190516
1.4089979551458343,0.049712445868799505,0.06780616474572135,62.64324303502821,200.0,2.317033719887228,0.22613232322058177
0.7506210997243205,0.06592180355872757,0.031358209745211515,218.91716626909982,69.0,15.209685513115861,2.640402651315872
1.0186834300422951,0.07636918240691384,0.0982409757403545,346.66118784976544,200.0,2.874698070242358,0.10121777804686602
1.4284489115507057,0.07536869296322983,0.07292907728962679,330.1441165177192,200.0,7.058738666958686,0.6583162187921586
0.6995498712967905,0.06369243629359991,0.03176771372472916,397.7759354777079,69.0,25.974587241792804,3.865980924567414
0.5706605034279616,0.0713650426928025,0.08407988827827564,21.98944978463826,69.0,0.14923601592977243,0.0055846608112646735
1.3889033459278861,0.08608706151666869,0.08098896479206318,267.1181075756251,69.0,3.942185209834431,0.9072247191330116
0.9759118898527477,0.0661476594986605,0.020922469771885846,306.1084929354356,200.0,61.90088503723496,9.392557729080135
1.587602609477568,0.09261544525466828,0.052552872308024204,435.8268656616148,69.0,16.230455869685624,7.5210334265994865
1.306205684671662,0.03824458456010639,0.055675739750207856,189.38166834005904,200.0,12.51984113446245,1.2788944606077262
0.6742592721661762,0.03003310243677154,0.02824251258729392,465.8219615734208,69.0,78.66676268058099,12.234928969674632
1.5767742607712443,0.09685513042322255,0.08421186037655488,303.2982124874907,69.0,4.177548199113059,1.1916450180024374
1.7703950984048187,0.09490592254470644,0.08853638203899271,297.5584548221368,200.0,4.248708021685725,0.5013652830684713
0.6719147997708376,0.035807286654158124,0.03868294512382116,432.38571914315634,69.0,32.53316552012645,3.668553487554565
1.5137004183511595,0.05096521825480535,0.06127955491721973,399.2570722545518,69.0,18.946923697615304,6.844829206031748
1.2269800600343863,0.09728507143635963,0.05257727148882761,345.4490238011351,69.0,9.456500152487685,2.616176555551986
1.1273549311869384,0.03126088641649805,0.0735237992176005,378.29582502578825,200.0,15.142106565593643,0.8724859475518812
0.8047232581923088,0.04496435670730195,0.04204757298643085,204.31692696755087,200.0,12.409431932385734,0.6370636425777231
0.9945250109778087,0.07130358276886195,0.08115215004359567,43.99858126321468,200.0,0.5591060857681155,0.02271456129400353
0.7946572178226377,0.022082106775332504,0.028536507066476736,277.2397641650178,200.0,73.50966967884068,5.422281593963096
1.731032752405153,0.02652392270110643,0.03916018314555174,470.1290859882387,200.0,120.04566296833892,30.619005139831504
1.609699183060809,0.02190782769765895,0.09462047203152182,282.5670552023111,200.0,13.913870677254177,1.2700799050988927
1.6937575789453125,0.0333591229518339,0.029992769298226224,186.65944203524316,200.0,63.21275334694084,20.15437748973241
1.9667515333955832,0.07070886274205378,0.03655892324689741,11.180462886448252,69.0,1.3960465108451605,1.4271352604434133
0.905755003152295,0.07297097931799366,0.031180015517427016,429.42848966861726,69.0,32.896524454122165,8.362859939023899
0.783012852269011,0.06023118417368854,0.07295092530136289,481.138636925963,69.0,7.051919777755764,0.5726298586248388
1.7541209399458588,0.04542030018870375,0.07188897585335975,307.45967584188423,200.0,13.785558163860724,1.966798505717386
1.7242644643899974,0.09913751348657011,0.08186322597524644,146.97406741642368,200.0,2.2886538366854317,0.2770625046370852
0.7394082798359238,0.07761374154944696,0.05113031996239588,361.1010759677602,69.0,7.895301175197376,0.8156774573284875
1.9939096889215457,0.08543300483095127,0.05181291987893204,35.97920193297138,69.0,1.8767500832255264,1.3913583353022274
1.5964023133230658,0.07634091599931003,0.08020552526721883,65.9500014097161,200.0,1.286300583370477,0.1362390546385429
1.5144190019544825,0.0824093347873686,0.09442082948421672,377.272124567446,200.0,4.665948995502486,0.377783531018608
1.8105999130443484,0.06643733421040275,0.020766542763220635,381.280842348267,200.0,144.56998316619274,76.07424753372018
1.4326899339026704,0.03931035634040553,0.07142927426173498,10.409246805459649,69.0,0.4461319328816056,0.12386572290447895
1.2741996071021744,0.04290964534875688,0.09923238676142283,374.6834112912978,200.0,6.779401939338204,0.36973590336027196
1.453620305720217,0.0573221523284867,0.07051677773455133,61.58340177331298,69.0,1.8843366690541847,0.5455413233117273
0.96948917221285,0.04386956162869355,0.06153612108788564,361.2407679286571,69.0,12.649327626105054,1.8667359887578725
1.411250889743316,0.04750858528645819,0.06002962732436745,123.98592056867744,200.0,6.132315031908236,0.6781816164021356
1.0739014911613924,0.0353795098944141,0.09417828401894224,239.1730623459746,69.0,4.91105277803599,0.5810484799329888
1.0997175003905646,0.08179677177335812,0.030682250953893292,233.15219239122618,69.0,19.97842698519524,7.608446580603375
0.6859442863042636,0.04949662249381004,0.060713605442269655,148.65720421834362,69.0,3.3533465772576014,0.2510901946201251
1.2614015403203531,0.03807215460507499,0.038111996974902626,351.6369503013153,69.0,48.12472337148161,19.41211721260695
0.7038402223784085,0.08303540832014765,0.06383925883096103,297.71922534525214,200.0,3.7152942414355388,0.09610196928553263
1.8161723947968802,0.08067002566788299,0.033154181738456724,488.4661599625001,200.0,60.02801466055879,19.90712538944978
1.5477211297561286,0.034044664258903,0.08229986021325084,498.12177160547657,69.0,20.060060355625318,5.641287213348444
1.6362216196827442,0.025188278004869762,0.07319103309868273,157.02545302391675,69.0,11.42481561095654,4.037710953585153
1.561722672220822,0.060442897459386566,0.07622663120505317,407.90827118672627,69.0,10.88325859884768,3.364493568404519
1.300206597887462,0.08141789808012392,0.053825746991719575,391.06131687118307,200.0,12.933273352322251,1.354009986267455
1.999875564130924,0.06961836325080628,0.022882049917703578,385.11446680928816,69.0,126.77405777956318,214.0923063872403
1.870625429842792,0.050848830489098926,0.07853488855239046,412.5317904732056,200.0,14.763498145460131,2.1926991855861893
1.6452712851270677,0.035601059817412815,0.07236393428592772,197.02397652795332,200.0,10.432792763411339,1.3008648872978423
1.6791882728725027,0.0780379554749525,0.04962577254846291,285.525365731654,69.0,14.968383284659206,8.217241482932375
0.7905448882618552,0.09189716963403859,0.020535645898455614,248.6242918434219,200.0,30.430036589274838,3.086923894249988
0.7107536321485874,0.08833971448973713,0.0592297831836477,323.8843999429856,200.0,4.456809709330814,0.12670707616798352
1.2976410029826622,0.07864781615689269,0.09583286894327102,452.6681269898027,200.0,4.879441090439154,0.28578764818160796
1.4357785946101806,0.035085363858103985,0.09286335218333225,386.32406174712,69.0,10.999571950347812,2.3592068849902343
0.5171482586602394,0.04949621566701526,0.07271696283872096,393.4010638281105,69.0,4.663998357185919,0.16573431622683046
0.5188811158942548,0.029700191745617763,0.051133864163636314,130.4977801535782,200.0,5.231735265552373,0.09182303057612334
1.1284500340125596,0.05312363408578251,0.07010999260708178,215.23649546062168,200.0,5.580869627059637,0.3378822434418711
1.3897112442058166,0.05961111074511144,0.06582468333992324,338.71318628106354,200.0,10.934606398477271,1.069405133183638
1.1942391221042712,0.06519458704834592,0.09009458648174858,305.98078353553916,69.0,4.143122416658464,0.6336819077610241
1.4887882566284703,0.023494755152947,0.03756830628239115,350.47168928568317,69.0,94.41108125737577,53.81791578182866
1.3415155003900237,0.06326319765477927,0.02642872046976918,25.299190403411913,69.0,4.608399854835474,3.0319710974471072
0.5720932141248907,0.08469519539343973,0.04936565080461777,142.50124747695884,200.0,2.3698900908978424,0.052373991856134894
0.7374153107376491,0.04838638233659737,0.0837301101410754,170.91742476340275,200.0,2.229273039242254,0.048259703293520674
1.0402340184959091,0.0679623354822517,0.09658167153911276,93.9861179945777,200.0,0.9253121928226645,0.03455687143754269
1.5181102620255,0.03964915863667079,0.08223465489118228,149.197591844401,69.0,5.068420693994379,1.3724105991105497
1.7474658540021535,0.08326456848193031,0.03299788783706957,471.2934188490393,69.0,54.50279877099788,48.73149208337137
1.8805031374948615,0.09608099154397592,0.0895794977207538,184.03994901723775,69.0,2.6932873715637013,1.0272634747435654
0.9867411254318137,0.07661449143691461,0.09577669088191962,122.92665788853111,69.0,1.035547381332018,0.10171295113770305
1.7994704477203411,0.07590527317862247,0.07702204095255735,422.46641828498923,200.0,10.129457094697113,1.4195128539043864
0.5052785208393537,0.04558613118537862,0.08401362901668732,334.7767510526346,200.0,3.1543156614784347,0.03195183661502879
0.9699140534752424,0.07904148846640816,0.0779627465363655,253.24783170134486,69.0,3.0676151023662683,0.35763489838555446
0.8762385467410723,0.03012315182065871,0.03135773048590921,81.13445733292859,200.0,14.400888360252262,1.1753524435363174
0.7131890222671853,0.09405432480296096,0.06563645667487171,353.20297768375514,200.0,3.730020599263856,0.0963505386398128
0.7811839564493328,0.08115367492251797,0.08945276909641173,260.0217030481562,200.0,1.8768017295867507,0.04267858204280925
1.8168635131263098,0.0772044492745068,0.029920727669385014,379.92523552558026,200.0,59.92182930470959,22.03617759406221
1.2155449801650062,0.08103645406698705,0.03364490196266754,443.88030620884086,200.0,35.29142526527087,5.166194400942182
0.592485780507392,0.033925620937987545,0.05739919341795925,466.0629120333142,200.0,14.822939704468167,0.3021782218980391
1.1609060651898602,0.03676022812325174,0.02331573493431186,443.39613200565697,69.0,154.54815121430602,86.31147041301558
1.061144006989365,0.05483315816640724,0.02438636252787075,408.24336741443165,200.0,79.70900758648348,12.268395636279681
0.6569809972740768,0.0637255040655003,0.09515941589315821,211.97037074952735,200.0,1.4479794666026304,0.021892481789446583
1.325840063846351,0.026112608066197005,0.05591647173014412,91.00817696824049,200.0,8.867333305748831,0.929210898242445
1.6973489512960898,0.06177014446172244,0.06224157894156032,138.0154249513357,200.0,5.873678807345377,0.9062554074169149
1.081597352942847,0.07325406061899283,0.08249623470307299,106.69839454844272,69.0,1.3889122027953473,0.19029682760461436
0.5826178321198745,0.06376476263660429,0.09131769016494985,60.90901716640737,200.0,0.40042946995139067,0.0049615503807275505
1.7990474060420416,0.06063562264429438,0.07067389858485296,283.901464626161,200.0,10.118486378476986,1.5446157629873736
1.7509679152654325,0.09928571334771305,0.08699394073045327,145.5756116060824,200.0,2.035416509128098,0.23911091972592846
1.5046587575134056,0.088450431563827,0.04147321036919363,126.24300184791706,69.0,7.491371161577889,3.9512030168062373
1.4266942789014383,0.0232968092055982,0.05805613222237964,403.9991902818464,200.0,44.042303308246055,5.147098850409742
1.0235878219900003,0.06066329290243935,0.056465610585863066,374.2996566878099,69.0,11.885070198242184,2.130725940682555
1.8961634249589192,0.03346571128858535,0.06880857375571746,74.25326814047953,69.0,5.331598250117794,2.6916962000389124
1.0584585526549928,0.04066813575966782,0.056940679116879986,493.2997633553806,69.0,23.75945443876964,4.516699368119399
0.6924464120323297,0.09583926674134917,0.06193544588227591,276.1838985629078,69.0,3.1211436404920616,0.2334567720715411
0.6745203702837501,0.06430961621035591,0.028396056077040467,484.4082081281978,69.0,37.80644531791984,5.852718147810772
1.2394980510334144,0.09972328908788557,0.03544035823077746,338.4817071024433,200.0,20.09738263170303,2.904101824924995
1.2010097354927698,0.0989432386331138,0.08151152426502889,139.1015916207725,69.0,1.524774873844129,0.2606990317458787
1.264622656931631,0.05733375394113048,0.04539583669320668,322.53111413995504,200.0,20.712923313102557,2.4323498143974276
1.3661988712381126,0.039683871679031306,0.038580190464416166,465.98171347546855,69.0,64.66827481274977,30.228347240933925
1.697669368246106,0.09449372717619185,0.03278750184041363,413.64443635878007,200.0,41.47743723740398,12.153141578877534
1.41490701800603,0.023477461451942405,0.0986173513686725,131.85589369675662,69.0,4.902537148550465,0.961574661280719
0.7720266172229979,0.03352011703344543,0.045165091356049014,494.55517105664364,69.0,33.50325162147422,4.271773958151446
1.135053820873241,0.02322778616353295,0.05073797202185347,361.32558537715903,200.0,41.152136910149224,3.4831400936560644
1.9895413816486427,0.05900538111700444,0.03622800008226552,151.12330050134494,200.0,23.294603200328286,8.483902245077646
1.9725592658817135,0.07421253764519516,0.05134115101664992,202.21398058962825,200.0,12.234437460247214,3.0907029788807154
1.3765276387887009,0.0873030823345765,0.06989244013316072,491.76423332616037,69.0,9.523643751111441,2.494608858792354
1.8657949651834713,0.07895363401882008,0.020350356675774374,291.46459050113316,200.0,99.78948765634044,56.90092760207566
1.076944502342823,0.085597965503275,0.046772116137191844,408.2817651261659,200.0,14.088575264571658,1.1645159719887654
0.9929715007024601,0.04364870497936427,0.028453581636649048,397.445207848471,200.0,67.00698125892772,7.739901335074153
1.0221493501724974,0.04001705095982017,0.049126559881731584,407.29329735791094,200.0,25.863963765708302,1.8335222677489815
0.7238727919942414,0.09336580707065113,0.08360067814618219,235.59283262869516,69.0,1.5680796588114416,0.09496038735745356
0.5227445800896163,0.09836109663013352,0.04397379164317415,25.00506166314407,69.0,0.412341957448569,0.024757246538624697
1.9888073279731973,0.04903912485648736,0.08749406500097887,260.22116387204676,69.0,8.271545760334735,3.6128768267054485
0.8597640449555064,0.08572127196279684,0.06521074541750735,283.50059462872395,200.0,4.0119689922078665,0.15159179890682561
1.487851125005503,0.09731917629990806,0.05969381447247829,446.0455314403585,200.0,11.48240427633516,1.419388240426091
1.7917127704378566,0.09141974276732838,0.02520432092019278,65.4649475771997,69.0,12.118209812594213,14.91282409913356
1.702609092004303,0.07429803601107172,0.03267696049065562,476.3304201690408,200.0,61.33577777496198,18.137643666126962
0.8372292875076366,0.08074558111249838,0.05641288229647112,118.8676085220936,200.0,2.32372025798845,0.09624388026994923
1.536880356592795,0.09261792850324552,0.04353216087829954,215.35878657180623,200.0,11.31457879940024,2.046383524835738
1.7978844550373263,0.06258673909861806,0.07711037926458593,409.2699902912055,200.0,11.863557133536574,1.6576940819717545
1.8700884973877954,0.06058076522405165,0.06711827465774974,294.00457181248504,200.0,12.087908678686258,2.099488255497826
1.845399077952345,0.034430647066288955,0.02156643611354359,212.40859759456288,69.0,146.86276153152772,224.06475893543814
1.6830084452582494,0.09613855346901264,0.0581317313594952,123.8483988832367,69.0,3.8494957358778183,1.812269684616307
0.9499141572704062,0.06973279747827717,0.05510194781252846,255.93173683258328,200.0,6.889516811979069,0.3760705100278224
1.1553345041230103,0.03504461517313687,0.05096858428400412,66.84083836805064,69.0,5.08949211597651,1.287795825607145
1.3587503967052006,0.03339844665046985,0.08649070626366988,89.67988718081159,200.0,2.9263133740821092,0.2082137958972198
1.3603292663347903,0.027472366664029,0.048028003331955296,433.67732767224527,200.0,55.8569054813203,7.173798406155284
1.4829403987023175,0.02516577833182268,0.03912237640992342,497.57266358497714,200.0,114.93985314172588,21.536322645811396
1.678047670797159,0.07564527615198974,0.09952998895700872,263.6217724267559,200.0,3.5419880848340126,0.33402615465597424
1.3243357780902618,0.04342411942288481,0.02989102151825204,257.04039168166986,200.0,52.64270560421193,10.296091992439784
1.2262415373264335,0.047682762539781064,0.06464630485903516,201.49940154188326,200.0,7.439645017010042,0.5768186574744343
1.3325176422508656,0.030376440488793826,0.05750088223418659,104.2272639513955,200.0,8.296972627812451,0.85402351703085
1.8737369417184733,0.0947878661219041,0.08948462960066249,19.969117051141154,69.0,0.29578019860439503,0.11212373081542941
0.6979480297455486,0.08915702493071073,0.06152798098846385,480.05240632682586,200.0,5.956101506006951,0.1571861739224414
0.9381634126570068,0.026404385212832466,0.07779234232808974,158.5559027505207,69.0,5.585504426853898,0.6105794539054926
1.9044258711440132,0.0570092994384231,0.08688472015853185,278.8610412816381,200.0,7.404072287430818,1.0302298619612527
0.5223340956538376,0.07068897029432435,0.08281797023288934,97.05093737986938,69.0,0.6273335875972784,0.019967806501997927
1.3957475703945663,0.09855360555766954,0.07778020854462897,252.58802026067045,69.0,3.5478083863504013,0.8585477690012079
1.1845137989182746,0.040980825929822925,0.0463770834204131,301.79889852957496,200.0,24.334445357691987,2.4540138698522034
1.1264466408476639,0.06306046943553058,0.0848272314394566,115.95423678864904,200.0,1.7271128331770116,0.0861163099274519
1.3940067926591029,0.056406764375931256,0.06666017992028248,375.9702131042433,200.0,12.546004171209631,1.2191228499919498
1.1608965343403028,0.08473893279188079,0.06463900355807142,291.07990144218576,200.0,5.726439650944931,0.39797501692943554
1.0758748908022724,0.061945726323092934,0.0417677830939778,373.0886094410035,200.0,22.285932620199553,2.058693424318987
1.5347788992294469,0.09217548137518226,0.07368134703538881,460.3426652573815,200.0,8.47125528524622,0.9027356578107842
1.2264259614960022,0.08843403235505298,0.08613449258826915,171.23433188505277,200.0,1.9204800576397432,0.11178772501557825
0.6364002716823565,0.09259276556031357,0.04901899748599992,457.60101516092584,69.0,7.85348973049977,0.6269293732409627
1.4127627902409277,0.0820911221720946,0.039981991900790895,468.0305178897402,200.0,30.23219110403311,5.03063071640205
1.103954895446673,0.0738198056651668,0.026880336330567918,346.97812896982015,69.0,43.08860029951684,18.875132013617577
1.2257969324725044,0.06561941167148999,0.06970886707265007,452.656219387108,200.0,10.440706588521117,0.7501665107320095
1.348789254276035,0.04890126410940018,0.0885192624900151,262.330052777461,200.0,5.540484377605335,0.37955689712814755
0.9299281438421844,0.08612486777211771,0.07527741033015774,378.8350968241565,69.0,4.3310474366056,0.4807139261498978
1.228922600555676,0.09026801762222203,0.06561832526654575,357.3377958242579,69.0,6.779076687339514,1.5074888808067823
0.7665304126849388,0.08171598027120318,0.0441713870043216,81.29688185838997,69.0,2.3451221109979614,0.3013997280431255
0.6481973018721128,0.04173710051458093,0.046112316903297895,377.1592203152039,200.0,16.528256186470752,0.5019994890686055
0.9799712765036588,0.04583384967351587,0.03610715457916859,316.69491157407174,200.0,31.162537624251925,2.7627716370574147
1.6189540443242285,0.08606802445429881,0.0737329768757541,374.0717419595764,200.0,7.765605106504022,0.9201557009537199
1.2635266555460678,0.05551541626408399,0.08124743315018344,173.70549861825367,200.0,3.5934890504387904,0.23537169698872787
1.2504853236429099,0.04744921473489536,0.0347876338127391,438.01819760236,69.0,57.23256286107223,24.856223896698403
1.3627771092951755,0.08158900144117343,0.04009188869150696,354.5692716642928,69.0,22.107138188296382,9.894305607091061
1.9962815744860338,0.08494432454723524,0.022100308528601804,131.26085555189545,69.0,37.89459228001078,66.02100770408802
1.2895578886335048,0.03166647230360206,0.0684910089389928,400.73615566551143,200.0,20.87294880296375,1.6893151401609237
0.5099538584972789,0.08762534484166645,0.02894199822408602,431.18920610600645,69.0,17.974766112429673,1.5604726095749673
0.8024266565216172,0.08120402170887511,0.028469226515630757,102.39852683870862,200.0,7.490683235474539,0.5647226468289591
0.7148549471537404,0.0672004773181384,0.041317835606380575,129.9761165971501,200.0,4.859429098790341,0.20033751663395208
1.855429172969265,0.08903578876817386,0.08079735468762757,125.20123499276596,69.0,2.3979788543508818,0.9871806149823676
1.7491786068028554,0.02201398281332689,0.059728325314042874,239.09868954475272,69.0,31.952386750169055,15.81433486485831
1.4398537112883771,0.07550361400085795,0.08099794456753014,397.3086781873884,200.0,6.929181473905026,0.5911850226780418
0.7713963032037859,0.09443214399272326,0.055188466613982703,233.52607991218338,69.0,3.7579213595407603,0.39148408979196586
0.5469209135742903,0.08108585795794385,0.03731778680804963,226.46737782948696,200.0,6.5811919481052685,0.1758395180779162
0.6536759020351848,0.043134333588477985,0.06107749347756791,187.03581599350244,200.0,4.558825819052605,0.10631033538422482
1.3153146135068428,0.08812790794758465,0.02688313703205201,120.93105840291983,69.0,14.984608384667139,9.317177995198675
1.0214603191368923,0.08382112794058066,0.06334485816335182,332.89871866808744,69.0,6.066087037872411,0.9653836070842328
1.8393139493480137,0.06343530877896415,0.04656654085905189,92.48040718888343,69.0,7.419554578487751,5.208051079934521
0.842441628403882,0.06047032198364058,0.09048982163375865,15.573460951962488,200.0,0.15897706035334305,0.004156168181132862
0.5913991300126387,0.08394415671566853,0.09884424435654045,151.5696776383844,69.0,0.6557692025459707,0.022419227490485055
1.542445605213686,0.06346169258530669,0.024392953474239986,211.2420400665088,200.0,51.77272629074931,16.8319761761101
0.5024391075530368,0.07717953322270908,0.03483871836670625,205.9297196750909,200.0,6.627156501002436,0.16007026834337504
1.2649914996520317,0.060154892222056666,0.04225531192253995,166.83851317380424,69.0,11.789668436928563,4.313751707181716
0.6475182366104105,0.06717008566521286,0.07148383062234852,367.0411614457269,200.0,4.15457390352474,0.08122718930414252
1.8290677016393524,0.022132994218730318,0.08969726108963913,201.06485347254616,69.0,12.391350978211937,4.465382728153437
1.9270274391861482,0.048064257571509145,0.07257939060751775,302.0280867703089,200.0,13.792328974741492,2.3522248436511672
1.515845937938363,0.03169963038780654,0.09918660938942575,380.2197247602613,200.0,11.088700927218204,0.8562813786627803
1.1822330187593544,0.06705156080003707,0.09191311793733326,271.60434316763326,69.0,3.4011607313668795,0.49970705038396096
1.0820805512440959,0.04217996952110264,0.05587523008710517,63.46152376477111,200.0,3.1287900855476116,0.21855212331425283
1.0813494472961978,0.056883059607469366,0.0901195241139791,400.40046540253223,69.0,5.623298777858583,0.7049593009311254
0.7948305335910975,0.06098787857819124,0.09626205213312233,247.29935414972277,200.0,2.086868175678552,0.045652832710378115
1.8852038345803788,0.07219327849189748,0.05990303006044859,170.0389252761025,200.0,7.424437744467591,1.468284294517179
1.4945539053882606,0.058358369149273684,0.025504141174512267,63.39249063913606,200.0,14.975319437718477,4.371870650817082
0.6707365816207709,0.029509522909954462,0.09766290437526373,390.8501804056529,69.0,5.588459412137189,0.24872881576237035
1.9529995030190241,0.06493112565185286,0.073760378992142,292.40412560857806,200.0,9.699239159693022,1.67185088495634
1.625480157390112,0.07240579145744962,0.03318426066793427,386.6188174265774,200.0,47.29097993986472,12.55128690635766
1.2244522551870558,0.042070717674715624,0.07207398778582098,169.50728424178513,69.0,5.698288683487181,1.1452736181817504
1.5699101090302148,0.0600994477246357,0.07199045380974452,372.0187256960351,200.0,11.2504665703486,1.2838785395648498
0.9432249212421799,0.08141000665622482,0.04506569822976937,401.0181387405194,200.0,13.726522790471776,0.9032827368393918
0.8424268464115524,0.02046023038804889,0.04710707504377951,298.2050336404862,200.0,33.19828287413889,1.6671421212708233
0.9988766006558665,0.04060684496347041,0.07045827193707592,198.50546063760166,69.0,5.901634726067151,0.8074649278748102
1.2646673656210408,0.06670978040365193,0.047382004286780674,382.5300541096097,200.0,19.381025712545195,2.180693851275752
1.4987894416379421,0.04179554889311466,0.09183744430911012,278.42997744442414,69.0,7.102941789024242,1.6786469519790375
1.9081012503530244,0.04422200136480197,0.03610551375175783,296.78236279385584,69.0,58.93934469010672,57.42410780592219
1.7492078062737,0.046492208247764635,0.02471749137618371,56.21251589206503,200.0,20.77001085588386,8.570257900983025
1.9102203341077937,0.07720599582227745,0.029858996052237713,84.78641924413375,200.0,14.117557870970794,5.75082362426498
0.7972298861926969,0.09665410512955894,0.09939213306168757,151.22472793777467,200.0,0.75758838332741,0.01614831389599064
1.5751765082452411,0.07157152817184474,0.0703263226373136,451.29906425965385,200.0,12.049493782312878,1.4170595161833153
1.7999899467801657,0.06963791677956042,0.07065042902004151,481.456377433455,69.0,14.959011503535166,6.628082446568586
0.9514246151388879,0.06132804208156223,0.03554367740480481,185.0985893357758,200.0,13.63781910239987,1.1577374414031716
1.300653933604189,0.036702887996391126,0.09698202079049195,320.8253305181111,69.0,7.252687458668876,1.222336840244065
1.1234707932835941,0.03680657458459703,0.03191824979267556,414.45057589958435,200.0,74.50445538813463,9.820768952197726
1.9333917963748988,0.0759017219814716,0.04372276130759602,304.454926770184,200.0,24.340378950827326,6.93646567772264
1.6514958136355264,0.09702452565170629,0.09573655750641423,359.53650207136235,200.0,4.006217964491853,0.3804437611464894
1.119607667558842,0.02872791867618899,0.026876775211013053,358.4097308414266,200.0,116.02148662570046,18.037308791144874
1.5472626071416713,0.0498083428466909,0.027564503810317706,405.09102946285356,69.0,99.37232600576674,83.38789033532666
0.6566261536577205,0.04654006236903926,0.05696502012777063,335.0914133085103,200.0,8.74156628689877,0.2205444325925923
1.3115068886999142,0.09649838894136477,0.04464062486739381,307.06054218428204,200.0,12.56507964876872,1.6138192004610423
0.8875273592883611,0.05773027739555678,0.053710314160272304,27.11614162110698,200.0,0.8670454508150393,0.0423863886477863
1.0250897833734636,0.07197390058952256,0.02406236782112387,280.075687548752,200.0,41.336795294627194,6.017290774574733
1.8313409562908631,0.047963922416203536,0.06408214248937967,261.2086783217094,200.0,14.57200534298239,2.542139975498169
1.2748422151404855,0.08268249472057203,0.0258772653410598,180.47235511106302,200.0,24.93262715372498,5.219648782589544
1.0729872905704587,0.09397071060503198,0.04318201622083218,118.00917463914502,69.0,4.335740265419414,1.116886771971708
1.7630043731123675,0.09929992990146869,0.047567554824115815,93.59832263285182,69.0,4.406584566826077,2.7820037497499057
0.9189646536774148,0.09679288895806078,0.050124300904254224,406.9678063080464,200.0,9.227201478247059,0.5182007475589041
0.7061966513408683,0.05064822874304274,0.05310503635085598,41.34078866709109,200.0,1.2263656537510055,0.038389664927801964
1.7076453328743209,0.026869912748307946,0.08324507872802808,450.7880127462607,200.0,24.804923490308024,2.8963658599990576
0.9199196601950206,0.06640048954870921,0.0787952357293271,17.452566487704928,69.0,0.2336626256745692,0.024246482581052126
1.529596096224606,0.0855651867271217,0.06567412209433356,395.17107857718486,69.0,9.827148408676944,3.382567112417456
1.8783312446200697,0.08270309659803582,0.06489599542996774,438.0546477286535,200.0,14.174056447301867,2.5686171051204796
1.569215981274477,0.08651317884784539,0.08811804392129087,279.4059194065955,200.0,3.916134592834299,0.36478498319537345
0.9005874386183315,0.03199461097664593,0.041913699719030396,138.170832438978,200.0,13.283260212557032,0.8567994878588656
1.1133642975407188,0.027222089226856233,0.07003693528498692,292.5507519925185,69.0,14.635718209376893,2.5027711309279055
0.7386093926672423,0.08205340184060597,0.05009789475590294,494.53944429894636,69.0,10.642201307653057,1.1196990150817512
1.5901662279470608,0.06415507961884975,0.0434815498808592,376.4713001787202,200.0,29.613147498387793,5.740415790769851
1.49740537068466,0.024186390458929383,0.0982510167007709,296.5245746946643,69.0,11.410539073667147,2.515982015907779
0.8988543409824785,0.07260668573149064,0.096438102063394,397.5660139899997,69.0,3.1752351944134896,0.2570191810796461
1.3099088932203957,0.0420806914965335,0.0833440174467507,139.11041901221768,200.0,3.7404191342683726,0.2566887089128867
1.3117277154144473,0.08696118390113937,0.03362375718717124,217.38630333240386,69.0,17.402402026599937,8.604190088627272
1.8967023431414867,0.06598765751608897,0.06758577663462674,427.4262943754992,200.0,16.137577374918813,2.863255711022759
1.2189699729424415,0.09779438319887657,0.025024264827518225,11.595470894028416,69.0,1.3848287824126477,0.7944753363621698
1.3367482015738417,0.0848328283469872,0.09011975807804946,87.35523693331625,69.0,1.0169177402219827,0.19481602314155164
1.2804528992688589,0.07887869116399841,0.08871387502651588,171.87129979314986,200.0,2.127038860913933,0.13103576116270807
0.6125912840335539,0.07398345769506678,0.03420769580091882,384.3899536789544,69.0,16.319686984550014,1.7297736617031914
1.7493487757269175,0.036854314053571216,0.08152365398349272,442.78331699813214,200.0,18.97419234358276,2.3741667467311887
0.7425128953823372,0.03705327231867585,0.09719727060066492,285.97049618701914,69.0,3.639500406938703,0.1994597883661404
1.034837170381078,0.05625212505202791,0.05207252273324317,81.47881517286164,69.0,3.316742877361531,0.6590325674552797
0.7358888193909797,0.039947124786159804,0.09828977047394553,251.6328500080566,69.0,2.8789135476604435,0.15325136869563563
1.0161435933964595,0.05009467951098355,0.0657678022083121,416.9335590786545,200.0,11.731537308191136,0.6139464732801662
1.125454388495484,0.03258627893486797,0.07338485883027294,19.41227212171234,69.0,0.7469780204209576,0.1245709590548738
1.9058582028904312,0.02032320941865102,0.09267248694257126,59.91915486988635,69.0,3.9256681761801855,1.4866323912526467
1.1152915131040326,0.09912442345941143,0.08295290036534177,384.0916284336483,200.0,3.7681715333056762,0.1883452314605632
1.6197735925185501,0.02695257726719838,0.0605290478155113,178.49663544336224,200.0,17.567405059830353,2.5382310176177705
0.9132068624755643,0.029774291410487742,0.02376863106029705,66.47628709370778,69.0,21.653963374989925,7.3405941186675605
1.2494828580724928,0.03588490582114372,0.07918751248889662,346.4409594349136,200.0,11.54211967912048,0.7585220713885561
1.4202278416303082,0.07025409459481377,0.09157444586523805,381.87619531327897,69.0,5.523465168762768,1.1754739656442674
0.9941155582465213,0.06307586957410803,0.05537818102342698,189.00657714011354,200.0,5.82806542702321,0.34668752830737304
1.9936810376537741,0.06367786710682155,0.09692509757204944,62.975936387270195,69.0,1.2592749385085265,0.49894803901838025
1.2694966563284944,0.0640782284811631,0.046821717984327965,306.178416310664,69.0,16.601686090048137,5.521125586032753
1.9697970471636086,0.04517630815918379,0.05236576423090568,415.3107122952392,69.0,39.62235058776701,28.36582405188892
0.8175894567747758,0.04879425072824141,0.053450690942662915,492.4590554613945,200.0,17.32931355543992,0.7223993496779721
1.5074648467312675,0.0879201728137148,0.047808308636986555,433.3859708161763,69.0,19.50643928857984,8.958363031084613
0.9593253523177415,0.020731254185501726,0.03670919986011212,351.83044049721354,200.0,72.48951113344752,6.057742957939388
1.450193291571918,0.07020068361960599,0.038307877794973307,59.74846098975353,69.0,5.046454214560427,2.6767615039914503
0.8345262781713692,0.025027874972458113,0.061570823912793546,125.18865912637354,200.0,6.606665940543239,0.24909566009196743
1.0098871796699662,0.04612831300467493,0.023327223429857272,471.82390742227835,69.0,113.89650092516732,48.11192138375863
1.5410566639010628,0.07333475800539552,0.035389196885713334,27.775837436054527,69.0,2.7963127490178565,1.8130588522013846
0.7385725418882516,0.0984199725957409,0.02305196151682875,186.49309866628894,69.0,15.801858246691015,3.612819308723141
1.4433886123027737,0.0673542151499299,0.0751308521004973,61.1106242481061,200.0,1.392033978854264,0.12866985641513753
1.730411554603503,0.08348922088542052,0.026090587601493204,115.63618152560505,69.0,21.124978240169924,23.4245293134747
1.4059599525601745,0.05938185019773842,0.09879740195656057,213.49663368856676,200.0,3.1072089481823006,0.20722854644181132
0.852896586323787,0.032948980610735534,0.07105011612048,187.33502784386957,200.0,5.76361614073328,0.19669881995240746
1.7186067349617604,0.08422881371638918,0.03907891357516594,92.83110753224054,200.0,7.441759740679258,1.8748430930809865
1.6553262853684403,0.08318242379120903,0.05182152134174489,13.300317577003124,69.0,0.5913505223310861,0.30210763365642646
1.2195774263632801,0.055353339942453325,0.0969644885546832,119.62326395397095,200.0,1.6819265370155783,0.08599868519072817
1.8527257053354793,0.07590367922433751,0.03815520765584233,497.7039738268556,200.0,50.06831952487002,15.014476451209308
1.9131926966187214,0.040646630670809814,0.04605345972639703,391.755331591315,69.0,52.164590872181265,40.05812548491004
1.649029661151669,0.0971784978235314,0.07592961014546738,401.14920265865175,69.0,7.084237777017795,2.4513117359841705
1.0776899360323666,0.08556393044561747,0.023163537917640344,472.0104967929739,200.0,66.48079785719702,11.111117234962668
0.7343183828767413,0.07504934583782184,0.033144256377404674,232.48982178436916,69.0,12.424420027571369,1.952973257466396
1.459669125437263,0.08505100668261452,0.05402422614023773,224.55730091804588,69.0,7.922756061736356,3.0189521114912945
1.273939161932266,0.04654333508625805,0.05082772558014609,223.71084108241962,200.0,14.220933865911599,1.5135736635109187
0.7970719191597613,0.09191726867973489,0.05601065674689466,38.51057412713665,69.0,0.6386902877311412,0.06999617620341214
0.8570477554588689,0.06818918904229027,0.06603480289159964,352.4855033636866,69.0,6.095877563474423,0.6551383817912633
0.525695102952046,0.04956721904710562,0.06316209676312859,204.36805622812804,69.0,3.259797070948515,0.13780390978396687
1.8794970071763328,0.04367379708559095,0.07390713902739568,386.56845802626947,69.0,18.273661258350476,8.438827439900821
0.6560243424087778,0.06079043786652159,0.04230279510233027,18.077267940879388,200.0,0.6540795952514823,0.022180952496243914
0.8866971158359307,0.024058911511672134,0.0975842592061721,155.08956836106194,200.0,3.6014187347443496,0.09672153645150827
1.4163262992807897,0.08663801985761826,0.051319847570686014,76.99733626603826,69.0,2.8675502528771863,1.082958885417066
1.518374967952787,0.07191503166353952,0.022390246274061453,498.71444302453006,200.0,126.0215493102471,43.25364983005997
1.115687524598832,0.07126005044511555,0.05027891365551618,435.81989726876435,69.0,16.195075785430227,3.8738419967748574
1.4611670242366777,0.024299511649464593,0.09672294803234216,173.68253860706028,69.0,6.698085324582467,1.4285009241964615
1.0637256924418463,0.030333925719070225,0.07216962082692202,211.76463781256905,69.0,8.554544171081018,1.295869886285987
0.743612270743176,0.05827292500500679,0.027132466077797412,85.11601170962503,69.0,8.85245460267484,1.7431195957126169
1.8023566938584894,0.028084335438771764,0.07438286775561596,344.20232349724864,69.0,23.95497952626762,10.107971849478215
0.8764042291683991,0.08425381221279059,0.09225138894972444,284.26840078403694,200.0,2.084725667440393,0.0578580342685866
0.5900337105108073,0.08763366398885848,0.08030612666007061,263.8309230600571,200.0,1.6526673350737502,0.023881915598610196
1.5585943864060663,0.03389469659486154,0.0767734847607617,292.20410222540164,69.0,13.67780502158118,4.1814895945630415
1.6474463296197683,0.055343479974713686,0.03897182448151308,82.6094738467914,69.0,9.714589231366062,6.536660123027128
1.7186345746175933,0.03408609491131526,0.09057837303886537,407.58649753989965,200.0,15.028938349597476,1.6336146576313078
1.9934488619520359,0.08757756686182458,0.061626381409116915,383.27610327453283,69.0,13.782940516612156,8.587071180752057
1.6365150486362179,0.058397867185469285,0.08693687661518723,446.0028991145574,69.0,9.922106467875851,2.9532451969900504
0.8806346043273916,0.06801227682222001,0.07172500565236628,244.51766360770853,69.0,3.6925700142658604,0.3857529816826462
1.0767585945896614,0.024463199653176088,0.0630494632053483,330.8876688461384,69.0,21.982350762193295,3.9056118891973046
1.2700711706782548,0.026306602373594182,0.06447368458548423,29.254431763335973,200.0,2.0386432534031917,0.17001749202564012
1.14969251834243,0.07730402151240597,0.06091279252574941,309.5816079827679,200.0,7.445416540584601,0.5385458026158457
1.673725754960555,0.07008631092544117,0.055243906599278636,499.90714057537963,200.0,23.47053146907765,3.967216347869236
1.3875454124592292,0.06912391275516293,0.020998348276315557,355.38304680702265,69.0,97.07258169479825,85.99347663966888
1.3811901138036258,0.054981092996938055,0.0933136701597554,37.88778184624613,69.0,0.6558431397184051,0.12954518672841284
0.746784694347141,0.09758263906222263,0.08665748881647661,363.02865164686045,69.0,2.2197435494310747,0.1380216356186233
1.2634661283547326,0.034146085527677894,0.08440526263148433,474.1211560167663,69.0,14.774888555910849,2.6998618716975264
0.9845703251855784,0.09726430561955586,0.029892995471463665,405.9955045868276,69.0,27.594774787419666,8.645906845194322
1.4943432823464855,0.03751371043980488,0.08423841583841077,274.7816911851742,69.0,9.255055216894716,2.3704414052876963
1.0751103024334205,0.028179496756634254,0.029577204544245204,378.27150805595363,69.0,98.982956682265,37.37394954283285
0.7011773174253351,0.0668855161364182,0.06736439959219026,17.992511904998388,200.0,0.24938937005345332,0.006067111232472974
1.8563355136009168,0.047031453109152827,0.038373084331055976,31.01002506471596,200.0,4.987329106005659,1.4929078830551505
1.0445884981567686,0.062477444488202805,0.08521272282212455,287.5402142174724,200.0,3.9724911587530527,0.16956168398410387
1.0431680029059822,0.04234015553542167,0.06765939062311652,295.0797983475457,200.0,9.528759655351905,0.5108525329740445
0.7572155580936774,0.03441978467851332,0.07962031252504935,368.3738848303806,69.0,7.670147365385005,0.5336770629172517
0.6366250648889362,0.07829562552036055,0.03753669569987941,457.29701909738066,69.0,15.833749753858573,1.6517900825358542
1.418753991503963,0.0688764525815131,0.09004562977608728,118.37078820080997,69.0,1.8042920494784718,0.38968890279623664
0.632381970037592,0.04331884680719458,0.06502167064751659,461.2477091568561,200.0,9.555904858996604,0.19590765079828779
1.2956084233979532,0.05304618871653202,0.08829327410747133,156.51819002610773,69.0,2.942255619342429,0.5404555179882635
1.7534942000732694,0.08385378323304701,0.022529339231243287,99.04147596880156,69.0,24.482350867624852,32.28293271931756
0.6595438785297141,0.07274042270533614,0.05940200584070379,76.7057025139789,69.0,1.182618191660803,0.08367399080424662
1.7788841666405877,0.07625174098453606,0.06072271440452792,380.4589169248607,69.0,14.442905486583573,7.272075542036298
0.9704678442419647,0.07462110960932798,0.02931692980538287,263.92779253580636,200.0,23.961767432057826,2.5659099251625967
0.8376426576039276,0.03275764490997954,0.07411940298716303,302.9572399852474,69.0,8.460867152257912,0.7738560562702685
1.7708630977197712,0.0470521368840322,0.055154453263712336,95.0373065411287,69.0,7.054883366430372,3.875599404531516
1.0020470276664117,0.06078584958298307,0.04744565351304755,279.63355969955893,200.0,12.286644391332223,0.8667459268200383
1.5784198102799198,0.034032678821360955,0.03271184573614254,29.370473625007598,200.0,7.637979513847561,1.9390867150175233
0.9549326512434451,0.062199931864295954,0.08250740808817876,272.49127624168733,200.0,3.687234841948937,0.13584138037874277
1.1337928325349902,0.0593999887623656,0.08787678011419968,447.09211471412766,200.0,6.630516100047335,0.32331016410818264
1.6009918668617802,0.027043370539553076,0.05725521543118903,255.78073392460354,69.0,27.71515298960657,11.987817666195202
0.9796664288606047,0.033718886128641774,0.0622314846623883,34.32179865360118,200.0,1.5449199153107078,0.07942020553562516
1.846497436531667,0.02708725229114904,0.04989816902956315,328.293933770963,69.0,53.92977952854259,35.60418945564166
1.9788822425886834,0.046665353473983415,0.03611328798208771,480.6287620876384,200.0,93.76749980998422,33.892527194780584
1.131564387372629,0.04342092839134867,0.07019994791349257,84.57236596889258,69.0,2.6834055702486475,0.47289826321309525
1.6771618873503609,0.053756903692988744,0.03357481668449468,47.49624696099295,69.0,7.8872205067350585,6.384397991329655
1.5006947026850714,0.0983484896050311,0.04602552308865031,194.53835935415552,200.0,8.407825472621415,1.3713502796725259
1.0739680051982146,0.09825225125068268,0.09999960236280564,314.64645688741916,69.0,2.063604105271472,0.22996960914948425
1.779426319678146,0.021820473814943064,0.07000216313720775,69.3207856533494,69.0,6.9216181902252965,3.024933620596309
0.620552047373458,0.07188254942280832,0.07052045498216761,356.36279659940243,200.0,3.7116595916628894,0.06755977649037864
0.664093717861445,0.060255624638072144,0.0498464165072547,432.3253894017768,69.0,11.506040190081686,0.9835814709125187
1.208668387645584,0.08447050618284574,0.0352601207284641,495.4327934606659,69.0,34.21137087459646,13.694956562659623
1.129940698234051,0.0510805585481033,0.041435545752142144,462.83738779013555,69.0,35.779442669520094,10.652007435208176
1.483067711842718,0.0756651810565684,0.08827161374791359,482.2202995127279,200.0,7.2781250061882,0.60450395887813
1.1077162282394315,0.02701411470755077,0.05985431986385904,417.52697036267483,200.0,28.67362246856599,1.9593988299984066
1.819100194753021,0.05948091804506625,0.025153413861357467,415.89814870040624,69.0,120.62111034562221,153.32016442173293
0.7049716217547428,0.07567816388354973,0.04910224786065509,54.0183552900251,69.0,1.2522496165662904,0.12245949199041184
0.8224347951443626,0.03996714404804165,0.04169569581533204,332.2273618238376,69.0,23.594053326399496,3.698059828452173
1.3816697924708699,0.07400520794432065,0.09148977702858714,436.3867290605398,69.0,5.840091160688203,1.177376146156964
0.5474862678430983,0.038374941471168045,0.09108872169299792,23.617081306548876,69.0,0.2436541230785019,0.007746673798976636
1.9094840066412124,0.024333071529676245,0.036604157511648264,472.57114675147164,69.0,166.06446613924257,159.8225290601736
1.8405248529646798,0.043006080107472505,0.09769640876088523,222.25362778879904,69.0,5.9793604731382795,2.003176234172322
0.8696442237847319,0.020602095523455325,0.03614310385608273,70.71650391602608,69.0,13.710439008662517,2.7718440934080064
0.7934029605082829,0.029691426725814367,0.08145717227275154,233.0045949262418,200.0,5.630148194051866,0.14502967545707005
1.981261425231657,0.04184419675818274,0.04556236439603929,431.52487692163885,69.0,59.054246153629755,49.15730839008039
1.350366322989731,0.03522477483835124,0.03651810288242452,36.853692354765364,200.0,6.356517011966421,1.0580177360324978
1.100778327523457,0.09055122851114583,0.08889365780416986,489.2528573064329,200.0,4.5159444472162535,0.20519005129342716
0.6567832797220094,0.07811684174479726,0.07412795024422178,102.45379465956398,69.0,0.9405734760270408,0.05288281470234177
0.6445668555050472,0.09991076326285973,0.06780193670548024,54.54511777791073,200.0,0.45928115774712086,0.009381044888765046
1.6514897877480421,0.07832749561196743,0.0787593691616101,77.47612267419392,200.0,1.5800699812109062,0.1823915120195505
0.8082308222096681,0.028469793819753682,0.04632871754595208,422.27747389297036,69.0,33.51194965736122,4.5654110284842835
1.327710107738283,0.03725986319694517,0.06028453861889284,176.0602350419263,69.0,10.357683838335985,2.926327186925463
0.5031268400270096,0.09719476119789161,0.050261013698817296,317.4815639390639,200.0,3.9033896239877177,0.06553063512124847
1.4425460441230744,0.06246407910753604,0.03304459041658978,65.50354103005539,200.0,8.312173973501457,1.7448269667758167
1.6504773373861754,0.0852265172654705,0.048537322585101066,450.2091501815932,69.0,22.204896820222636,12.040699683035376
1.6088394606392866,0.04654253432754475,0.040940987989070365,23.431396382562173,200.0,2.899315422343531,0.6110001428463134
0.7021089346360629,0.057486075290078584,0.045726146731603204,265.9469080161066,200.0,9.320920952026414,0.3349515283885143
1.1093031798987603,0.0614156857802788,0.05097271816819283,108.48050690568749,200.0,4.5247888941755745,0.36411602218471584
1.9110731041441555,0.05570096948634737,0.07319321504548806,17.325538036351567,69.0,0.6657495453907478,0.32096250835917045
0.5713399243472415,0.05568557816765049,0.09779491722805211,146.9044895629272,69.0,0.9455959245630645,0.030495664735566648
1.1193786710351525,0.03502472038387561,0.029801110123684183,315.8151499658701,69.0,68.19015476195707,27.70147785181764
0.6961113901045426,0.021104119935269817,0.021598445623927195,478.2338134041554,69.0,202.8887791181884,43.9797403993775
1.2395826217263475,0.06861181454274624,0.05246753230024728,283.1112245330603,200.0,11.148171354579478,1.0882851428728912
1.9138229235150315,0.07274638831179421,0.09639981174853134,242.62854404659254,69.0,4.121270179206058,1.5129272855237161
1.8651767424408072,0.052271780257348355,0.08960584813436324,21.414821184476242,69.0,0.5710126019903493,0.21419482367197365
1.1033786489326847,0.0767956519123756,0.06343408091149669,341.4192978849054,200.0,7.31445472496556,0.4679368004257956
1.5982045758284624,0.05361416385783882,0.058807681930009265,50.020753524339625,69.0,2.5869390167072654,1.0856167111853718
0.5007276416258681,0.07211477127661069,0.021795393059622407,289.6086020804607,200.0,25.398649953223305,0.9739301379670396
0.9215587771375616,0.04585894301198997,0.026068629484649348,266.3282117990429,200.0,47.25317817610975,5.131421024240938
1.2202013863949777,0.03311347644112911,0.038307083650588145,330.579164520962,200.0,49.807562003711915,6.452945062087383
0.9697004233723161,0.048365661111528,0.09271612373714905,491.1609300252062,69.0,6.873295050310983,0.6735107648648111
1.8627066938073964,0.050465523173889096,0.06800032722842357,80.07961318063717,200.0,3.8353138356231526,0.6523153530540423
0.5671873940877148,0.0619873733040083,0.04076837841044481,133.46177878548698,200.0,4.408436816233426,0.11595595803442647
0.6399836807663875,0.09344254818051463,0.024110970860356525,374.8593962060981,69.0,26.49808458366647,4.349078371128276
1.994751212164546,0.05320687118274657,0.032991962949389095,199.40397726449226,69.0,41.208781356848604,48.01962245904735
1.958184703363738,0.050103935256658585,0.07085405280262404,31.096216991220295,69.0,1.4524835799091391,0.7594750172427354
0.9125435810888121,0.05861907781154711,0.0749442608804854,256.061242587309,69.0,4.258267795839235,0.45715288893653977
1.203741785933335,0.03512424663139219,0.0608735683730597,329.97190641548684,200.0,18.310365511039755,1.4528262282615778
1.061800497835586,0.056186628023243965,0.03211701749206219,50.682151525763885,69.0,5.571162578870468,1.8895401458839327
0.9717204640885988,0.055972759040412295,0.07367639625058633,173.21460762292904,69.0,3.32386708458075,0.4115831833708068
1.981484244891694,0.021556537509668072,0.07299694502622937,17.072020718953503,69.0,1.7670076470138212,0.9182789760948427
1.388165587267363,0.027178343850218854,0.07010813092787062,358.44927504112115,69.0,22.349121873734358,5.935185170834927
0.5773531919929755,0.07737499086891476,0.03234313172696334,121.47117636253246,200.0,5.198778438451776,0.17859986539616307
1.8326229125436824,0.025518702753524032,0.05473570547357498,455.4293855446718,200.0,65.50061510367222,13.396755394491528
1.8051859231385659,0.06634153495169089,0.061292149481739416,371.4675024069397,200.0,16.143540761450424,2.8609914785020982
0.6385747503165317,0.08242165872892664,0.07701546704317785,264.91858269196905,69.0,2.07624288997887,0.10621438516456218
0.5319051434257015,0.047683987426438965,0.07733307357265198,173.9742446641892,69.0,1.9470060110423544,0.06882243763745823
1.9471072886075902,0.05838313524198133,0.06680546915249318,466.03277644571506,69.0,20.895181361881374,11.457069350212494
1.3405851774611754,0.05001631710058044,0.05153736445763861,155.59138766633865,200.0,9.420524789361863,1.0950159943806501
1.3291665617711208,0.0894968422333333,0.04049944005964434,445.73226489559033,69.0,24.21580886021664,10.206302254386419
1.4920150330759734,0.09786679207011671,0.04526862614135385,251.8458122527634,69.0,11.241627784115774,5.341188870201216
0.9532949432301698,0.047330676853148096,0.05755870106103701,197.89559404700364,69.0,7.218550192486874,1.101167093689578
1.0553990024514208,0.023820157671963056,0.09367563746510511,428.9849421376102,200.0,12.996069696884906,0.515107031861928
1.1900607216297787,0.07428141983094726,0.02674013156947045,487.499408249522,200.0,65.53709527113355,11.570193894987693
1.6090275786252284,0.038045751177575166,0.05233663546169043,124.37420717790938,200.0,11.521984868738038,1.899884596954348
1.9603664517318684,0.06066219282832444,0.034432476806231585,449.51587518011655,69.0,73.51549970569751,79.2765648922438
1.6817785262406924,0.07759867864992862,0.06348397607330113,146.61115767731997,69.0,4.730472385537057,2.036280715499236
0.6856646137538326,0.07174120397695581,0.03390364362962919,246.94142151703986,200.0,12.319569197149333,0.5694444512637501
1.1879091617585689,0.03844987702810594,0.0698745265911503,255.2849907176344,200.0,9.692304541013504,0.6524592342472274
0.6913270795830692,0.02373566214988487,0.08480175194221022,219.1338899722976,200.0,5.325168649361465,0.10004017083827875
1.0138102222696244,0.07134708294481926,0.030485465101388654,327.53353775164305,69.0,30.047048671502512,9.787729925502978
1.8551812898121294,0.024899134474623736,0.03109354167931519,320.84787867418726,200.0,148.35840037043755,54.73856473064506
1.200461108670396,0.07278729203048473,0.09770253462303205,495.9843358879548,69.0,5.141621263120861,0.7327403241250356
1.4198531634002889,0.07483556380347242,0.03856111230511571,158.74249480864773,200.0,12.152922958213148,2.11785783550387
1.0915337425510023,0.09045757666813833,0.09317298454727219,397.7859356485489,200.0,3.317514857795865,0.1414086401271485
1.389653646978064,0.07541968566646202,0.06829114012016083,318.9298265537733,200.0,7.560308440284955,0.7126348205416985
1.0413790368466644,0.06199190041930275,0.024884181762352277,232.60350918016675,200.0,37.86122519912956,5.500063531791033
1.9607367537044444,0.04953454740977885,0.033392623345597894,285.297667133419,200.0,60.76583689710538,23.319877752191694
1.0929081742943518,0.07992127412727014,0.06683383162664057,255.58012205405223,69.0,4.694689548904572,0.8106577088383702
1.3761062401836308,0.02504517216606775,0.034642010846824334,410.8152118012579,69.0,112.85466680603263,59.604631621455155
1.9170972127519923,0.037821301716192864,0.04517870987505591,126.68045901282557,200.0,18.87560551244856,5.1183983660204975
1.0682027216202874,0.04618747456000297,0.03968418811125294,29.5712589039982,200.0,2.6056466946819805,0.24973771535960426
0.8309245158006522,0.03578926146596126,0.02720283301185661,313.7547684806193,69.0,59.06390412073894,14.48407651671395
0.6602680523824196,0.09577798555440226,0.020946666999168376,109.79022485025337,69.0,10.349983403093491,2.0812533179307033
1.6230162823174425,0.06941392146280069,0.05150186974276458,425.17957437170935,69.0,22.48816130043353,11.113128990720183
1.812642183860024,0.06137831199134179,0.04103781417706452,155.39059702883824,69.0,16.34950794707398,12.647488164813112
1.6752985970437766,0.09358246805782959,0.06571951383913507,108.67144414287691,200.0,2.7025624283703293,0.3847198436921989
1.1652655300673886,0.08466603852468928,0.060372633435059234,203.51503306044705,200.0,4.610873048552904,0.3456778797746134
0.5324943275744836,0.03975122340993202,0.09281473542736078,171.87248140215698,200.0,1.6035711045195105,0.016329767738470224
1.1792353793301669,0.09605616114313197,0.0656452750001541,424.236412878179,69.0,7.251494510067247,1.484173597415151
1.5044195934839537,0.05218204243182044,0.04401850143100435,181.23341799161994,69.0,16.179568398355975,8.037653707947886
0.6450242818400078,0.03939571267884491,0.07855918980788597,328.2417272574655,200.0,5.224902016427129,0.09223845665006421
1.1169171421870778,0.09873193817241623,0.08034841841447807,178.94904236139013,69.0,1.8814351690193982,0.2822367018878314
0.8551346904072337,0.03419175177584548,0.04907101851543545,332.2637615315437,69.0,20.706049893923552,2.9812670757870605
1.2016052609270251,0.030145670754656323,0.0271196737841721,433.30249814303005,69.0,140.89980447160806,72.47850416705529
1.8998930689658229,0.04581637913102389,0.08987135029800997,163.88680976718786,200.0,5.048485489402926,0.675891379655501
1.6719041681954827,0.09139659114491101,0.049171198037328834,11.428983345615789,69.0,0.5188223220466335,0.2849641812245044
0.6703998356377612,0.04322350856239049,0.036043543733409615,101.24383601231008,69.0,7.252350042674865,0.8737329674666928
1.8179477402346151,0.09097993876265772,0.09665791816770519,367.9530619478591,69.0,4.721766994219051,1.5598741262262263
1.1071836304176517,0.09154237823153441,0.08964653828920255,86.16834400363521,69.0,0.778089248639215,0.10280041149408312
1.71226758882698,0.067705983607718,0.09938212145533352,446.45984762117115,69.0,6.859014407628804,1.9550432721140523
1.1594682718551048,0.05516083823451634,0.07480878824948134,284.4447621035689,69.0,6.410205652508039,1.1130040143991566
1.0481987487198472,0.03150849492663281,0.09639125597077701,105.2660405207521,69.0,2.2614148415878126,0.24905170717570582
0.9049958098519917,0.09328028192835275,0.0372674894750332,499.7590763711172,200.0,20.946351353880893,1.5344407685262895
1.865034951418036,0.051747615782860315,0.05388992951131939,147.57982955617604,69.0,10.98903746105121,6.853077428446047
1.2067986762868477,0.06913343774179763,0.023310568733154586,368.05448198921675,69.0,70.94214143817585,42.82335850585274
0.7692626869765963,0.0906527372453184,0.053497161511436755,308.8974529696728,69.0,5.49538145818798,0.5873217576175649
1.4722079856419945,0.07392230247725026,0.0932996184501335,191.91540686924742,200.0,2.634480811424816,0.2040009808382733
1.8612753486304814,0.07847451315291236,0.08273235316722066,394.7008830677494,69.0,8.20636046385983,3.32013783154611
0.7669939402859031,0.05021728427057833,0.08374732048773861,79.58280710145893,69.0,1.0398420438524705,0.07057322572709485
0.765919217751968,0.09909251394450598,0.09061083265670762,286.37865192829685,69.0,1.617609795988241,0.1011857209372747
1.3051268610168596,0.04586170958154746,0.04207915710342739,195.75352927988402,200.0,18.876839175736112,2.5471026364595186
1.649630656044884,0.07787096073556551,0.05717299596711087,329.4959724611742,200.0,12.812404623619786,2.0327870141008115
1.8384857776653156,0.022828376758720258,0.04235906339450009,278.6096215097589,69.0,75.0308568457025,57.84605638883906
0.9431605597180599,0.05162048298589038,0.04803440015935402,123.5124850921072,69.0,5.868416569384309,1.0500246055795628
0.5716825456251623,0.09381910090013555,0.07244575325544349,150.0407502084893,200.0,1.0451972988791842,0.015717155757243754
1.4720418545102383,0.04374479867851837,0.04032588978482836,373.5399236032199,200.0,46.37822195553974,8.307095401058323
0.8451791872458883,0.0942101374892162,0.08341847447188244,150.82179644409467,69.0,1.1666538789690895,0.09652438072870836
0.7288793481415756,0.0678048097425424,0.09348191586678907,369.7476166143048,69.0,2.7289562185330047,0.14984418860596
1.4965210204119506,0.07684170325349732,0.07916483529301133,47.21487817257826,69.0,0.8803418285157244,0.24062697856397938
1.1013937967598322,0.05980883882007333,0.03811354826096988,121.13735064826179,200.0,9.213991610633444,0.9775352517437595
0.6223040950833623,0.021186837382890226,0.09024728703978774,82.13940676312315,200.0,1.7773420968940963,0.025422656831939797
0.9125832429444802,0.09169175669325075,0.03268684701660372,220.56952150722938,69.0,12.328007421979992,3.0347609475153905
1.2937230839693716,0.07318469702590738,0.067451514613295,418.90620777933816,200.0,9.76575180238168,0.8077470420383192
0.6206344273414633,0.05368259935239471,0.09317203446635805,195.2050095546655,200.0,1.5598160258521283,0.02149504062101853
1.6316531560917191,0.0521149280925763,0.09483147401938713,16.772932700346566,69.0,0.3503651933190079,0.09503504723087616
1.2557813999070286,0.09151686172755996,0.07011274508443908,89.64229106982714,69.0,1.5013542682791474,0.32626760459541426
1.7886282855040092,0.045795576585782864,0.06867780655356548,127.02296854874571,200.0,6.310986327540917,0.979940613535515
1.2146001400158666,0.0771915845596404,0.06798214043153246,484.69430169330093,69.0,9.901314753082119,2.075985597151797
0.5429735350152158,0.04111737596218149,0.0745022094174814,199.7271214331999,200.0,2.851039667922628,0.037607128789009805
1.3819271683946956,0.07233924772505944,0.0514887944047442,252.10252191573272,200.0,10.899690379039798,1.3475673925310638
1.6595567148508281,0.07781082504316959,0.029057199082280112,335.77155914010734,69.0,50.89085395834753,46.60471296427679
1.4989708928111964,0.033935088800431876,0.0937841138601119,301.94086438819096,200.0,9.098269473725615,0.7265987748003185
1.0387439693349383,0.02367320162341411,0.09938353596829659,454.01810700913046,200.0,12.101718694431467,0.4379538869143898
1.6675137460061924,0.08733610875357048,0.0750357984463929,36.633681159463634,69.0,0.7453673754013077,0.26687037581870965
1.0578330736903387,0.09531277233590221,0.08691304971177102,255.45215706426004,69.0,2.251940365169909,0.2801340042693527
1.0762490588619138,0.026905337326595308,0.0633110202196602,201.210430864296,69.0,12.048069406938502,2.1297242126067455
1.9420152128841885,0.07959056273197068,0.020636983421882995,269.54884206167674,69.0,92.65894319872876,163.60856401339433
1.068747974647636,0.02217268013812739,0.03187104862202687,202.33444911513965,69.0,57.608356928337635,19.948001650458515
0.61019227201356,0.06965984569410723,0.07781064159403049,134.30381426217966,200.0,1.1658583824078688,0.018595975043451545
1.8294932936866792,0.045202278165356186,0.049843479015158204,164.69754941420572,200.0,16.09875125400795,3.6034975495438832
0.7901888199963601,0.021340163402632957,0.045303388391938496,364.2104105963859,200.0,39.42533343605632,1.8112783507773567
1.2596893892313465,0.027675283207314195,0.0841339427945821,106.15675275454224,69.0,4.095696711028025,0.7463510361069868
1.9059472257732566,0.0991808120114525,0.06941006218702579,349.6813020066977,200.0,8.368777192178204,1.4599569828659094
1.5099439789547358,0.04955731683083403,0.05643780901557592,221.13014707282403,69.0,12.691471072422408,4.9536251334408785
1.9167003353888648,0.02576755325152326,0.0357137600077425,87.21218362053106,69.0,30.516751113574532,30.32988807952678
1.1612848106705507,0.08918327478370525,0.033825297298239715,44.5348342710443,69.0,3.041047307497554,1.1714363474648999
0.9852203123906895,0.08698939147634145,0.08332967312884858,193.30174661422856,69.0,1.8917107700990934,0.21290282430006063
1.458196217537435,0.053412763296382726,0.09996097706031859,188.27957258696568,200.0,3.0864865581529277,0.21884900553875825
1.5500439282967369,0.0333035919998876,0.0469712381590843,74.10016796079627,200.0,9.379060882451542,1.5991680505272488
0.8524662057675876,0.07152087349431409,0.05328260299719785,466.47081976464716,69.0,11.750307364471434,1.5483808332700435
1.6039285643460408,0.02916975002142075,0.09741001803521648,104.80577792239926,200.0,3.644026639730144,0.3207943483068191
0.8100394750292302,0.08913026216927461,0.05372977016253648,11.261621203479168,69.0,0.21271748990783518,0.02509922050976105
1.4372812120844498,0.042288455224203464,0.04135462940945711,285.9221735075602,200.0,34.09343407915324,5.676868798216702
1.7275172109237986,0.031475069481740066,0.0947075028522405,354.8715913782065,69.0,13.028949426670929,3.9667006605180433
0.6837163280743167,0.03234143285953515,0.047280825546739916,117.6655331793023,200.0,6.676473200979356,0.22003547622555855
1.8382985898218744,0.07969485210532834,0.09289169009748885,370.13881880808646,69.0,5.936738789960907,2.086713542336108
0.5019077801589975,0.0510096072630345,0.0557088535659051,337.5447404018731,200.0,6.421050732061159,0.09678509506009257
0.8909060120343683,0.032741742826855685,0.04660280214144413,412.13653822537395,200.0,30.98121205501427,1.75885038486339
1.421567148857995,0.07895126555515358,0.047171797578866644,353.1473220001565,69.0,17.14551750187261,7.096800215051812
1.3165382466027868,0.08127741399978444,0.09831377776253336,448.2555042992065,200.0,4.507250708673904,0.26487626086931904
1.9193756768589807,0.04152558306092614,0.08619300661260772,170.9751005242912,200.0,6.382404212635299,0.9093079635995727
0.5034592092592487,0.07233984977377711,0.08029047443508454,300.12325361096555,69.0,1.9440594194430614,0.059297138975282146
0.8770649258898009,0.08518131046362552,0.033156768185014486,278.7062407759061,200.0,15.661775149559547,1.2111865085806364
0.5862339246324575,0.06867603756179164,0.09509326953428432,377.6556812164275,69.0,2.1390130326696815,0.07469047045737617
0.9419688163211046,0.026939076147965216,0.03350853905209522,355.9997536902916,200.0,66.51870552728386,5.871378696147765
0.8976160450771486,0.09093042884331225,0.08333077220840175,39.01513872742483,200.0,0.3327782709819703,0.010725301611622213
1.097873745415874,0.03607939771862187,0.0800904040037562,183.04542835616337,200.0,5.210054767164736,0.26136374740497753
1.2978201592560408,0.07582423429936533,0.021451022536825813,230.93017405305415,200.0,51.539763035633,13.48969701357836
1.9786617902262196,0.08056862362106886,0.08145169271986133,53.37517788524438,200.0,1.185484773222336,0.18994057380439874
1.9315283472767064,0.023852900812004904,0.058419356067221095,183.88325528856768,69.0,26.17820031850156,16.152689462595266
1.650620060531301,0.049874910674977374,0.06672007764204789,354.8449221306996,200.0,15.828572406279166,2.154557988481752
1.8590540439198011,0.0784688407624163,0.023800200590470066,135.5864053763049,200.0,34.02521993766066,16.46960181747563
1.741670881345338,0.04107902894614991,0.060296748395303454,355.0305679708807,69.0,24.84134659619658,12.074608931212639
0.6940729299453057,0.039547677895124374,0.02372237247593998,68.41846282150914,200.0,12.802430879507444,0.86660916427889
1.6288597855046134,0.028301187956750365,0.08386060343336853,386.5797103291869,69.0,18.982498579999056,5.802597487822672
0.8358106088710981,0.06622646415313282,0.05978804652568724,318.5346394923834,69.0,6.747695881136741,0.7617571612531855
1.3665933650287991,0.06463150972069637,0.06534648503592305,432.02017809677244,200.0,12.835294125928877,1.2227592422155917
1.2739424835214928,0.08501201433826057,0.037494975403732825,45.794570247099564,200.0,2.928792515436437,0.42256538633323415
1.0667432846581741,0.05077836352108005,0.07729544857128805,181.5262961008914,69.0,3.8296948444075016,0.5447405859374311
0.8389966177335446,0.03447808190872805,0.07358863807861005,185.0585632137243,69.0,4.9894884144520635,0.4611320664027818
0.890437492042359,0.07649705475850002,0.03745716356996825,353.17422267338634,200.0,17.580417989528716,1.2404519035757768
1.2200577469401752,0.07332149967601385,0.0883057507437676,265.0888453944424,200.0,3.3940151568172467,0.19070597907492579
1.4335590659091213,0.09046431872769846,0.09429355430476959,113.50678484260558,69.0,1.213800562643634,0.2555972409250032
1.94528493914277,0.06044693577507347,0.04858720830809497,214.05510402415177,200.0,17.50821534664098,4.5453269443025395
0.6619954309556316,0.07643864795191914,0.022951870846365355,289.4683982329096,69.0,28.55342574290651,5.267563305393362
1.9132092525415054,0.06513319763161157,0.048152290690538016,262.6526839289344,200.0,19.964537872448247,5.0587824128420875
1.6369983565717008,0.06248648130422989,0.09960958334011055,435.1814157577815,200.0,6.894162533194859,0.6182379018603912
0.8348914205593785,0.06277539303716498,0.054794190449408905,273.2924862152705,200.0,7.2635757473474785,0.3080028227637862
0.7241423817903822,0.04034670262061333,0.07034597516703363,315.9755961910695,200.0,6.876100289792292,0.1708557603523413
0.5488502211511885,0.033891621165560076,0.049812770993148875,85.58223013520228,200.0,3.351312659811726,0.06755549461303201
1.7445110287822572,0.06000652839879468,0.06446077988593743,356.2018610081146,200.0,14.953110437696916,2.3532180415487325
1.9882378822198292,0.09801839144369616,0.08099752751881253,106.35807514935146,69.0,1.9730539853032547,0.9303868100847985
1.743960377311863,0.06717222000024546,0.04738054200967899,202.8573673419007,200.0,14.076312447125146,3.0119020635619504
0.6231631196763914,0.04031733817875081,0.029098866536258212,489.0975384842276,69.0,53.56788178943666,6.907033093322007
1.4175581053083244,0.08972292586799814,0.05555739716136571,274.09611165240193,69.0,8.417977972418425,2.9417603033573427
0.7798234280150316,0.058995031509307586,0.07724676853359379,286.50219802328303,200.0,3.8080216455980986,0.09992873503795478
0.8526946924181877,0.07139498780712661,0.07885168153768159,274.0109254362481,69.0,3.1580794187170294,0.28135773412712967
0.6939371172201131,0.02625471398488822,0.0941761785852518,80.85318538351964,69.0,1.4457030028072966,0.0714229698192525
1.4555060975995673,0.07328280617476378,0.04737653055950647,410.33581272620506,69.0,21.785929981375695,9.41240397193709
1.9842958638751078,0.08056793388612855,0.03849311872342015,431.99330039166244,69.0,43.0830324606296,42.57902077783514
1.0300305379882588,0.09713441512673049,0.0746531822598207,458.12304419550975,69.0,5.230144754969559,0.7181666529531163
1.1170435011245692,0.08755170363849901,0.04395716743586457,427.66661605537,69.0,16.943482850985287,4.647001482120428
1.91611288083001,0.09066842332105272,0.055131583302699974,165.32873540653264,69.0,6.8970550277914455,4.437772728601256
0.6659907471646846,0.0806392893654385,0.0422761087065949,312.276838473045,200.0,8.658098371408306,0.30279077949937777
1.693101249317574,0.079636096179822,0.04692524459320181,138.17605357360867,200.0,8.004678853676658,1.6299788657626049
0.5637235099164476,0.050010516960832044,0.08324380570283149,166.33462405474577,200.0,1.6234348363762658,0.020658271178412096
1.0230083806008072,0.05516642691895164,0.07800940375490989,400.32611921350605,69.0,7.319401916711781,0.9487388177824725
1.148445200673873,0.07871342028233456,0.0775006630129495,89.60646064034142,200.0,1.3059941493783152,0.07408582358763079
1.2060564470572501,0.020755394396239978,0.07166655472428739,28.16929423146057,200.0,1.9121889625661976,0.12936842612555394
1.2120125036686027,0.08650953220402598,0.02836703745679806,266.1068575054814,69.0,27.79857213558549,13.908566061908772
0.7657700713667279,0.037014890200652656,0.08407961909947584,493.07466546291465,200.0,8.657737047980584,0.20127469565031036
0.5249064430810846,0.07380713985602905,0.06317777112206366,412.39657017699244,69.0,4.408808368176052,0.1857720526062689
1.9177841528365611,0.0576478636812829,0.06325197589431476,269.17615736044763,69.0,13.429385901633852,7.544685803575861
0.7205315006832511,0.04219241896829489,0.07740669802410516,17.105668358499415,200.0,0.2925181119498453,0.006539716316357391
1.049800566360716,0.0748823715008358,0.027599536311369705,87.24688485743381,69.0,9.634403280423895,3.717031924731934
0.6966842735081451,0.07511730923134768,0.06613168347221826,280.4819933054529,200.0,3.568889184906765,0.08731206191389172
1.4551401946040667,0.021000841600413205,0.08772245079882621,484.2364331102515,200.0,26.161060016018155,2.104907425672663
1.6245737722916394,0.04008520843876451,0.03270130094986003,396.0909675858026,69.0,90.06818676442755,70.23359752471711
0.8098705022989957,0.07924504577077553,0.04772828206352129,336.17529209280997,69.0,9.049173114599723,1.201500362728747
1.8329871765705943,0.05707301213479493,0.06405397118259491,469.4288399131865,69.0,22.047407569244044,11.173519057713543
1.5118964112626092,0.06142458423677093,0.08677049200407781,181.78863948040964,69.0,3.565772903113331,0.907580890248303
1.1268299675251847,0.08400235730275571,0.036075910146859604,404.34438329805965,69.0,25.005467976755103,8.503429532125935
0.5544618194619935,0.0990724756551947,0.04896839710073737,463.095243778188,200.0,6.484976768702748,0.13571085077436584
1.061928054883012,0.04100266097254072,0.06313174763133973,281.3534893520454,69.0,10.969604878924834,1.8931848140798697
1.9892160348143633,0.041842296272811816,0.09909849542715371,415.12565563023963,200.0,12.057663077263683,1.6048658344320952
1.6578079321709045,0.037058555542442174,0.025810436372046767,72.59580147202315,200.0,29.249455527434268,10.381727155714682
0.6403853289393272,0.07289114497150354,0.031510950140478465,36.44507054532549,69.0,1.934789180744328,0.24328456113218574
0.7720118139315647,0.09073714082057628,0.03115565825916259,413.0038963594802,69.0,21.720528704671842,4.014588198866778
1.909683281978477,0.0495982517505621,0.0895990221980485,42.52242121337911,200.0,1.2236512907181327,0.1660182532022609
1.383294973687835,0.08928774013057925,0.048969443326183554,394.8720264930539,69.0,15.306653551192396,5.77888874427512
1.6023369660948967,0.0600729379847624,0.028805787870400924,17.93134015358036,69.0,3.4584337657569497,2.9782905177466352
1.978779685173281,0.09867366570839076,0.05630163616788511,437.227539774017,69.0,16.59636235067463,11.151837404495001
0.9293077490305589,0.03266125671212474,0.08861361825200649,190.40540056072345,69.0,4.139579620680138,0.3897934504484021
0.6361439980420642,0.04949899693346376,0.09108412111153179,365.84398506269594,200.0,3.4003283860530233,0.05035792215815389
0.8390138573077328,0.03357164475292489,0.02710366629940892,64.0329020579253,200.0,13.070580225523079,1.1315762879064752
1.4868698892850964,0.07409711185033835,0.07419869675448006,10.26366278901474,69.0,0.2244567947741496,0.06461629655843044
1.544202709528203,0.08284783724397056,0.09900173186537198,304.86076652398907,200.0,3.4784866298903077,0.2792768337510609
1.8399269114216954,0.09981001699385962,0.047241706722643696,283.8889802675428,200.0,14.06938353942625,3.36069715407104
0.9646292845682535,0.05663503806753975,0.04034173821334919,260.7459423439805,200.0,16.373248038981774,1.2588670432237419
1.0259625585172953,0.06996093307471918,0.06794282693354015,174.44862344852626,69.0,3.325121280649158,0.4977216722739816
1.3267961611884753,0.026086316458924362,0.05246788397121861,122.16186252152747,200.0,13.542263028960178,1.514554316980355
1.7602844476954322,0.021496111565607493,0.06992587859153199,368.92460801771324,69.0,37.07114121665424,15.871697515810059
0.8484108013944754,0.02523968669755215,0.0971936210250511,480.95489074545105,69.0,10.268388703845934,0.7347448761155673
0.752263654262257,0.09660713444564685,0.06264951674052605,325.843568567448,69.0,3.8786968026118327,0.33850720404011847
0.8766132480166285,0.047797726297259306,0.08251403229456052,157.64552169806825,200.0,2.5478746551582336,0.0790942755821502
1.9456214599015862,0.06293208596120355,0.03019864021715904,231.96476211303874,69.0,47.182908755828244,57.144398909602174
0.8972943329353038,0.041338410461365334,0.04793054278796581,25.773250522104703,200.0,1.461089779922643,0.08181127307155704
0.6220086707675702,0.08016802883374566,0.053442639423909935,162.23523348958247,69.0,2.6443312910537404,0.18496113977852055
0.9965420223435985,0.05717159123055182,0.036422364738367574,493.7437019700668,69.0,38.925291896810016,10.254503146858884
1.002757583254701,0.04314842455344963,0.07315296115129745,32.36216947470374,69.0,0.8432494542924163,0.11198909069935563
1.671895165262233,0.04751808879807708,0.04942310340634003,377.08479818668235,200.0,32.589697345453075,6.143942519401709
0.8907717252350456,0.09114252022094586,0.046998154499064054,442.0512218516775,69.0,11.735662908590989,1.914341078233924
1.0511232988726624,0.09701920658682897,0.02955242763987638,428.6975717459808,69.0,31.908904385389164,11.526188173787636
1.6802682292427573,0.08528890917662331,0.05424776021324526,379.7692516499378,200.0,15.254342092502554,2.64635221987639
1.7536770927086835,0.04667319817608856,0.09604941955730949,55.46901273204536,200.0,1.355483593234449,0.1446696810500586
1.2564679338733664,0.024145575076010894,0.023882075061485385,478.24530785499326,69.0,261.8012442146981,167.20994977738874
0.5725919710237192,0.05424782737706664,0.07088589356012377,145.0829850537137,200.0,1.828567518349968,0.02819164616438119
1.8838362171817966,0.07315072970924932,0.047840880485490934,115.34070188327232,69.0,7.786817416219807,5.580932397223164
0.828164152226186,0.05323552586720545,0.06853610097554959,423.7357329410115,200.0,8.420200464382512,0.28087600423734493
0.8995354562877727,0.04101436533398173,0.07712328224092214,123.82545168359957,69.0,2.7395072469692763,0.2777046630491716
0.6216805034099127,0.025245329518413087,0.029703363746269612,37.773456099136226,200.0,6.3257628972394615,0.27435982459822117
1.965450494859668,0.03642769240135195,0.033017308704236116,257.74471236368345,200.0,76.53994097764951,29.850349254068323
1.8658836464230697,0.08991661472098317,0.05731430502410205,164.94140892098625,200.0,6.251719724942551,1.2658560771826608
1.2782226599706081,0.09247367328152693,0.07341953976875658,417.15713637874757,69.0,6.4182409253867405,1.3799934736438477
1.4476887720944407,0.04481728637934286,0.0813855082979341,491.46721299575375,200.0,14.38074181395068,1.234421185239619
0.9364795574759501,0.0442041506637704,0.06410133027624478,37.12054592952626,69.0,1.1483301600334843,0.1517944812421953
1.6695893080693691,0.08504138012334418,0.02995452688574561,48.83457618774501,69.0,6.411108096699501,5.764340078149726
1.626260530735693,0.0463120405566245,0.0952038452822723,185.4868511312112,200.0,4.311730462448214,0.39926027648611334
1.5098215392462557,0.05122224574510156,0.0879175290883847,431.9896536716011,69.0,9.884180088189462,2.476144924033125
0.6804524256754394,0.02574479328605521,0.07181499925270036,189.82000929013023,69.0,5.83675249499462,0.36358947308920786
0.6715907938247346,0.039258972911078355,0.07276455723243878,305.1503920840871,200.0,5.915496494953778,0.12222485310898451
1.6087510829667946,0.07686804584466854,0.09197083283527167,164.91450374719616,69.0,2.4482337239627174,0.6656410722065071
0.8665358556512024,0.05304576373294975,0.02451787378015088,229.0668133782834,200.0,37.34940141232966,3.8128758248389465
1.2274637529124885,0.027304158002369405,0.0620518909501573,316.52759151529415,69.0,22.173419330383407,5.201812001052307
0.6854817984241597,0.027435374336397055,0.06753014540536974,266.61592456433067,69.0,8.764497138231981,0.5892245370745848
1.0354680781210108,0.05738603471474661,0.05732609078156842,88.48849393446565,200.0,2.9151700793440765,0.18174553307905894
1.1757995570511897,0.050413651044366896,0.060888702349580076,52.70574540633339,200.0,1.9893945070120382,0.15056690583360002
1.7247725094621225,0.02284395795374179,0.09541052661544186,209.36024184389566,69.0,10.418695495199007,3.138631618173137
1.5038372933357644,0.08967785558352714,0.08891708619631458,411.31793637019445,69.0,5.234486566519467,1.2863235433417557
0.6930767579495276,0.022364838732394646,0.09272176858398368,397.763061975993,200.0,8.602562789900945,0.14855509796602556
0.8634449153255748,0.08474881811296989,0.06013143913132081,303.0997317024905,200.0,5.12430053063578,0.21177808281584024
1.932042493996282,0.04651689246322814,0.04570281734236241,280.77035490086786,69.0,33.49828209543743,26.434588925304297
1.5987977760163656,0.06730546729003341,0.03167785148291585,111.0370332253614,200.0,15.77069580121853,4.241905142985954
1.8340021324068916,0.03798658874460063,0.09270066270267573,451.75208087395663,200.0,15.228435061048883,1.8418355647333324
1.0606707739335643,0.022239273769095604,0.06949069394401403,299.48507710373104,200.0,17.7473347631371,0.9577373901885764
1.63510136715268,0.06334524970779334,0.02569219431767209,283.1172870205139,69.0,66.42718849334278,66.78726928832364
1.5662061091459567,0.0967913189899754,0.07733627712247755,403.70343944605673,69.0,6.553294447947561,2.0083245515054013
1.048545609747767,0.07165742707572913,0.0878064669885132,29.481465239746377,69.0,0.33571707019249436,0.04061451055165302
0.9191521677808168,0.04629873633430914,0.027805940294539724,371.9799878428195,69.0,57.30782587024072,16.823286016302983
1.1163452387848396,0.05850459817477248,0.08532400872082864,477.08855130757377,200.0,7.502677279094775,0.365275722821247
0.9144723893152638,0.06903155303927191,0.04893100449989946,225.62166198892402,200.0,7.490084803045518,0.42669990224215526
1.509859498193022,0.04689870996678099,0.09618845069592061,183.78168152903496,200.0,3.8369244728978464,0.3031182862652368
1.1385529134663757,0.04354658331935493,0.020584298624797583,345.49570958290053,200.0,127.9148290329442,26.85158980806716
1.4182856601518055,0.060494506786251054,0.04306135006386797,470.532796587578,200.0,35.69551384375286,5.558174346531691
1.4634110304717223,0.09384547282360164,0.08949820507124422,122.906234240751,200.0,1.4356530878497076,0.1145108339843517
0.702248580757281,0.048710733662688147,0.021452272154403717,461.6977410176309,200.0,86.78178991038509,6.649910358341626
1.329463073477531,0.09496386445266453,0.08462952096637771,11.511249150714589,200.0,0.1350043737829814,0.009398472165088255
1.009199665765396,0.05493639463163441,0.09881827702460805,270.94131367996505,200.0,3.0582210393852374,0.10506656545020164
0.8629649421070956,0.04833631510099194,0.025044017235074455,193.58556217596742,200.0,33.062511484789496,3.2771543552709743
1.67071730188213,0.05824564140382037,0.04414722857268204,474.54345454042806,69.0,41.90442499634303,25.59894287353562
0.5777240701660269,0.049523505600902656,0.07337417462978978,235.55709936377517,200.0,3.06245751930045,0.04643511376938438
1.5708642212757853,0.0256004793018884,0.07101939061429369,141.42511054779987,200.0,10.323202486751226,1.1956210319215919
0.916602849153737,0.08303057797675634,0.0943600987045699,492.3294268532343,200.0,3.6624644156316246,0.10869915757724714
1.1092194513315905,0.09443836290077716,0.03085489326085207,353.24133239577407,200.0,26.14831419397127,3.4756284637227157
1.4966175687920424,0.07616473000940167,0.08757239330018877,479.9290392118272,69.0,7.378205947922235,1.823328343329499
1.7715934084334715,0.06320857969281549,0.04017904437101065,204.1539944049006,69.0,21.26659446904388,16.05040916542602
1.270687099985642,0.020609905684476404,0.020134588740586493,171.5462980633407,69.0,156.53436319998065,121.28408599092486
0.9604844864125024,0.07215209230869868,0.05533964036200545,329.3265250660622,200.0,8.589081470766967,0.4772762725351634
1.8587081913146257,0.06998535188683681,0.06049938646105421,347.6183352153403,69.0,15.13408076310545,8.350013022926557
1.2354799739139546,0.035601447096014815,0.021604868924992707,121.02111660371827,200.0,53.985508132394514,12.713810191620528
0.979248486799217,0.07190016669317957,0.03298624704032625,54.49434362240112,200.0,4.092605408458485,0.39658065908241064
0.6119556439338472,0.07769079509316883,0.06785885314203895,336.7246431618865,69.0,3.455918556468538,0.18427080069579913
0.8617184153076805,0.024797282715512,0.058425949415061365,130.30529779855704,69.0,7.959083251309162,0.977344486866441
0.8081574566083461,0.06777889437058673,0.0644421953344249,145.74052459068162,200.0,2.5106861624957864,0.08481893518777303
1.5073970638102983,0.09587184833210771,0.07970619923326674,208.934037103219,69.0,3.102507286790704,0.8545464807324451
1.563544197509453,0.07909016398445107,0.0748689881637534,144.47980730045956,200.0,3.0573289080416077,0.33276624691845097
0.6794098088473488,0.07447678988615523,0.08637136905190267,401.3074960613351,69.0,2.944420132862991,0.15203838597121813
1.791577561500097,0.08606346780275105,0.06878743665289347,138.98358952346337,200.0,3.6687092589890216,0.5706294007490028
1.0000700397346267,0.05773528420643728,0.09975646003244834,59.809930979110284,200.0,0.6246426034692936,0.02087517626877416
1.740161155251723,0.0828588998524591,0.06552180762666218,276.52554382605376,69.0,8.11643045979662,3.624247030310773
1.4829921272608082,0.08058023567379619,0.033235426208237245,270.1259788682431,69.0,27.003832863022158,17.26479794426915
0.6805541030362618,0.022717457951201274,0.02134283302819746,267.6033805233542,69.0,105.59458216740147,22.13984279555994
1.0234901587412537,0.08568673961292046,0.04553517275851642,487.7323511592824,200.0,16.858110230883444,1.2927304782472928
0.9959327686342837,0.03347309552149913,0.09455874175886332,10.665379635875686,200.0,0.21294053703182086,0.007445527114750248
0.6423865580384601,0.047887473039911754,0.02992253188877484,261.70794086136,69.0,23.525886533534404,3.1347304263099494
0.7782422373460977,0.05721531345344258,0.024703482658342546,130.79173539299768,200.0,17.491123290026696,1.429446341563567
1.757736037842486,0.08070056796027787,0.0878771919712002,25.506406513705308,200.0,0.4316435454198344,0.050586559037709845
0.8250682755016687,0.02189796385432235,0.06099387820731035,214.53569794659637,200.0,13.03660405387199,0.48499442834241185
0.775104239705489,0.05902388246268166,0.021909987519919162,418.5896201159101,200.0,68.70491144840067,6.2797828169003385
1.2097008044367352,0.08496832946337647,0.09635698025842274,354.3458429142334,69.0,3.260116500249941,0.4783717534416014
1.0454757446734142,0.03717202917261195,0.03042288134300101,427.83392606199425,69.0,78.00518575783433,27.077633460204183
0.6525408826774377,0.0731365277773105,0.07126241576254501,322.4714154512338,200.0,3.3993413811813715,0.0677061997040918
0.6227871221442437,0.09251525738485673,0.07124679729744729,457.2622188031731,200.0,3.638414207460583,0.0660244489213315
1.0808549651023773,0.0810318031769903,0.06685198413260243,493.13911304847005,69.0,8.83088066278139,1.4910225390157459
1.498144101419342,0.052956601915596604,0.02307506344595157,217.17208292789493,69.0,69.23136881520733,65.0619150346182
0.8085328768932816,0.09718805358111464,0.025067816459805707,393.8967002861887,200.0,31.288545895232314,2.7198376878801156
0.6570332920830764,0.032472796080956615,0.048489571295848036,212.52602721354125,69.0,10.97322731930544,0.9438879324742779
1.1592528604317835,0.07361012440910111,0.09492710768456246,160.34207154115867,200.0,1.6813528629198773,0.0793421046890417
0.6386624287346239,0.020992263541717796,0.04917746833517197,295.7855675321363,69.0,22.325849517104817,1.78913953431499
1.5754409141069168,0.05390368166586372,0.07529794238573738,267.8509858435814,69.0,8.284417419039189,2.638412855778868
1.3861832394863758,0.06452407851925109,0.05066996326277133,453.4053029484177,200.0,22.76331452832164,2.8774311576427736
0.5846123084967596,0.08698423985089576,0.04319973492036361,347.0656240250428,200.0,7.499426771664646,0.19777055931260196
0.9728239887966579,0.05172645078076965,0.02892558675895294,262.74014627345696,200.0,35.43520290731971,3.86455982180344
1.0856368535499494,0.0644801818423497,0.06306063673006163,108.16438555301612,200.0,2.7477496354610618,0.17118539449184425
0.7662538893465611,0.06316551211236432,0.050139553616402814,348.04988447017536,200.0,10.076842910784714,0.3933400369741309
0.5122511583025406,0.05249635704495477,0.06289640406759099,268.80801096364706,200.0,3.978282385863216,0.05532410970737446
1.3226961382740703,0.05759572921080024,0.020960026292834097,56.14547140220551,200.0,17.609707451830566,4.89958430171875
0.6027799119569384,0.05924880095751746,0.08098952220167191,31.865269000720104,200.0,0.29654483943298887,0.004434634390254348
1.6986573237180098,0.08450224151913859,0.0890126160053078,59.654398533992456,69.0,0.9080884225363933,0.2844119081177109
1.8663490291335345,0.03920940336942883,0.04139900375909086,453.1540367727886,200.0,75.51269223079262,21.178467932407962
1.6626110238455758,0.05377422352948358,0.038969092935428315,99.50009654787084,200.0,12.154879732879087,2.874024233611443
0.9327833821738708,0.04136508440996499,0.07333712610161693,409.5323489197086,200.0,10.302403946872563,0.4074319036954487
1.2345091671699988,0.04607294890104187,0.08180303606535039,266.29819972649256,200.0,6.397774739633407,0.3973076306211695
1.796875084815551,0.0666670886906717,0.048034550779036816,179.18592932685425,69.0,12.558971748587233,8.156348502282846
1.6021463570961116,0.029110438226398784,0.0599144808545229,294.91822927593176,69.0,27.129557497778332,11.229875281957504
0.505384503225804,0.03921815056754557,0.06896897928797467,24.827709565857255,69.0,0.40356651154848217,0.01443992089403739
1.3002396392121303,0.04996371594559307,0.04652558981490952,321.5103833294802,200.0,23.19162338916666,2.809084551363708
1.6750853822173348,0.08516605290505719,0.03538722212242369,425.78886008982613,69.0,40.125737692076484,30.740441834829426
1.1933006868298108,0.09988103676108985,0.07791241366031294,81.76222268353314,200.0,0.9655115450060081,0.058820584938184865
1.3476315096979046,0.07940517169853777,0.08649640136201486,88.70680419643357,200.0,1.207353576686174,0.08450015252230987
1.4269423366425125,0.03577907350764708,0.09696388422315262,366.6414221099954,200.0,9.331470845157476,0.6531782146290783
1.3036429049323273,0.09851381184254948,0.08818199224625077,378.36676969078036,69.0,3.8633668272273938,0.7193876551224572
1.4338701314765676,0.031705851189684296,0.07583619075503838,109.84531428437175,69.0,5.182629548100202,1.357540963035502
0.7195120893978916,0.06030160369839886,0.043824439716265276,202.52069980898344,200.0,7.54913441366456,0.2972594855409662
1.4234098191149045,0.05092447979035995,0.06800145682980305,321.2007029959617,69.0,11.649161328717769,3.3534822187749844
1.9943254061016662,0.0750223408795961,0.05634562195301637,498.614162665795,200.0,25.049607024284306,5.894018965916325
0.612026618490154,0.08803625080638233,0.04523690030663834,331.7228770948775,69.0,6.761604559328773,0.5409500953762932
1.6809000866751265,0.04922616215006492,0.08299154622272813,141.39350348740538,69.0,4.205899738613136,1.3834660591438572
1.677418796375394,0.053119656613266425,0.08331104454117251,272.78841487517144,200.0,7.4466040061354235,0.8383346865929057
0.9570936142354782,0.09738677166636739,0.09453426385518163,422.96360408969866,200.0,2.790809574974965,0.09014228031637923
1.977378691372264,0.09849371985023214,0.05469843972902949,476.278872239429,200.0,19.17538093435241,4.569066793811865
1.9196250301869053,0.0222660806961854,0.08591382562264341,489.8534339270903,200.0,34.32921848227763,4.9080888059553
1.4641426249381082,0.03338178237687997,0.050047110058791706,265.1110214147569,200.0,27.85446921528351,3.9770531629185903
1.2512364266201992,0.05275446302501484,0.06375416247462472,455.0996529246976,200.0,15.933854144526135,1.3042768814355055
1.650876048090678,0.04999077277234222,0.029025856837902184,127.17746953033497,69.0,29.90996800202486,27.134353767670948
1.8435931843482263,0.06911697932478973,0.024852252036201037,138.14669376315805,200.0,35.79650214143322,16.31863299784463
0.5561251468281493,0.07171026675721581,0.04543572596417271,460.12806691755384,200.0,10.371133577353065,0.23531660199289367
1.9233065462032457,0.059981306217084016,0.02900042986786959,76.12687204783478,200.0,17.41457803521614,7.404304746613567
1.962724886171867,0.08210263606077979,0.08786962728418163,368.4235953115513,69.0,6.844211885688602,2.899099828713454
1.6000896114543894,0.0541205829272641,0.09485556596952281,29.287751300504063,200.0,0.5774222025382929,0.05195149093899334
1.4915100529112058,0.02680729756467212,0.07591258981291434,388.69198571007706,200.0,22.516577066408605,2.1994782796028947
0.7981571854918986,0.08158061034188697,0.03877873050265615,171.22996965289366,69.0,6.684136845890591,1.0609337152070688
1.4743356194988766,0.09754339246197885,0.08226711299132033,424.02520824538254,69.0,5.681838890565862,1.450490953849586
1.4054577126960792,0.02324918603870981,0.0698837826292664,194.77004189472055,200.0,14.465406086994992,1.3629142659623708
1.920801396898969,0.027993678945757584,0.054676957512477156,490.3963132774027,69.0,67.53241050023244,44.028357818873346
0.6256544563032359,0.060696418632654195,0.07081688314305282,440.14061299417455,200.0,5.428008931022607,0.1000118762922371
0.5159201714384944,0.03615759246667874,0.06228994605952863,489.28703420475205,200.0,10.795979492403118,0.1537757514290873
1.0185157014839983,0.02041481553940643,0.06233446611227708,354.1213854247382,200.0,27.281559043135683,1.513404925847661
1.9909261407913408,0.04283680230779645,0.029680267188399414,354.75810148713055,69.0,112.3016312848467,144.90661336810157
0.9267935941977625,0.07276276306822617,0.03878051198144188,392.4236894210319,200.0,19.941289163876146,1.4722599049894787
1.1554029165099426,0.0744027007874177,0.0773794795068757,290.1738635882208,200.0,4.515467214789701,0.2596704636985388
0.8929501833049514,0.03413272468297722,0.08572768697216519,287.7643766908311,69.0,6.146138481605258,0.5523258211687514
1.1730203344670387,0.05307741568685673,0.043375086094929155,329.4446001306171,200.0,23.219278242986856,2.455263981189509
0.7755757987324746,0.06781556803754299,0.04223690460715082,46.771982653127935,200.0,1.7990685419961931,0.08540491597107823
1.537621060401661,0.09628824713276402,0.0889727094882364,120.81826818664351,69.0,1.4623329370505005,0.37544621759754715
1.1579162989955223,0.03118308291169731,0.05788674805624701,383.66349119647253,200.0,25.509475977988256,1.969497638156841
1.334912430491037,0.026349232271552364,0.020939689963835786,183.9925249470987,69.0,127.55448883345886,104.87952313777159
1.4557390827660541,0.08450724515237085,0.030654379511250305,475.20254340301244,69.0,52.26783899487262,34.91151926608448
0.7533880225503127,0.08208889411615873,0.03523676596824677,309.85519724766226,69.0,13.742073209857042,2.13871683986458
1.278946175703582,0.09281457717692762,0.07501603823896552,419.8977114097295,69.0,6.169111025178801,1.2996686624704168
1.9613567324649979,0.06847448503563393,0.04695078026973945,180.8485642963166,69.0,14.099655551889938,11.161910099442832
0.8826580110251361,0.02065110804242778,0.09613994106643452,451.6191350793649,69.0,12.530401598057228,0.981082938990335
1.6665623353325008,0.04046649640633171,0.0427021974501305,148.13790529164945,200.0,20.074417801270318,4.3522577225040155
0.905225238270743,0.04862039007271433,0.03553510613399448,459.15446602297743,200.0,40.61935702407476,3.1222486079827756
0.6287334976449034,0.08982605380167535,0.058014528980769156,408.9904359005898,69.0,5.103347481471304,0.3359782922032206
1.9292265898102838,0.02817791824682543,0.06134063112108076,402.6894352102185,69.0,43.964216751092515,25.773727264497786
1.1140690635139212,0.07015026435049394,0.02377680213421474,285.6893842566971,69.0,48.15276928229653,24.28576029579007
1.7635627546730142,0.05603131733664969,0.05292526944407286,309.0227968942929,200.0,20.834145793517493,4.081062096804658
1.0439634457145885,0.08888639379351304,0.06239679002001525,356.47095155013585,69.0,6.452097252198166,1.0888520954486918
1.8976406698032389,0.09361084127731223,0.09435797452764222,151.47033322438335,69.0,2.0692332235357327,0.7629892905489074
0.7194331222340364,0.03880234805376696,0.09373023953141393,483.4287972636395,200.0,6.121484236792082,0.11267734651306609
1.0684527697353037,0.04963547275722226,0.028398160321585566,367.1793586570653,200.0,58.804730301765126,7.879732230909273
1.4701984702567936,0.06947032157963809,0.07552721253100442,225.29686369513007,69.0,5.015060084604809,1.38670559332682
0.8822152029243342,0.02068754146173605,0.02518609835979551,375.8999021039088,69.0,151.62378328109233,45.27048623129615
1.7303066945492058,0.068824564910886,0.04417865991794386,413.5558937975121,69.0,31.962445615116433,20.9282681031094
1.030748592914149,0.06981761284038725,0.07944347579566842,95.60873189552903,200.0,1.341899803261876,0.059819957295003605
1.56353093875576,0.08852249606001143,0.07633734870590408,81.68409832178112,200.0,1.4854822043102973,0.15857038666409726
1.5400376762110812,0.06596618093568436,0.09209514677293931,311.17684289528336,69.0,5.139194281744804,1.2787352386595296
0.9337046120615975,0.07017510388613216,0.08837207719948849,11.017524854129162,200.0,0.11262416977253399,0.0037035165742502966
0.7994293859797044,0.02466546992851658,0.04087494235760471,386.96103033128605,69.0,45.039637754941076,6.803894995524745
0.5475428191859464,0.041677033143995804,0.053340694671444325,489.2242928632392,69.0,13.553867079626922,0.7360382441106167
0.5340906916559836,0.02289798907502081,0.038816410765088856,107.68835837334402,200.0,10.002462273382722,0.24501930870979163
1.7088744821547022,0.06554016665185843,0.07028571957281558,42.830617431844324,69.0,1.3563570153297144,0.5444862315147838
1.4227737851437756,0.08716126817793327,0.05399994290840007,186.5901846477233,200.0,6.267087490814713,0.7831102556352064
0.8633824552479734,0.03315768629539981,0.048606726104194004,32.28221614130452,200.0,2.1347196688309027,0.10912635892104942
0.8809328695127028,0.09514273338642762,0.09853129904124439,237.9887098585211,69.0,1.3618409164927927,0.10363285184250635
1.5601182999708088,0.0472400969181525,0.039794396573895746,440.20784484410024,69.0,55.082282980003136,32.55102891154275
0.8351027806987292,0.09953645323352309,0.07472466465900192,18.86598249409434,200.0,0.17008283894119913,0.005291211559929418
1.5001224155031356,0.06650780592186703,0.09939165638662607,214.3521626035659,69.0,2.936522569053564,0.6423865894849127
1.6486722468781847,0.029332932360077228,0.028520681290294895,138.3700361299886,69.0,57.36570828114832,52.82272105530527
1.604860819653685,0.041781924826413366,0.05222840562803156,168.93424783246823,200.0,14.272641169905212,2.3461245996815063
1.2463196795893092,0.09563307173604194,0.029476068893687576,153.44484956972462,200.0,13.80974907377749,2.425793763001643
0.5076093024271194,0.07226939484698006,0.09861932505596259,90.83666269975006,69.0,0.393607642923089,0.009936199250133157
1.3185066588944307,0.04633838853908208,0.026408544315413972,41.86874482701383,200.0,10.24928729748629,2.249016307044315
1.5156068806847403,0.0362025962208435,0.021041843584567472,317.11347762685267,200.0,179.9058255997908,65.4656253089978
1.7894877909468896,0.03674416001932604,0.044856421401493825,365.15796862408257,200.0,53.030192379150755,12.619286611178941
1.024838592947691,0.06468696230490634,0.03638725746442284,52.960990197567995,69.0,3.8023090541631963,1.0603974709096162
1.0118295054323758,0.09746256813081329,0.08665421868592735,258.0000826489463,69.0,2.140233524342323,0.24431255237674607
1.1227071550988288,0.058793800565395765,0.06473332003955337,124.25645269949561,69.0,3.3974212099374737,0.639166703861337
1.0989657883641328,0.0582128266726627,0.09705582928524,133.19459027368967,200.0,1.6016221700355047,0.06643325589842383
0.8169631498079917,0.06275518248350567,0.07451723725152741,33.62014830401027,69.0,0.472922804284443,0.040925886599213604
1.9741390446455165,0.07004034769822434,0.048786072013148815,441.89444686573876,200.0,31.39840117183341,8.360762812004957
1.6229161104584753,0.07231279155834681,0.022960296735736102,399.6122818088959,200.0,102.07421036592096,39.03097683879981
1.055773826140352,0.07238701892447325,0.08512222730239793,344.4575000567699,69.0,4.160170571282204,0.5263438964516266
1.0124020749318068,0.02891842054238845,0.03773134723716315,209.86058004477198,200.0,30.963921084016285,2.8037445212735244
1.789505394509918,0.02103946353118091,0.03731543820680324,343.2117150676638,200.0,125.78666762216889,35.98245864246286
0.604215155037202,0.02920147212883463,0.048735817216954025,188.45063270567476,69.0,9.85006763805832,0.7129085746800125
0.7912434856971029,0.08047038647280293,0.07281013922982182,241.83072047285143,69.0,2.691243893890046,0.22358421600464443
1.1159807302920957,0.09707312537246492,0.05748415022389476,205.07333772070584,200.0,4.280770077432156,0.30914763127535055
1.0274409749997917,0.05370141821329573,0.05710186429971156,439.41319080552546,69.0,15.470163067468604,2.76323624895437
1.7380391763295575,0.08981634166410118,0.05465273751256723,452.37717868716624,200.0,17.584592041926413,3.239800328652497
1.4072139728235227,0.07070994208097926,0.0387911199535307,482.511172425048,200.0,38.28896654408547,6.515388978049736
0.5081071520263576,0.07123510699973438,0.09208226131822285,147.73744129090394,69.0,0.7456776023357641,0.020199721827456326
0.8566815838114565,0.058532550444990616,0.03854335837647756,142.51979006380253,200.0,8.424600217897869,0.5347088288070423
1.0757388811825828,0.026678904984790936,0.0345338832290803,194.41025079320704,200.0,39.43832341665683,4.405198727304934
1.1670238608784111,0.04223254560844132,0.07929763897170225,377.2545951099385,200.0,9.947129025234906,0.5694763741114344
1.9215953363297582,0.08516140171737331,0.048428133160720546,16.458532410926477,69.0,0.9500928210441772,0.6999255237158696
1.1808523965193083,0.09733669116569903,0.06492084756851323,254.88369748618314,69.0,4.401938627688366,0.9135044831387866
0.9919324578377893,0.0860994568064205,0.050543762857169855,345.18542352401545,69.0,9.340072480693516,1.756736110590424
0.7286991974672242,0.06588758111835724,0.07048726680160443,437.47847671848655,200.0,5.842938664336942,0.1467222520239562
1.1786621616282198,0.09478203913261832,0.09954861808093748,227.6024771277964,69.0,1.7136457865254884,0.23105967355886808
1.8193284964089087,0.04682701468687897,0.07679683483494144,53.58418162910253,69.0,2.1179507696966087,0.8819712615159587
1.5636572921468805,0.04801830643020201,0.04322940167150595,64.53236402911831,69.0,6.746913029714285,3.6869622130911446
0.9213526772081371,0.09489475436505966,0.03687614007378688,135.5834061016418,69.0,5.8083205279432475,1.291863336723895
1.15793792052653,0.08051884115375123,0.0953244224291867,186.93131544823845,69.0,1.7750586539563626,0.24123411713824366
1.0278515465618536,0.06027020507545919,0.07540580772547266,188.69277702156435,69.0,3.3956635926124403,0.45966379628365156
1.4827209472911118,0.07001657062363088,0.08673712829229073,222.1661772017238,200.0,3.752128485003087,0.3170080230847125
1.370404037183614,0.029444445640823512,0.027699582236977494,295.7214978848176,69.0,107.62990494015575,70.50446907799108
1.5368964134796275,0.09724746903808375,0.07079569822667635,298.4156801663352,69.0,5.645799368958574,1.8199833543763146
1.994733124242649,0.07071095879972465,0.06752345910743794,113.80297723906371,200.0,4.224677708470097,0.8298263960474662
0.8828432351086253,0.08279989154863418,0.041283051108401816,84.31325096320693,200.0,3.1648806473380278,0.19917346639173097
1.900822562041881,0.0932817536649465,0.09762883692488486,342.2023233858988,69.0,4.389578797093402,1.5695947616536354
0.764860184847344,0.0649920259167017,0.03102700460293919,378.1230953528653,69.0,27.73490826517296,5.05255025695614
1.7652770739309553,0.04930712487920938,0.09436030944920816,201.23724637910806,69.0,4.854942661489943,1.5491025212535476
1.371345442480594,0.09253834762462172,0.04321875149532628,99.96554474628232,69.0,4.7586337539455155,2.000614670957495
0.9349971224804204,0.099083575934915,0.0933229589952167,299.18184085977765,69.0,1.9449931751328995,0.1760393596085223
1.8575469748527684,0.09760168404161637,0.06148276693043936,319.5520929086781,200.0,9.653139956838748,1.8058162416403833
0.9162051629472729,0.0953991358017504,0.08023067417215789,153.83854503399323,200.0,1.3771581774912858,0.04802944835010882
1.6237169815883061,0.07446581518746234,0.030387779217043963,183.81824511237568,200.0,26.043258752627107,7.531747887578049
1.2905624166951786,0.044572987569569573,0.03438356169638904,436.6157912161035,69.0,64.15880030548801,30.027767871052813
1.2375216544870007,0.03903147888435883,0.026628220712604147,287.4992926574778,200.0,77.13323302796475,14.787125082732496
1.6936922573273985,0.08077357487505298,0.020377694717600658,292.72234819349654,69.0,88.68746169277954,120.62458384957269
0.5211042068608742,0.060680062110152366,0.0499398386901454,155.0696210614855,69.0,3.2037769182480424,0.16831543414346406
0.5758513540393453,0.025736556342658243,0.07592341910927393,274.1846169925084,200.0,6.385615674119177,0.09296651450757355
0.7451305763009352,0.06068580796927242,0.08101581157968403,172.91235950373758,200.0,1.940809726685484,0.04433601836598406
0.6219887452584443,0.061764456892356503,0.027532397182012388,469.26238108663165,200.0,37.40441248141018,1.7519536387321302
0.7200477929283375,0.02619669838853164,0.08091862191837637,382.34090618996737,200.0,9.62985667220938,0.20567084752290016
0.8375710359106183,0.06427650868539166,0.042544754239563956,257.18200043218894,69.0,11.108851296391558,1.7698077207706195
0.885089426776601,0.03635723887747571,0.03547961992750551,160.54789859071158,200.0,18.629200515025833,1.371097405828566
1.8762458097153456,0.0337245956496834,0.0691395928596555,356.14594676769485,69.0,24.86958881848102,12.234350207286113
1.3608220973779908,0.08825051164596213,0.08509151403912527,186.9919019425652,69.0,2.389382441398515,0.50241404620815
0.5151536185112656,0.022093329300209446,0.03824098660545168,448.5007804196549,69.0,42.907367063060164,2.8769739985257297
1.081002366857226,0.06887837007150807,0.027932222667240228,412.93501980986684,69.0,49.83859131684006,20.145275126475237
1.9127297231979428,0.024453398365535152,0.06893323770929637,150.59527077322596,69.0,14.873720403959508,7.627071184750877
1.8714157972724306,0.09606929212978656,0.05870317756408287,95.80664833074492,69.0,3.249446404174998,1.8730440915409599
0.5668135345166911,0.03912175698077384,0.041703058665276835,476.63905546297593,69.0,23.82467135519454,1.7733688823953808
1.4220668448797342,0.04237401920563742,0.05343316461011091,133.3017947360039,200.0,9.40125443279166,1.1860245468622752
1.4316177309673357,0.08679228021971484,0.054425289201198004,409.806877733354,69.0,13.692254806785286,4.981819801714248
1.1182657099439124,0.055378425685483304,0.021128545830463946,258.5670794381405,69.0,70.17617087989089,40.13005232820022
1.2329845084951856,0.03445003016640241,0.022730136264314124,455.1282911159911,200.0,189.16858607961404,42.173628090876626
0.6995988376206349,0.09582143283027816,0.08867273404907976,170.88168565230035,69.0,0.9520351645221502,0.05077158239313081
1.5274927427697866,0.03554668965812639,0.08432725931782233,233.59879320407472,200.0,8.46965785515269,0.7811508997522671
1.9177977517968938,0.0293696222043015,0.07741195738821548,164.36935483453192,69.0,10.74633681622422,4.933074337270745
1.3789073112074697,0.04347732394718726,0.07524924469200031,395.9433484925102,69.0,13.306145894049319,3.2484780355834633
1.8858380752749442,0.0642340373618089,0.031183574636246627,42.09306975644558,69.0,7.625164791231481,8.402176227529397
1.4287909353117934,0.047148406049944705,0.07844386432880715,337.96182909767106,200.0,9.986254127791327,0.8662829196711086
0.8472698128415586,0.0647108263383021,0.07027746003870233,284.6345793531605,69.0,4.527428332164241,0.44682621426798885
0.6076474121492905,0.08186138048921096,0.0863603922380731,369.35722127463794,200.0,2.20567347659872,0.03143465260904563
1.337062321037705,0.07999657246681649,0.08469740622079147,66.11140021119246,69.0,0.924203598673943,0.1884779265927408
0.669682209127707,0.04503769595325438,0.03186336390337215,487.6101778826704,69.0,42.84827693051565,5.826918073927667
1.1886549835962006,0.04767817281500532,0.05620132449690639,392.5106706105219,200.0,18.588563476993293,1.5577209271968366
0.6939174161139599,0.038563248882883,0.06783000369384984,445.24995563168625,200.0,10.448299813865347,0.24723964200119228
1.7693761028263206,0.042387501109265875,0.08896237072495917,146.86153808184133,200.0,4.647602433249942,0.5451822187106434
0.8358589321393184,0.07183311704053562,0.09494472862130371,209.75173318257944,200.0,1.624513666085565,0.03984714704767798
1.9984324636241393,0.0872300443981223,0.03896193141056365,446.64202724053223,69.0,40.443921983887655,40.054506815335245
0.9803519442569832,0.05463558941307717,0.03579862201082068,157.3855758470796,200.0,13.221780412484904,1.183222459251959
1.9498066937932912,0.028917285612158602,0.06735128350388159,272.120426622589,200.0,24.269155996714105,4.566365351348061
1.0785817240694402,0.06239203329877195,0.058542585854518395,102.30033630024738,200.0,3.0960532866413204,0.2050790914982436
1.732232159458813,0.0530028996763281,0.059262819984668036,91.99148458569489,200.0,5.136185720620296,0.8668607623028171
1.9406332138041325,0.04349422830153006,0.07147881617939554,462.90783060364504,200.0,24.255090853349284,4.259819721790741
1.099217205259726,0.07389872897885222,0.08067927682101027,202.0051765053159,69.0,2.7697227885054185,0.4007753413837202
1.82375792602878,0.039577415474960624,0.05098996543132721,225.50448277970938,200.0,23.98041845426244,5.2141697965923175
1.8833754593843501,0.07338280220243867,0.06891358144603539,219.4292137447031,69.0,7.11506171006041,3.5384031659082975
1.2674952207203376,0.05733386356621463,0.027365100877540786,486.4157201815975,200.0,86.15884481881396,16.860646388331947
1.4477167458051678,0.08375584406901854,0.0968734507094115,252.80985013242764,200.0,2.793857041310733,0.20148622086175963
0.6345304607155287,0.06859006534845287,0.05609603183870718,373.473266271097,69.0,6.587759669071305,0.45684640001305643
0.6984347354157069,0.05681123314690306,0.0806456176237138,411.8507897399823,200.0,4.671122134261072,0.09418263916309752
1.6628753972588302,0.021141781541623335,0.04090766689327913,463.2642113853701,69.0,130.64377061000496,85.32239968224793
1.2592300881009537,0.032787799444744206,0.02261482132086849,157.03069375135658,69.0,70.75258316664228,47.931274197107065
0.8114234053524989,0.07796344200522057,0.04385079288728522,469.06203860536004,69.0,15.232920038241938,2.2098379294233546
0.8211710882167456,0.04727847028253304,0.09229525626846616,353.7755325736906,200.0,4.328032544924214,0.10540402218753255
0.6002922663946305,0.04345572387122096,0.08291193589606245,420.2305634157583,200.0,5.066645682291488,0.07340197085835344
1.8903073016008651,0.06386981239389455,0.035362490609557026,403.0139957164313,69.0,57.22983053280293,55.87326991934155
0.5097557986490686,0.090100447846015,0.05747143303318805,279.4451903735054,69.0,2.8719644655824896,0.12546166175693033
0.5470530538523725,0.09500904111728968,0.051681843604105285,325.32031264611373,200.0,4.207759877871998,0.0812176818496915
0.5415339722705717,0.062267016985855156,0.054385206426487545,81.02490357629866,69.0,1.4294726705647656,0.07447425008185432
1.253207197660948,0.06212700660146836,0.06732879717651753,481.59778819362145,69.0,12.858090372089897,2.8978842149157686
0.8075207394531326,0.08588061187802429,0.08936279025318404,32.76018768341864,200.0,0.23144230464598606,0.005629530028083905
0.6089987152124132,0.04025198591074006,0.06981421919349307,113.02387058880315,69.0,2.10505147598447,0.1080466331076077
0.639898653073715,0.0487413143535719,0.046154982146766624,202.40305171940952,200.0,7.484194955467546,0.221323557276987
1.8078394746939561,0.09010613786233132,0.03256417786224862,39.37500109218651,69.0,4.469892542726997,4.334473428807671
1.1883884708262529,0.03247616632610967,0.0920569377466798,384.1362791962293,69.0,9.95215658485637,1.4751534057164535
1.3663357365059687,0.05022210250749165,0.05708533128392662,456.6650181047388,69.0,22.87507258711484,7.227905406738533
0.5232605486588758,0.030363457566696034,0.09825720270738092,123.3089472479151,200.0,1.3206380814996337,0.012266880938550785
1.9589000988518488,0.04282124231888422,0.07447077867326185,296.0217387989332,69.0,14.65062294399358,7.29380961227474
0.625162303986611,0.03928793415900559,0.022581046086921904,23.842955256916085,200.0,4.464335343575148,0.25755919791458415
1.3197216373202862,0.05986804698662837,0.029338090652993483,103.32499540890906,200.0,15.877429718294984,3.1418957619587085
1.647108319350982,0.08992041664285999,0.04547772824087809,145.6027109484277,200.0,7.737257264587322,1.538549034722323
0.7386500242790763,0.07991795330403025,0.052119902474283095,397.6790053806901,200.0,8.11841202588376,0.2832850609754879
1.0218350564590826,0.04866209949649988,0.03142664171649856,147.56422286719229,200.0,18.824624953831464,2.084820647731167
0.6719648853417091,0.03178402967482632,0.08636367021797056,154.59959793060088,200.0,2.6292691823281062,0.045822192313172486
0.6568284464138754,0.08697628480383716,0.09451139912582592,83.33598456617673,200.0,0.4227333747986776,0.0064322808138259
1.1476190953949268,0.03746204904040408,0.06420997604653231,29.932488142869556,69.0,1.3344284470607748,0.26445267583319265
0.6792920699788788,0.09474190317155019,0.037916711593123625,497.24665535876187,200.0,14.879085203412245,0.6035835571316862
1.083152859297549,0.054582814382629075,0.08852989828628516,318.99836564354297,69.0,4.846113746038097,0.6205014339365988
1.07491120787644,0.0878857129047606,0.05768779047261571,353.6155242111085,69.0,7.797745813712736,1.5090026472952756
1.4905748373038825,0.05804000457360904,0.023927756659215628,174.73136470911217,200.0,47.026699569931715,14.555557128659183
0.6905263880634602,0.049293138918170665,0.022629424151475137,416.3520543246882,69.0,68.33744890423353,13.912509337391857
1.0625450895549533,0.03421933176250534,0.06018231447367055,343.4199729392013,69.0,17.665050075999204,3.201845519745194
1.9624507566100826,0.03382773334502841,0.08296429180529966,241.27392816173594,200.0,12.20127158447864,1.887948593304546
1.819621214247873,0.07232296975864953,0.055412160896192775,169.2676444487077,69.0,8.3218477917451,4.804368543091433
1.476543908130449,0.0539309236567823,0.027934124600278044,332.1246470265209,200.0,69.91827935684402,18.189767318379324
1.2934343020713157,0.07609151806134239,0.03244803222103559,427.0944804518628,200.0,41.37200855874235,7.110264148438933
1.946940848764156,0.08177722846650715,0.08714898220553194,228.54130360735925,69.0,4.298448039302696,1.8064025028055168
0.7071343360316018,0.061336471392920575,0.03227663222596458,412.8397934568488,200.0,27.41192359788933,1.41557829655993
0.7938531677789941,0.08172176077991025,0.07530425002158606,378.1878034749084,69.0,3.8870690962340784,0.31429884679409853
0.8680284845205454,0.03528345043487682,0.026086866597154996,246.52494908058068,200.0,53.47259015939742,5.148207027793728
0.9782803651632634,0.051639706443521435,0.07498408959623049,118.22157178038306,69.0,2.3899526998729512,0.2947178952967533
1.3029515365234632,0.042035395959012234,0.025262305303621613,317.78837542211437,69.0,92.60968735300712,60.1311643717228
0.504474799489564,0.04126974429872653,0.050004143862181064,248.47080923772828,200.0,7.288234391194171,0.1236442809496033
1.3933790986157333,0.03920635625336399,0.058704810514176975,403.8851472057089,200.0,24.990477899267276,2.7549784067868566
0.9795482422038398,0.07660419363485996,0.04786806955483075,94.28367572625396,200.0,3.156960974568283,0.21093745623748664
0.9789434010852183,0.03768333810945071,0.02123932838364686,439.6993239913872,69.0,151.92656027727105,66.2319805754447
1.759190076441466,0.033690729115931406,0.08728319040841444,430.11520200517015,69.0,17.687936679769344,6.059429622770118
1.8853086856170889,0.030159068619055,0.04955574975689994,249.99384164380547,200.0,38.18185299981907,9.12865159349114
1.8043867142359584,0.03552764807650979,0.07487455674446246,149.77425418821775,200.0,8.141099257307477,1.1800129461454631
1.7493922139468732,0.02734581712089334,0.05031388898606634,250.9404822717478,200.0,38.048933533356895,7.71449896565632
0.6360311528087115,0.05185619259355287,0.053820472779230216,474.3111868253437,69.0,12.050286222058418,0.8751173215954002
0.8663641621677789,0.024492441572366984,0.040045249979182004,130.02259689020298,69.0,17.208240474464876,3.1163488371860737
1.080375364044751,0.032358539729148754,0.09665862960635087,77.01181684838032,69.0,1.6512510633587234,0.192655526488095
1.7350982799627397,0.04269529533825596,0.07390530149849124,284.8084365431406,200.0,12.71443222827777,1.726427248681159
1.221904652344585,0.09652418761845227,0.026706604212584806,44.09038361448619,200.0,4.6952524773621755,0.8749710064415044
1.0099292710680943,0.02630459225448644,0.04508408553419542,324.3431399974796,69.0,36.75943457463322,8.035023051101003
1.505752444666956,0.08095808273242178,0.07445243647777848,210.48039464808883,200.0,4.237389954439923,0.4301356285791163
1.9265877680414087,0.04143656359564706,0.053056245755065304,381.8514532716931,69.0,37.842318182296275,25.578699759469487
0.6411637731794667,0.09864887870690038,0.08790779653496135,308.8047533180179,200.0,1.558322212512803,0.024291065451172926
1.2433359071270051,0.06783327572909634,0.05238930403649156,442.60618360847667,69.0,17.734916797355666,5.05618701114853
0.6456981386222724,0.03212563131583109,0.08302714396420731,346.60750662461874,69.0,6.063548841581546,0.294188370203348
1.9635391997732836,0.048221128924019044,0.07228017492966901,460.64059664139586,200.0,21.541566046357403,3.8301516961819453
1.1867216031832835,0.08483434774071295,0.05696929301805337,344.9102650056739,69.0,8.919753107100183,2.130440210791557
0.7031647879593227,0.023108081709503042,0.06389395887131083,38.8720993830019,69.0,1.7384526693438616,0.1299801257675945
0.6760120888114851,0.035048833525069434,0.0598756034186257,180.75418887610547,200.0,5.834729250905938,0.1484425734921156
1.492004828636976,0.04498653926302511,0.027666726851035703,109.50017322224845,69.0,28.466766270046683,22.129951426328695
1.3262843580432029,0.05562277276416569,0.0395385303228909,214.15883509888994,200.0,19.59883312329231,2.90644248665286
1.1749178988426277,0.09098767537031943,0.0604805195498955,485.348579374527,200.0,10.280137822303299,0.782126874872136
1.4669489799393005,0.072014295177601,0.09637241836500993,316.9627826566728,200.0,4.171097116446957,0.3104604685976191
1.5722256822763363,0.08385629537994145,0.08159933710804843,174.56228144605797,200.0,2.94922300155263,0.29780329551321766
0.985298984955441,0.08506460826605469,0.0930158068597404,292.173409369998,69.0,2.346916035942608,0.2366663515297321
1.499438542337752,0.07594555550766137,0.06717311396353524,169.59025554927527,69.0,4.452331463701593,1.4398226379314658
1.6377755905024114,0.027171391494857346,0.042604597692420504,262.5747084950291,69.0,52.31590218505296,31.823334866629562
1.4458665955490773,0.0719510401922413,0.05245733047483818,160.9328931331054,69.0,7.051391776460284,2.7150932968002373
1.6171161950465158,0.09031033632626209,0.0930850554249755,203.45865220500883,200.0,2.5227328190190303,0.2362394885387545
1.4168933937021249,0.06282301974577868,0.09758309947001532,212.93961964243312,200.0,3.026055404452648,0.20751780409771503
1.7850704943275688,0.09808487942791201,0.09516636178957302,78.7072465606157,200.0,0.9489696999369471,0.10591521879006734
1.4221821725410466,0.0403967509807044,0.03837608283568808,178.91535216715818,200.0,25.661755651542144,4.508322011496271
1.6996404393953823,0.05319300631709488,0.08169637080798421,474.5377421323869,200.0,13.630726407584781,1.6066049219870364
1.8539749006302555,0.04697975965935294,0.09315085141725198,361.5249054447157,69.0,9.865267678587708,3.517137893604428
1.5284615895549734,0.03453221635044531,0.05814956852766019,498.53170693845834,200.0,39.154449137695075,5.2435139240764945
0.982934697069912,0.07929505411822398,0.052118485174271034,190.60063602264606,69.0,5.218799268945821,0.9347334620330083
0.7906521017846928,0.05830569200429654,0.08026583518319895,303.5338013984189,200.0,3.833286935262551,0.09951537978851481
1.7287515342151012,0.04796067061020784,0.05108150747047231,152.0685615792415,69.0,12.604064278440081,7.124784145002075
1.2646040851953029,0.022074113012815807,0.03648511484874036,168.99718110962226,69.0,43.638578411295846,18.480924285799027
1.2812975487835068,0.08932371733283259,0.09428707754915139,135.05522956563192,200.0,1.3074994439232956,0.07588712046621553
1.9255624462746517,0.09225710854524874,0.038186599566957996,408.19997518111893,200.0,35.05581096946322,11.346005542700071
0.6709096815138674,0.07331442036052961,0.048179540413748605,217.9022864049198,200.0,5.154213278270553,0.16051166352008547
0.6402908893570924,0.09171506353560588,0.09102495453211953,330.5800658571162,200.0,1.6712584725807293,0.025090917429347843
0.813498462973389,0.02956110594392907,0.08802617614045594,125.6817252355399,200.0,2.678155378296134,0.06711446800780128
1.8405943236660132,0.07750867244304022,0.07290389220208351,482.0948197119731,69.0,12.923795131493936,5.802500101621149
0.9044190258434401,0.0696979500170697,0.0717918520203227,275.8370586907603,69.0,4.166805557511634,0.4586982757029465
1.7015043415728026,0.09078207230614956,0.031787283104449705,453.7043596792501,69.0,50.495229736934434,44.43474743058148
0.7715096300517231,0.09073639322855745,0.0872406549038202,47.525924077947586,200.0,0.31856922964752576,0.007245132897888175
1.967504019910398,0.07810659987088445,0.08392697807139257,446.8511035103304,69.0,9.58823807866048,4.272953140846466
0.5782736125736285,0.025595573708526703,0.06367529059978672,154.565933308997,200.0,5.16763304291298,0.09046200865145576
1.72549139842681,0.035660097002139964,0.0835558647621385,422.42213564349163,69.0,17.566058313975024,6.047594026608233
1.5683638426694775,0.0842447036030091,0.04322512251557946,84.18865183886263,200.0,5.033111532374747,0.9547127216484782
0.7204254293085596,0.08031453180559997,0.07252698571656528,171.65014874012178,69.0,1.7562691798094645,0.12143088776299052
1.1875662708053618,0.05745191187271041,0.0750484600349918,83.61380239252763,200.0,1.8411917596583531,0.11533249606100966
0.7188706984589874,0.09960375878922656,0.05800307707749418,14.881080699484027,69.0,0.1915396586218055,0.01648803457443546
1.993658488547672,0.08389027796094892,0.04579930035185007,230.62319422455286,69.0,15.677459191813291,13.145527498122437
0.7715269421385879,0.08420690426940022,0.05021527842062302,249.60266381297978,69.0,5.441668872267511,0.6232439614911952
1.3195528339214881,0.07563011276700866,0.09647959619967478,286.70034450761256,69.0,3.2243378894267924,0.5622355303400673
1.5130521572738194,0.03553618734098972,0.08361849455536845,328.15699276632296,69.0,11.989782176816197,3.1715853067389963
1.9960630742105072,0.03994043553151488,0.06795662865205823,288.7052241910176,69.0,18.74578823872864,10.618912759081505
1.2038121007074603,0.03518472675696951,0.07559954168813253,385.8813981780927,69.0,13.860257231393598,2.5670196138662607
0.6977935069024183,0.030210973977613884,0.028493617840736195,247.59296687454616,69.0,42.26263402870346,6.977863409451536
1.5506815722543006,0.07890545334206531,0.05458530005919254,433.553162118483,69.0,17.157650263265257,7.302759714018776
0.8555974970897549,0.08616445558592957,0.0651209098052808,473.4215121651176,69.0,6.651194941204962,0.7224002348297345
0.5548359595761131,0.0579346888940627,0.09450427841213942,40.07601129660505,200.0,0.25784500416340067,0.0027997238504374393
1.932294211230601,0.07578862221962988,0.09179366679049196,183.09235403259518,69.0,3.3240325096530543,1.3063474441626144
1.4476012937571525,0.0536578078300048,0.06729555406203691,320.2778781672152,200.0,11.447785506261884,1.1882608290758434
1.258283030101579,0.06342718796837313,0.0505415392972208,101.89597882074666,200.0,4.748038683132509,0.49579393316814163
1.5072243130761112,0.0814566971875092,0.07281196732091187,130.35092794693395,69.0,2.729674991339771,0.8228555596551097
1.2511340825520008,0.03451505451231805,0.08147470782728397,496.80112357101814,69.0,16.277341970116098,3.0215378307897973
0.9933162160157789,0.056686044584609296,0.04613150942843934,454.07834863010424,69.0,22.43355424277842,4.635911346103933
1.5205215684715818,0.09786757551535523,0.07646776321252562,159.12600739110866,200.0,2.5368185135145156,0.2556671480882629
1.0746763197463687,0.023339255722964546,0.04093441327333559,236.2594376094841,69.0,38.9541698318762,10.618921064205765
0.5544547496262435,0.050717740895143706,0.061013207747046036,104.60359081956899,69.0,1.8431315535981705,0.0897272468170895
1.1991606891987057,0.09841138851185717,0.09511016931925512,371.0711343981909,200.0,2.9990695423948037,0.1511447591455396
1.3757376692878178,0.03403797420871058,0.07974030248767078,192.5859140567812,69.0,7.345002298679598,1.6843989627741618
1.0829617340096864,0.06463445400515029,0.09120485201042709,273.1606648833211,69.0,3.3012814556900785,0.41015733453955566
1.8250042535365765,0.03143163035788786,0.06829528646083982,305.35376940141083,200.0,22.807098930944637,3.7075398075665738
1.0079661380320546,0.06218752358033336,0.04967042839628415,118.73224380466935,69.0,4.680225665957216,0.9249546146276266
1.511334932154897,0.028548206476451288,0.04767286693952878,172.77282878312596,69.0,24.147159192995737,11.178302711839601
0.944681119992715,0.024286842430541862,0.07717169981141672,24.86980236799135,69.0,0.9745892855913975,0.10889142672548004
1.9730331608380154,0.06371927418295018,0.0896358126410791,17.471033734724966,200.0,0.40398970379833393,0.058483889898964844
1.320762350850663,0.060056663174914315,0.040163923211614556,297.99101425068824,200.0,24.37505726081471,3.5288859528624816
1.840135576701289,0.08178110595362599,0.03251563063370722,296.44982522635684,69.0,37.854274636677154,38.08746264411801
0.8179923314185794,0.09975017847552686,0.05511643714975466,489.30925045268805,69.0,7.925158475694638,0.9295760674528263
0.6050224843962759,0.06465516717820308,0.023048202355354937,211.91444471823505,200.0,22.3978313407339,1.1857433187895008
1.5924592495269045,0.08395554640338526,0.09035124739096342,320.97385534406686,200.0,4.474778458662135,0.41865163016280743
0.8018325428460589,0.08952213767576718,0.05280097044880838,363.8298686493689,69.0,7.0132452300261905,0.8250953266754462
0.8275868226578713,0.06441351362738909,0.04724608909040731,212.23261475466012,69.0,7.329396614531231,1.0265713575008457
1.781112038090519,0.030390052693802565,0.0570676712354338,478.08170048929685,69.0,51.62176572336502,27.725847679705925
1.7864161884479488,0.06272689434773057,0.07523513881406226,60.346938671765784,69.0,1.8217714876992512,0.7466174147894065
0.8741748214423577,0.061974880324862786,0.021113834842857795,355.6753770074149,69.0,67.52326088935368,23.612530100480473
0.846829182242777,0.07889439416341587,0.09100715839294424,218.02447472925425,200.0,1.6953331767553022,0.04452971170540719
1.9349047169149012,0.05808732268865409,0.05102783079585321,397.0245919631708,69.0,30.47422490941983,21.602518143971313
1.4713591262072,0.06386212440116415,0.08939262479842097,419.63233183482487,69.0,7.259256459112746,1.6985857451710233
1.4819098599532028,0.027761141471620697,0.02263984666906331,321.62160074073626,200.0,200.97126465953505,64.98046349413335
1.1136599459700993,0.0510189834330272,0.0897528819834868,284.7120794296909,200.0,4.628935584625777,0.21321447232563912
1.499623704714988,0.05283534232538434,0.08548187152432438,329.5101093783772,200.0,7.679442994234233,0.6734402005122546
1.2673268250487308,0.04191073262380267,0.08202749272631324,367.46141817256864,200.0,9.90849051777155,0.6467017876210496
1.452893055242932,0.09900158121234871,0.03915348304195548,298.64788112123745,69.0,17.153841791261012,8.935481167943646
1.3150440159861865,0.09206727707134651,0.03458409849468267,384.19424106154503,69.0,27.528603002102585,13.299886732488932
0.6383781896806684,0.036156403234288474,0.060688925462455204,202.42163643416436,69.0,5.822132774061205,0.3777360104665491
1.452370027678957,0.05070109933606697,0.0809788612388994,218.22476981141256,200.0,5.719681762499776,0.496630630124567
1.5171794837531638,0.04108534642402353,0.031233793233275804,73.52993567451207,200.0,16.699981212586952,4.10245588299078
0.8070951868043524,0.0744284634381375,0.049141487839534176,37.262707993335326,69.0,1.003956197804539,0.12858065351002007
1.2179660158180214,0.02347415937547139,0.07903152425910631,11.542415739574928,69.0,0.575297343615009,0.10433307367814389
0.9134632056151635,0.08976832452258962,0.047205650329606344,209.65092491411983,69.0,5.744179492740385,0.981015308616109
0.5719234729158855,0.042670431335148015,0.04605080589397664,390.15839537782654,69.0,14.795465223723872,1.0153759753910176
1.9822114618835833,0.047653018234453684,0.0917983515233328,15.714256013611612,200.0,0.46540910989569717,0.06640162518714099
0.8881621427216169,0.05959987024658786,0.08282229669184973,24.055538208051168,200.0,0.3135586117523712,0.00995485008759613
0.5596738669566385,0.058359648317418036,0.03224327016129129,251.28206092595784,200.0,13.907751876480436,0.450367097299146
1.466297929824311,0.02870217190634748,0.048522699050901966,343.07958116570785,200.0,44.66462388682747,6.596930656979757
1.6055478981157416,0.028411774155780146,0.08262251026186819,36.911120588990315,69.0,1.8333130154717616,0.5526426760838739
1.2771779930219356,0.09029997647120953,0.031734159994898876,396.9624680441097,69.0,33.451105341053996,16.61291983515401
1.9076184249939283,0.057749707716720874,0.08624533715829738,253.50785708738692,69.0,6.754810097062839,2.7537225864150754
0.8565028100052072,0.05019683173116979,0.08200117154804545,409.2479124160495,69.0,6.230890142305315,0.5385763410491111
1.4574301174584847,0.06319170628647121,0.032371326728509314,421.2196048716774,69.0,55.62454685844978,35.26477496491608
0.8834022029268763,0.032635759690024135,0.06438746655317563,493.5580485287492,69.0,19.335328970697862,2.2642628145231827
1.8434564675256215,0.07725048883476116,0.032128370686976764,444.58942282588106,200.0,61.66867578427878,21.743048721208204
1.0515022537895622,0.06850442129599664,0.02803989654133999,444.4383525393269,200.0,52.05968927990558,6.8426499898519255
1.8846815541979478,0.04642986020134788,0.09621806895121869,179.5060958553139,69.0,4.722345766690171,1.6843671247707124
1.4404555203151697,0.06671255287179498,0.020316108357883077,494.996362440828,69.0,155.3690495849787,153.31453967114533
1.2597663673605035,0.08483737738063035,0.056875578021304635,125.87512638715988,69.0,3.4669078501235875,0.9346653533045497
1.7950182914567208,0.09385559689091211,0.07993928284488515,140.32552569720605,200.0,2.5198583899162355,0.33855746138475207
1.0014367795031156,0.09538675058367527,0.04922091306836315,226.30918185864275,200.0,5.8842291409909455,0.3996370377133395
1.4591915813903855,0.08506432403120896,0.047645376184093605,239.07835016050447,69.0,10.839639533357154,4.680350320806189
1.58549367764721,0.06208270045597593,0.05068022093073561,423.92848402037,69.0,25.290695031007083,12.120232322903377
0.9400642672880937,0.0309407191098934,0.06893824663971637,333.2685966762933,69.0,12.783574834926055,1.5833131727917862
1.4790545790500653,0.035058979961304575,0.07850530329107003,183.19013487406616,69.0,7.523852370394169,2.025672911727191
1.5851578681509304,0.05999024037541241,0.06227700376975004,126.32308532103498,69.0,5.163812607531916,2.0130170589946634
0.8741035293263536,0.0745157316519127,0.06806102632240396,89.31354282485235,69.0,1.3570207350007089,0.14718833333590925
0.8145026202636225,0.07000803643111853,0.08282372544974342,157.76441541750503,69.0,1.6054447678764743,0.12424680494905921
1.577243135250743,0.09644286594884892,0.054664915556017366,203.67578394461523,69.0,6.688085586603651,2.94069567261487
0.8358862187199728,0.037186797402284526,0.03609591405923583,380.45454881846854,200.0,39.381869692438464,2.5410391850056655
0.5148049880120917,0.08255492294923875,0.020263545182238607,262.27233310709676,200.0,23.898609974197157,1.0418889934935884
1.5421853603079496,0.06213114119078672,0.021910682129312437,444.24688657200056,200.0,137.81328725819128,49.86399740157873
1.6640189524891595,0.036134714036261464,0.07610443877715695,381.78300802272923,200.0,18.213001222514844,2.2088529838998303
0.794816106551341,0.08409555899711466,0.03618463268447874,299.8458898668702,200.0,12.986574499526585,0.7557575713306344
1.7792986773761812,0.07625411823706847,0.022546749712131737,296.79452625921533,200.0,81.73814966589819,38.257564182891464
0.6512949397503869,0.0908130831910516,0.022610384933858363,352.5109610795149,200.0,29.67134593932543,1.8555106186880461
1.047438220136308,0.04426318028655557,0.032682384459081545,38.81040477219099,200.0,5.158907677784089,0.5772708136900313
0.6766129101619707,0.028289794538549726,0.04602848524007845,83.7679293112569,69.0,5.673958455655488,0.5452550281607361
0.5823616985462253,0.02864128216997984,0.05309859585059723,475.9062291319713,69.0,20.5923975741928,1.270776386338437
0.5911026382568627,0.042122659138861096,0.06366902961322382,463.50983967783316,69.0,9.627219301900402,0.5104557259046123
1.8568580619305237,0.04183205231054536,0.03602986700207758,338.58409565684894,200.0,69.46435734287729,22.15825334662296
1.3131993976398715,0.06703997036039026,0.0931273026222233,310.03441193311755,200.0,4.2014960934230725,0.25933852413309116
1.2108243614467105,0.05020299740493908,0.036846391901510456,197.44907805597362,69.0,21.045920674170027,8.090864218399961
0.6223649174821646,0.09010007463817495,0.034651768201051675,442.2627494517095,200.0,15.265139014321743,0.5687799982683176
1.0661737067487809,0.06632867168562863,0.02741361848621475,282.1590532368937,69.0,36.21088831162774,14.507360419770771
1.7048588330704477,0.05003173980977049,0.04323176865083721,419.0087269507549,200.0,45.83646651107297,10.272206019439295
1.9737735477911897,0.043719900218523434,0.0412520123646815,215.51772108048402,200.0,34.30537098391021,10.799169926313285
0.9525040546360626,0.08164559194669686,0.0940759153733533,368.01498509916564,200.0,2.910676494868042,0.09356811866841198
1.3652351507726586,0.037347969550371334,0.023121127612568362,43.89060686657183,200.0,18.007162354527107,4.838713829628337
0.7543620559458994,0.03221620913337385,0.09800905808667805,236.2500594161531,69.0,3.455382628228128,0.1938426111132702
1.7248130993360924,0.09710141393623727,0.06325277659309884,326.3676072860647,200.0,8.693919148676645,1.3630093392004377
1.065619670360259,0.09701287521688202,0.07453761198088928,300.2770684740056,69.0,3.5620115264453287,0.5243049440730515
0.9317902754455307,0.03171620504321329,0.028007642698002863,313.0768407926057,69.0,70.35355301858418,21.071986304994862
0.5231260469781132,0.09539215946749781,0.06950465709707493,286.30588414430827,200.0,1.950057324049755,0.025593218672432378
0.9881875309904413,0.06070403649746285,0.038816077069532044,258.67854602368584,200.0,16.76911634669633,1.4062289063050688
0.5139252887149782,0.06681953795098672,0.0454410896459615,339.1578233904274,69.0,7.579702084890927,0.4256601822840704
1.44912085850269,0.04228116759848537,0.07606767518809865,234.41949190103702,200.0,8.331099468666602,0.7666376378829683
1.726835994558671,0.08148309931120372,0.04595108941988363,198.3844662092557,69.0,11.94677934087844,7.490604471348345
0.8192046498187944,0.06946475916459259,0.02538951640334787,349.30816106602026,200.0,38.34237402264819,3.378221589779212
0.7115967111702198,0.04899985904773488,0.0797458022664607,288.73515308555693,69.0,3.9561645823725704,0.24271355630129274
1.1370399033166994,0.032734661665800316,0.05331656791889988,125.47666327383338,200.0,9.199361609325553,0.7435765115542622
0.9999375460341935,0.05224065691051191,0.04038030294208465,267.64822253471596,200.0,18.85127438208595,1.555950006034542
1.2774389510941322,0.043346234773792555,0.025810115804142074,42.112505339978995,200.0,11.178182571826795,2.3558102087485784
1.0805311833326017,0.023584976704777435,0.04371018773363001,397.7237952222002,69.0,57.2228303444951,14.76797413543876
1.8385379746160626,0.0889156022944272,0.09912910506234454,324.05036336376867,200.0,4.091250037510165,0.46502766607382184
1.5577426770516145,0.07752408394643064,0.03343932538979982,459.8828710426147,69.0,49.584112570748545,34.764510954306445
1.9491637607634762,0.030744002921758478,0.0903230657201442,372.20637288255824,69.0,17.355040481439055,7.053152400776424
0.7189196851641955,0.08227041580775811,0.09167136312026826,135.32000870612808,69.0,0.8442723613937658,0.045990622090552914
1.3926409963529955,0.038565489960788825,0.06073223536461575,201.0216544391896,69.0,11.808531240679493,3.643465135617339
1.1635502992531739,0.07991415270827518,0.0673471488179723,471.56239456545387,69.0,9.082668197019974,1.7641041000803657
0.5155454481010657,0.057893368149421906,0.08210969780041091,119.84335636153983,69.0,0.949761249277251,0.0297039056019517
1.30029491557455,0.09606694443945685,0.031896950967135906,315.08733120553325,69.0,25.1507961609847,12.880892198066391
1.6732342245448573,0.03841320944039926,0.038827646909178296,211.95976749017396,200.0,36.745036794803966,8.831812462228708
1.5884667566988286,0.04946835964085032,0.04916811970282747,297.00137778640175,69.0,23.66972078052261,11.736144431765007
0.7860684027441445,0.08344092189968251,0.022136200721998865,428.3223143311867,69.0,49.407972004270384,13.325216479609562
1.7634546683457555,0.062322394659218475,0.08073791376369843,231.2604289861274,200.0,6.023067062696901,0.7732991290333977
1.2772066674630482,0.05537100934433417,0.06909778267735978,382.65170489064684,69.0,11.091886511089761,2.5300162487869446
0.8521219193302484,0.05445375983396683,0.036225207668380596,297.18985401553226,69.0,21.26362608356161,4.118030575885398
0.9132149526778852,0.025517719149905204,0.071078090638206,76.1509365682748,69.0,3.2365785699510266,0.3669070691275392
0.9686697188829771,0.03564354776835654,0.03623034883092496,338.76442172786903,69.0,42.08223633584406,10.530218749948736
1.4508197835425038,0.0473161797802444,0.0786775967998209,32.787520318040855,69.0,0.9744542340367837,0.25188189342844486
1.6783153301440603,0.06693191793137696,0.0893777002664941,82.49564157142733,69.0,1.553689371298271,0.4730878475065601
1.093044401982826,0.03887347794928034,0.07521133616517027,125.41044469959705,200.0,3.7402682972405388,0.19804952537381482
0.6688668525766299,0.054729053187816526,0.03080682834583378,252.80915614169152,69.0,19.53312867208525,2.74071464360992
0.7011465287245917,0.08236731332847848,0.09445899528340693,82.20197945294433,200.0,0.4705445744290266,0.008163074687923285
0.8905218088427584,0.0872178729787705,0.020657345589849746,13.485705506192334,200.0,1.936042827866765,0.24774694619336537
0.8442616223292984,0.02887663182940923,0.03618757821339284,485.6272376780238,200.0,65.05276498842349,4.271093530488096
1.0586178352423858,0.0943871152349331,0.05702465167451151,310.3599405404951,69.0,6.422707170768732,1.2195329644580037
1.7037549655076916,0.04841880894981326,0.0808181445663017,298.31671986063395,69.0,9.6428214821752,3.3463331094318938
1.437979711945432,0.021535217436869356,0.048506081061191975,378.9087191894079,200.0,64.52038804383479,9.168220405743686
1.7391790710619626,0.09645146773291967,0.040990125468302455,148.35139397831477,69.0,9.552561585735706,6.810654508965419
1.4663675547622579,0.06116794707472742,0.023224895035387886,403.1089566528055,69.0,107.49422088197625,96.15606715540486
1.3790608874467931,0.058962295322415245,0.05596242827167085,343.32323394544204,200.0,15.384040099176111,1.7426873567051544
1.5591523186330734,0.09943282008342126,0.03389475934134094,177.5876808527505,200.0,14.543125930144242,3.4768106965740984
1.7398601323788867,0.0847584279021832,0.06177122721815213,120.30784878685884,69.0,3.883329091862927,1.8386805848546315
1.0609063896665984,0.08123569901540441,0.036815148530588156,225.27576217555077,69.0,13.023950814503879,3.847068956491607
1.6882832457575179,0.08766089091988545,0.0657322787416508,249.56499394884594,200.0,6.674472866867604,0.9647341457640173
1.0960447870681667,0.03181772130374923,0.06624558246844707,122.93034684348089,200.0,5.789695705649408,0.34997269566099465
1.955535737125583,0.0548482359010915,0.04889034490135452,255.69921408768175,200.0,22.88429484809379,5.966569352284051
0.7662229480869103,0.036819612723360075,0.033890470780056976,306.2854806983724,200.0,33.29648548863126,1.9226925715373653
1.9993888778001496,0.062089144114302317,0.059034589738453644,395.68170524778645,200.0,21.9364183927625,4.95145071294088
1.2210061774159982,0.07297853236647256,0.08055695722499565,46.17040412952787,69.0,0.7142192554362922,0.12770969667111862
1.80619886060571,0.08865100817471072,0.06400222682911898,296.8460399783976,69.0,8.858786309069862,4.36284635965137
0.812318691952062,0.04133124872523998,0.04048900902988811,14.822030534130706,69.0,1.0661850265347017,0.16788348471080924
1.9194102242184004,0.05247773507625142,0.03816599321836919,256.4790204030064,69.0,38.64049490287515,36.03805711933824
1.5806083998426894,0.042724556521798684,0.033959763332024065,476.5583533706916,69.0,91.7243724419563,65.19710555303514
1.4729956742706005,0.09637087546043123,0.09087036888149089,150.44271377082052,69.0,1.670834731657795,0.38545510018169143
1.7921956191602302,0.043208749692604936,0.08606963715764435,463.4446191918972,200.0,15.569076842586295,1.9367004707020712
0.648195346674152,0.031271804027766595,0.04294529636706736,478.4668213296846,200.0,32.26449282804698,1.0522036445741476
0.9308589482608889,0.04369943885507124,0.03758065883202799,428.25178133885436,200.0,38.75517186694966,2.978597213155648
1.1591130199340056,0.06695668210238012,0.05996437820664027,57.91315726035077,69.0,1.6729142567612632,0.3621525654988086
1.0180064656562602,0.05817019307064432,0.061366776417217744,380.8632591742521,200.0,10.619491948468601,0.5977922046628024
1.4227506553884712,0.09182239712342385,0.027985770950527747,390.41370080670396,69.0,46.342762408409946,32.38634077478967
1.3207655914439207,0.08193314899903846,0.07596075214247622,57.804674477423355,200.0,0.9689509591022533,0.07417247625411909
1.1242574340361218,0.06597833829879202,0.07821772264586757,404.3818978762884,200.0,6.75767057799143,0.36400062654919985
1.892806436590453,0.0846644617933344,0.05302072472549163,114.49370275743242,200.0,5.463193512598771,1.2305296364528269
1.7751789673324336,0.03753885282311483,0.06454500762781933,226.0367522220817,69.0,15.394519678404677,7.261852511841026
0.7329458804796938,0.07707295511088547,0.051055679682218205,308.8874889240053,69.0,6.761348814818595,0.6873734384798933
1.8211541668463374,0.06964409443530313,0.08321386852083185,189.37621972447278,69.0,4.290892999604344,1.6523614201308496
1.786600373095588,0.09385986987895428,0.03924342606992584,250.99754384625953,69.0,18.613770864304264,14.627898518808735
0.8329140137934898,0.07680879619857785,0.020836734361177375,106.06521138999315,69.0,15.894765043546412,5.113101876514466
1.0766584090887878,0.07369930901486096,0.03368902458194132,88.07420212181133,200.0,6.802015465628818,0.7801602109508161
0.9305804033173892,0.06344613405834307,0.03467064871794207,382.55850039678734,200.0,28.007471930842538,2.3318386277506162
1.8641029159175773,0.09552831000587829,0.04031346304982007,258.6976855463812,69.0,18.63723025711394,15.52139265323737
1.8591389131493237,0.0855025449227862,0.0324318168746248,74.63023988582924,200.0,9.256702994155422,3.2884214901257205
0.5162814392265609,0.02923389742570067,0.08389695246703778,283.50359931683204,69.0,4.267929625382568,0.13100978637732646
0.7832250247240033,0.05996171186670374,0.034691556318155736,84.85007869434858,69.0,5.5254603259423805,0.9440118412558396
1.234461333456589,0.03950264316255138,0.0694409925691369,36.13217712190905,69.0,1.4049629660536338,0.29789525762356744
1.337718263923986,0.09829395233775404,0.07696946446741182,210.27833217801603,200.0,2.8983224633629523,0.2246137281469326
1.0404130118251156,0.05047461648757355,0.0899545475699772,286.3525418992362,69.0,4.376619520196057,0.5088465914107986
0.7976679381475384,0.03329742953118891,0.06828419659128193,142.54284278289083,200.0,4.394077230970646,0.13648046687289944
0.7880243364392039,0.039598973819247575,0.0959746057112204,179.62074010684756,200.0,2.3283633631481955,0.05021719212114414
1.2240105900911287,0.02920872359756962,0.02345553032018701,455.71206373767455,200.0,208.26862939544657,44.343268182545714
0.7772312745856331,0.07633446910697629,0.02006595257597981,158.08768324644876,200.0,23.98608125112179,2.407015015492316
0.8737705759662626,0.02266843151065202,0.03672367868436641,137.78903150144606,69.0,23.62922539126261,4.746328444344095
1.2860674428535814,0.034830779531263525,0.06588776845092388,391.1648002972012,200.0,19.961904329090743,1.670334320065321
0.9030548631591855,0.06631237679653419,0.06822816289790569,119.89179841483917,200.0,2.104422377278866,0.08384482262044715
1.4117529313718538,0.041512965573604094,0.032032888000332466,344.4250144036559,200.0,68.49023935604353,14.20459090051587
1.104560648742336,0.08916851011823672,0.06314415458090272,166.53434609925014,200.0,3.1043223896405077,0.19993625051617545
1.5427584621203108,0.08783400616185927,0.038021987469704435,456.79811566733576,200.0,33.299765175095224,6.948338637646821
0.7354913601938147,0.07308227037634735,0.0854645119541869,480.8913125380475,69.0,3.975503066096717,0.24312021823129124
1.9945425748513226,0.09587016688148474,0.052497820794435976,103.31500324960331,69.0,4.679418844679167,3.426075395350606
1.3376710320614837,0.05153433973277913,0.07893366669077381,421.79886596167245,200.0,10.54349774177468,0.7967091808518438
1.783760949417751,0.06177342941500977,0.09951026376240325,371.0094844413263,69.0,6.491356297175898,2.0053977536802585
0.8378895740634527,0.09617115275809335,0.04312444530790461,55.315785535487606,200.0,1.5548741926955334,0.08437699446779794
0.600904392196447,0.09774865553762381,0.0946547823200728,302.7450355315228,69.0,1.246343474542683,0.04593731317550389
1.8958145153040444,0.03515765531070343,0.047400561946646554,67.8572856724351,200.0,9.771397785752535,2.469696786001302
1.0463264195051667,0.059682547106273146,0.0978942537033602,441.73527530099005,200.0,4.848626984251464,0.18074850011791815
1.280966934992453,0.05288323868577878,0.05919592132206783,64.4312818261345,200.0,2.6722945657227655,0.24691480375493943
1.511836950699345,0.0564209082420168,0.025635760780430648,329.15472116103774,200.0,80.5237146437273,23.931297598622372
1.0210286313009715,0.04144904752802856,0.06691387202867553,144.4682665121942,69.0,4.768861994102765,0.7178506277840826
1.3238637820871626,0.05125721997226855,0.0372285393014555,492.82375431642356,200.0,55.10349474721886,8.647060430399973
0.6091944972449348,0.05346901508083683,0.021439997446365665,299.0934290262343,200.0,44.47976162342033,2.5664240158815463
1.753814272767197,0.08582587362623573,0.07259410533130507,475.2171925253835,200.0,11.056204103491295,1.5615310907430873
1.3519235586538596,0.04921233083643642,0.04249235268188855,355.19805957514274,200.0,32.424887752255316,4.648905534840956
1.81721224335713,0.03427808059565298,0.08438399496984403,291.2186805370687,200.0,13.00886702388486,1.6969515614475421
1.3464263541873462,0.02581207200974487,0.08627522489180742,443.32640603296136,69.0,18.640707256557942,3.7844358130373834
0.8533739393219859,0.09569844057734832,0.08093686277976704,483.5363104840077,200.0,3.9493181833319606,0.11844950650270604
1.3772072651276093,0.04314397549684487,0.09788309634621456,396.537980456628,200.0,7.926834433992094,0.5119993901578721
1.161978982389185,0.04652748908333521,0.06598242523347046,164.7586017177035,69.0,5.670631891975105,1.121138786067021
0.9336173735757822,0.022783681797836686,0.049780383901435576,57.921992196309084,200.0,5.746762860871332,0.3354143429153204
1.500309277771649,0.09874160352058167,0.02282341417926421,48.536297205397055,69.0,8.494489577993715,8.09427427399926
0.5301939704327365,0.09259903655993178,0.027753354787963102,146.00746174289299,69.0,6.512138711828027,0.6372903968141007
1.9599827550503632,0.021619739264329266,0.09970084988489035,499.5986710702616,69.0,27.338620868991185,10.177518313027743
1.0121332066427535,0.053169877455868625,0.09821680058319418,463.0586809238921,200.0,5.482614738897907,0.19061454599045066
1.6808902986227123,0.09245504916842681,0.045333921508279446,63.419767905893494,200.0,3.366185607306432,0.6993140551090007
1.2623686175485291,0.09947706391389231,0.07168808101466201,217.4433551140836,69.0,3.22156361520819,0.691913470343903
1.8311386516118884,0.023832180217935192,0.0665367108526347,134.29967709932538,200.0,13.98495320959486,2.349204879341883
1.8678935427094612,0.04034901086877393,0.034538256690778424,77.8526853011184,69.0,18.12772271489006,17.693213918388114
1.8487345571278953,0.08803006586458269,0.03154154562029915,33.18482157800534,69.0,4.203086496691281,4.400419952645848
1.4012977353440441,0.0501051396553915,0.05330474625504754,495.99315244908485,200.0,29.291614757871308,3.596806040450445
1.5331532198752107,0.08986509462165101,0.09514365093402287,355.08666134656403,200.0,4.01532319343506,0.3306667744652596
1.9609048689089716,0.07978248894700624,0.0999501717660628,485.134237458358,69.0,7.161352151245159,2.6618537190160096
0.6293143312799692,0.05098138723415036,0.060847613040797346,117.32778834814083,69.0,2.34704283325059,0.14759524405033284
1.5780768462137724,0.04209112677172401,0.05762663230999811,486.68489975139323,200.0,32.96782055054583,4.748998564640233
1.159017232866438,0.09803498711766556,0.043259834530785884,486.3788015603803,200.0,18.43592692555272,1.9082648734201926
1.8611919084627035,0.07968215991398386,0.06494388767233103,176.36229155239772,200.0,5.860173522388376,1.041917301802022
1.599928317316034,0.0739755769877142,0.03165370948213587,79.74125855125735,69.0,10.32754927860644,8.069253592148122
0.6091994032253013,0.03977726219595161,0.06039163990265896,222.6862745806246,200.0,5.610681756631526,0.1149308177344983
0.6401509179140913,0.05304612554087525,0.048475164924163386,306.2565845239734,200.0,9.436844489511227,0.2659199946792951
1.8922082295493399,0.04613739244106802,0.023489426516229487,258.3293807398185,200.0,115.21157319395377,58.5383251103884
0.6603303570867216,0.03651069619279727,0.07126393940157182,466.41799096828987,200.0,9.966164271917508,0.203263541128803
1.1177637711679034,0.07366947352390503,0.0873690227674773,105.3883016090761,200.0,1.256872322739396,0.05991181664185761
1.2613909949700872,0.06355845614152238,0.09311785610936418,155.6899163750316,200.0,2.138071308238012,0.12177760116757107
0.5845328722612149,0.06147284287147205,0.07268039497019606,490.08836090028495,69.0,5.293180733273149,0.2404235323098791
0.9925171056213711,0.08279646287248005,0.06616262342156848,333.1583789117197,69.0,5.473974537156336,0.7874549307617882
1.194660159030958,0.02723814552283553,0.08041099111568908,179.7728227208823,69.0,7.316633522493294,1.2547127140651078
1.1583366263486705,0.06145353909654111,0.06064310289443571,169.93562451638755,200.0,5.225895766617148,0.3854141469117315
1.3395799551931378,0.07515927464509348,0.027699716712383946,250.66300857274925,69.0,34.93629962289421,21.86746836634608
1.4926916122951441,0.02244259683959549,0.03136769723185567,283.69706262781335,69.0,115.06355805120313,78.96870153378966
1.3474719955215209,0.05823050277878722,0.039468602480796006,478.5796414441622,200.0,42.655121213515756,6.540902458590282
1.3112029165010823,0.06197693623327136,0.054035935803977114,494.19153228479735,200.0,21.484289657085064,2.2785411715393957
0.7263268141235849,0.05410721058887169,0.09299629023298155,72.76064138361986,200.0,0.6776312922339415,0.012813587209641023
1.713387063711651,0.0772860398832234,0.04375909946167181,330.66550934307486,200.0,22.96983232341068,5.136640380131612
0.5656055223256549,0.024454596125546457,0.06701559386094806,376.1382753275889,69.0,11.622516856108351,0.5360573395170841
1.2114592191788764,0.04341103760693034,0.09430088278587562,496.448648882467,200.0,9.347655524160182,0.48493472613322536
1.9594877613292039,0.07660133231840678,0.07142457850295668,189.7550564855548,69.0,5.7089398539546705,2.9651901048592397
1.1233110374312565,0.025781937418450206,0.06477788814559472,486.8345854252367,69.0,30.3293833003342,5.708164720355426
1.104474732535417,0.026987474533868357,0.07067098371469248,348.26709250289707,200.0,17.122806810398973,0.9851993918012885
1.0889157147119524,0.033528195078616756,0.07829427140613286,249.48745164899935,69.0,7.930929221309875,1.1604923129767137
1.9134106090084588,0.08062236723472845,0.03803825297241611,134.01576516165926,200.0,13.189205887797545,4.2314887044319605
0.518892368708475,0.08127817010786713,0.09248269807597484,80.20674098417,200.0,0.35920676249138217,0.003485919272298576
1.5565573863324618,0.0979054086050922,0.09393121119820105,476.62976828213885,69.0,5.153129078322178,1.2842542811687345
0.8563778092272989,0.04131807536226109,0.08009842564586325,448.4486586648016,200.0,8.692432791219598,0.26529368795427233
1.108238377457778,0.0746306742355668,0.04732824682303572,392.36812277471614,69.0,15.607018774479146,3.913141537638248
1.5511348265631533,0.050407493679381105,0.08043746159205599,133.28960615562715,200.0,3.8035161607638024,0.3792318040222363
1.859633378560048,0.048718442755185276,0.08067856584692984,74.81928421747125,200.0,2.632584955754718,0.3761470293975619
1.1263395316939449,0.09612588804684369,0.062168700555126105,396.4913265913319,69.0,7.212242554789471,1.4219909697014952
0.5887177432077462,0.06057999485487195,0.08828159144509444,229.0580152186321,200.0,1.7136981563907296,0.022426276450564074
1.9750656560735929,0.0747594031200962,0.06517867825073478,106.94187976704116,200.0,3.9902828120876497,0.7960492692162292
0.9718127313229645,0.08210815642693137,0.0596861406877633,198.192930568098,200.0,3.950833216869608,0.20838147703278573
1.2596232961852887,0.08802840602767661,0.032479762721641256,218.5372934009379,69.0,17.785618021450222,8.394544417365418
1.7962204729693854,0.06435186279564097,0.08730007543508317,311.07719032421295,200.0,6.835789792783046,0.8421163700217199
1.0961899360496075,0.04842517577916734,0.0555006436569805,227.57205369424997,200.0,10.034338425705315,0.7241709361997474
1.4930731036102807,0.07584051496549991,0.08692914034258525,238.0408621799183,69.0,3.720932521014285,0.9219517728205938
1.5685556299639523,0.09412524348010774,0.09289195641925904,271.08191127912914,200.0,3.141155115542294,0.2773255419763674
1.4375929155414833,0.08466466224107723,0.053428254992091265,485.82703539393736,69.0,17.339025804452966,6.480152119590663
1.2173026025658293,0.028413682671840627,0.05475007865350312,436.04788993087,200.0,37.392712417514915,3.37347944554728
1.2700591239532766,0.03246434587922899,0.058862939030606784,471.97513201111855,69.0,31.974500129097486,8.465826208199601
1.3150583114386112,0.0398242904377223,0.09631069867043933,169.25240951713104,69.0,3.6152139787884914,0.6272044706692501
0.844410980640418,0.07345067182109295,0.05363110028095189,94.43589405673065,200.0,2.264712267477524,0.10036512165017868
1.3205882206041704,0.08042043083541013,0.06937830139152372,345.9441075114779,200.0,7.081265639366383,0.5933361472224605
1.9754386251846596,0.0986785193475071,0.08743570661056124,64.68020037670199,69.0,1.0162156422517294,0.43821151348380916
0.8203689295405838,0.035420957907423285,0.08497135235928446,289.6753126193154,69.0,5.575278621213796,0.4266503468647736
1.3497482861431205,0.058741282798597,0.05142289096012259,493.374326881203,69.0,25.723151645734454,8.805071945363446
1.8838468723941821,0.022000782623154427,0.09706372552441128,234.66609399453233,69.0,12.796616369203349,4.520526724354598
1.189417664058508,0.022096148162004895,0.0670841994394297,74.81254624127722,200.0,5.369118810228555,0.3774246717779366
1.2016007882515831,0.07993522606048115,0.06442164712252393,144.04992485596304,200.0,3.1305643427752643,0.2338783192256614
1.281325851066237,0.08210390253583447,0.07229467299677075,289.6960940872703,200.0,5.190116217061255,0.39288794791693044
1.76777576929923,0.051004481408784344,0.09172226793192925,191.43139664519924,200.0,4.731879642879487,0.5373929985438465
0.5546521667573042,0.04472769506789821,0.06604279898368864,416.1521955411073,69.0,7.098992120480844,0.3195010584064407
0.9904186371300362,0.05828174587708271,0.07455941228380165,399.17839059757034,69.0,7.321491665133247,0.9306670853408653
0.7571126410118485,0.02476644240790889,0.020135397435937844,114.36846615105897,200.0,51.740903180508894,4.909910087966175
1.6799603278305937,0.030168575063973482,0.08442125463742868,10.193529743815052,69.0,0.4778773741276245,0.1543555923301052
1.923840814958214,0.056801332012520106,0.050780680616442926,299.1887382863796,200.0,23.578168757794963,5.728337109237861
0.605836762263714,0.09520644471236082,0.0761048152394001,481.1962946436253,200.0,3.172039072165001,0.05099368339293431
1.9598090145513836,0.09657601943020135,0.057843385432672687,284.5251868749869,200.0,10.35402027351567,2.2917200005661686
1.8301686961570085,0.059459257555379966,0.07114281641773651,111.86898190867731,200.0,4.0819762027453015,0.6406198702898916
0.9707878664477767,0.04487450400175112,0.056258140840819384,438.7402612316822,69.0,17.993376450408206,2.9122967101670265
1.9089947156380496,0.042443506947963706,0.04195205497053936,231.45357308659013,69.0,35.489683577495015,29.786398179752496
1.4018173492739052,0.07452545681043854,0.03815751822706466,182.79069305537922,69.0,14.168760947976107,7.050083555620067
0.6286611192687743,0.08672500762241606,0.07385602852616859,57.78984546991735,69.0,0.4607900972653011,0.02382374542670148
1.2131711668993899,0.0645058845702334,0.059865542123127516,495.50182739409047,200.0,15.601466266525444,1.27853141026458
1.1420238585606757,0.0637849969025645,0.025437893089516814,194.2077893782893,69.0,32.241278719726374,15.971331522962213
1.1258536851804455,0.08560701430759786,0.05015721584031957,184.2751632003086,200.0,5.779946456312203,0.4868924571305135
0.7717365653504817,0.09110821639475335,0.049891041761417634,338.95371096063053,200.0,6.920827613881687,0.2753926597192074
1.6749563160756182,0.06259353545060053,0.07361549333086419,88.49126664821411,69.0,2.621725454934236,0.9653495618694581
1.158783104520579,0.0312708091657555,0.07243862288808853,449.5654860219282,69.0,19.048767317674745,3.411619990040148
0.9123708926706935,0.021244688827054832,0.060605041457537284,426.7367987179835,69.0,29.93745563878616,3.9729090940188754
1.683832784369581,0.06613519929517686,0.03173216606277635,208.68806703359076,69.0,31.660350935002384,27.332136330142607
0.5022865529827383,0.09919259618311019,0.04427271947111775,401.86783231531945,69.0,6.229230335872251,0.34297379876905637
1.119921516240002,0.02392508649344454,0.09811178539275951,316.94296971057054,69.0,9.247494624342602,1.1421883755448066
1.194593190660335,0.045957607958343534,0.05339233676318553,101.03588716359863,69.0,5.527537165144356,1.427422252151665
1.2981381109178367,0.08836331318422154,0.07298628212370047,85.14071641166001,69.0,1.408818274151225,0.31427887176597574
1.3430202447336617,0.04585356896716929,0.08508281302022855,168.345746090622,69.0,4.086759979869963,0.8370705455654158
1.5174112708774194,0.07537455586974405,0.07372581252062574,367.25145095797353,69.0,8.161202895812822,2.462639656576959
0.8017715135271145,0.09601929367393033,0.08105458729777565,419.9240943818842,69.0,3.2022774858722896,0.245381748786332
1.2801630807239874,0.05450606419081647,0.067381916110471,69.27880883349724,69.0,2.150232510042878,0.5052802389984733
0.8891412543925302,0.05366924053568427,0.04094719761412195,386.3358053605979,200.0,22.904095882885997,1.4740398891826945
1.1535988558040642,0.0786615348785905,0.09179316011227037,353.27324622638264,200.0,3.6892132275866865,0.17828377212776936
0.5533054455314476,0.0871228469032611,0.07321904913338621,306.97612454651386,200.0,2.1819287578815207,0.03041060890496316
1.774362154803781,0.047758828876797346,0.06569263624084534,267.2119600335485,200.0,13.802646309797431,2.2050017883135298
0.5332882185558669,0.09138645513800528,0.0285319069383467,451.6768121735309,200.0,19.426636154594398,0.645460293858781
0.6190210883761669,0.034782467875283184,0.0484948962637968,17.350604125219277,200.0,0.7878051831990394,0.02074972921278445
1.1132350967353748,0.08706796393587743,0.027676655572420623,264.66735768079377,200.0,26.50653228082419,3.9563238178457114
0.8553385699272351,0.05539409103282558,0.04551549978830058,141.66074933797825,69.0,6.3351480567318275,0.983859799712432
1.2420573720139951,0.060491152525597294,0.05656167669854095,44.940095302254605,200.0,1.7305752448601681,0.1573367847527137
1.6937754153479458,0.06220284820278123,0.03377964373255475,173.11784177392974,200.0,24.78725894795316,7.017199666631173
0.9125241633974275,0.03494687512755993,0.044916296753455334,432.98465216685065,200.0,33.624194788749094,2.0778559789307427
1.5081940778272356,0.02972751032293574,0.04911051089290046,170.2976514627262,69.0,21.493626486220975,9.61854448399668
0.9638148656876717,0.06733276328721964,0.0985698333177362,173.83143984159346,69.0,1.536592524513781,0.13991413280861228
1.9557150308032345,0.042035232730131426,0.0911279099031596,192.68981399688397,200.0,6.477378960264291,0.9062286524236592
1.2770219771965694,0.0552862756909273,0.04464946273363242,291.77792345380584,200.0,20.28393644304095,2.4695139955319307
1.161326453559381,0.02787987004939886,0.026623948218776557,222.57204333185595,69.0,78.47666109308373,38.40929581306106
1.8443592268880586,0.03453629082475518,0.05569431386814072,433.5613802880091,200.0,44.786790846281924,9.118194615460263
0.8077036588361262,0.0779710508891643,0.06446684423524893,252.94945907828762,69.0,3.7829521277449007,0.36987773100559884
1.438899680168848,0.08806908691929724,0.06902276284965968,448.9286262108645,200.0,9.237424323589835,0.9236306402214132
0.9534701050487545,0.026105466863895,0.07865290549733338,464.8573066376634,69.0,16.467094867883716,1.8389758622593524
1.6865689270315518,0.07537582792210741,0.05298331992400199,52.679783089315514,69.0,2.519352242564782,1.306825392563637
1.852359078970998,0.026786989028228153,0.05020607899492903,164.58236418512917,69.0,27.090886408401897,17.888623228446974
1.9230595664474006,0.07635441412387642,0.07218822250606113,396.88748605203466,69.0,11.509184365027203,5.69669964652725
0.6577766612980952,0.04659632146137396,0.08250932207321074,10.961195530277553,200.0,0.1363734932091963,0.0023837604604851088
1.021684126858475,0.08799559534572209,0.021440333635391457,371.8436173385456,69.0,56.3513358147895,26.507307658935954
1.113855116399992,0.03461639430196134,0.06220380068432263,151.4420415630491,69.0,7.55632691350256,1.4561659649306968
0.528201069170392,0.024795616130219446,0.07601102971546986,51.21991848381245,69.0,1.1330818244909513,0.04018304644865676
0.6800533078948241,0.03944552157995093,0.02889955603155812,229.79432158907534,200.0,28.461216279391163,1.5181928603942154
1.167147125915101,0.08355047705959,0.05865229367142741,318.8306326312204,200.0,7.768156409922397,0.6013992970313451
0.7216751280284502,0.08481113777191537,0.047933315233479885,299.73138200253675,200.0,6.660355037427667,0.24122489950056933
1.5154141652818267,0.06687085937832246,0.07665347792144941,15.583699097731017,200.0,0.36062224559505907,0.03601323037647029
1.2728616066811915,0.0465484579259109,0.08126973987132403,36.07506326570158,200.0,0.8961413176157771,0.059550957831316295
1.863277684481511,0.06369471867020994,0.041714739591662206,404.7793136872064,69.0,40.82861476593499,32.83143944809333
0.688903684147778,0.053119767642724317,0.035171728931734286,132.45807530805234,200.0,8.331910504820302,0.37475431224253264
1.3427796870404518,0.08088904218371339,0.0746457820434277,482.5215966483001,69.0,8.625266681326702,2.0129659800501423
1.7088480252389395,0.08021346067997309,0.06674870481024275,66.39818267766472,200.0,1.9049252755194246,0.27779263560312983
0.748204835025368,0.09621035876547736,0.027483637707088955,201.36437930217923,200.0,12.43896209488,0.8445584187202778
1.6482682088509677,0.09427546380668421,0.09699134701007606,293.556987996344,69.0,3.2734589285225066,0.8859094209159573
1.5231666661844383,0.07793995634804855,0.06682333779647599,433.48025047784694,200.0,11.382862906037195,1.3173371501609206
0.7772220186885063,0.024469279370796525,0.08301747000888127,60.420050813029356,69.0,1.6707722942599845,0.11746205985309648
1.7607297160303175,0.09518161528764771,0.07025432977813817,24.727784269688748,200.0,0.5560705393850083,0.08179390164123813
0.6519899304714305,0.09584048032842549,0.03154006055212315,487.5781385980286,69.0,20.006095457045397,2.605201028273558
1.850945744565765,0.060483497115432425,0.0730555554278521,201.56421683385554,69.0,6.934497355240255,3.1420187159641184
1.2294291023808646,0.05499754260665356,0.05998752072468451,495.7737536374747,200.0,18.47877426847623,1.5520223503700312
1.810008265113186,0.06548594606678906,0.04970908809926726,97.98752245399562,69.0,6.576319232734118,4.187625704586738
1.064976165061691,0.02130659126859734,0.06682155223494064,276.2890540215871,69.0,18.556998103767143,3.0432006625242463
1.6414659366597368,0.05995775533887435,0.07161067348176685,335.9540679648146,69.0,10.761235790081166,3.912080555092573
1.706073177996247,0.07852406168643786,0.0422923074403176,349.3608857284233,69.0,25.462302233910204,16.931336806008645
0.5427229406723421,0.06138635367498656,0.06597305902879824,65.94682081951817,200.0,0.8037448675640834,0.011961528928867775
1.8973696235625122,0.04681964768703187,0.057553227194227286,239.77373141515238,69.0,17.60099795324356,10.63729364977881
0.661837944375351,0.08264387268743191,0.041356933490122545,364.1263916627491,200.0,10.229343239854835,0.36114490482285083
1.481402285171556,0.08169998384819667,0.03884702117964513,438.73057061811386,200.0,31.628947633003367,5.955960181195986
1.6926462757064782,0.0414845873678866,0.07501889495075333,324.5407022798249,69.0,14.117523916135438,5.209306847567297
0.6346828710674011,0.0827599805641959,0.07436461395591915,354.02586431751433,200.0,2.9457099673698512,0.05318828131657247
0.9811849374923265,0.08389348270238625,0.08778914914987,408.90794677352994,69.0,3.7232120385805123,0.39449211373588466
0.6999791298280573,0.08508368646123418,0.039822746176209504,147.1528362534184,69.0,4.580324731138929,0.5444962547568211
0.8971923660194367,0.04067462602590528,0.042269576492651256,208.29475279995177,200.0,15.428929263502907,0.9793947595651376
0.6883557086253254,0.0691057256040717,0.09421771816038416,482.6182681578648,69.0,3.2492919187058926,0.15788527778281145
1.4908812376562068,0.04153107985374125,0.06735551637566255,357.1558372693757,200.0,16.95635454912903,1.8651946573134917
1.256133828746074,0.02999527294547594,0.09573836734175357,167.28055253697477,200.0,4.585722434139745,0.25192560819742005
1.3031479271380777,0.050498843549293175,0.04288747975705103,106.61803156922058,200.0,8.97497284518858,1.1845920059673196
1.349232922348343,0.046300616207906944,0.09970475274457836,404.83779721544636,200.0,7.120340142298571,0.4333486865620694
1.7653363134643743,0.03780790790421955,0.05278432317853124,362.2175853018145,200.0,36.42131947780547,7.167775149558652
0.7984104398865599,0.03901371847892687,0.07858590176130809,169.47247411311918,200.0,3.3695352139291965,0.09110800099169895
1.5699507754057955,0.058287393030417814,0.08049661416599815,245.4155100475801,200.0,6.120817544680514,0.6247160112042192
1.5733433910635441,0.04809516324366345,0.05003460096137326,263.2777161720518,200.0,20.641753541038472,3.404097051978051
0.5158014043966923,0.05523201249057434,0.08316220075879077,84.40194216274891,69.0,0.6838225143198273,0.021136939898667478
1.1355914239691962,0.08485518773521712,0.06846829791967579,372.4785929825255,69.0,6.379949050429793,1.160998175168312
1.6495605362952392,0.09820043039391803,0.09408503512231321,89.5019014355031,69.0,1.0190541838410099,0.2847560050414772
1.5659151519087917,0.07186416536217802,0.041859578999681714,137.98785811200588,200.0,10.29575624484678,2.0103820313283522
0.5167535960599705,0.06794607314230967,0.048986175602176954,200.6520138724828,69.0,3.8156352176772237,0.2009647924519004
1.6858287826247857,0.09982503478206103,0.050537426751594866,80.54443392699196,69.0,3.1954684093217227,1.7362329044343339
1.8705597125589681,0.07685689588710967,0.03583436057734769,231.3923105546918,69.0,26.31416482405053,24.825198761339543
1.4893928013801363,0.05926948868026653,0.08808677501315602,435.60602429846193,69.0,8.464509121137393,2.0595351968112445
1.946387219007157,0.036551830980539865,0.023265191523574674,223.47658322296726,200.0,131.91376511240296,71.60126871335419
1.689652544613879,0.03309900854890709,0.09977142081498595,239.15659581771575,69.0,7.358744448259718,2.034473455639428
0.6248457702119712,0.029926460520925097,0.06701250660509762,380.1207770542626,200.0,10.604217143121877,0.20594306077163302
1.3409953836638822,0.057574277300887586,0.030629868630811546,394.68245762988454,69.0,58.7905595255642,33.34852847656187
1.7835125252644655,0.02412603549891825,0.0483517114604439,239.7668466370145,200.0,45.48905146890181,9.975303146835088
1.4050512852468156,0.025837626611391693,0.07402099360062796,196.0094063326282,69.0,11.672339249201272,3.0077864217659553
0.9063830308765268,0.03246445219518769,0.04805415944111484,378.50678835377516,200.0,27.45785708930016,1.5647246809104773
1.229298441511275,0.0782567895481141,0.07629294285148996,110.36411788834874,69.0,1.787087084395824,0.3420075245186109
1.6917483901265622,0.042174690602192026,0.07156629350624566,474.8386857361155,200.0,22.31331830680445,2.9744448752295596
0.5381822320841182,0.05919076049380281,0.05529104647706931,309.0597731839877,200.0,5.515178182405131,0.09630352738813981
0.914756740275414,0.0654468396704853,0.04174721461298794,477.36519011381165,200.0,22.97015502666595,1.5347102845694853
0.9813743652072534,0.088832176599832,0.05488009583717063,350.90609419254156,200.0,7.7228365766699,0.4517624685933561
1.9101754465291814,0.0843063915012562,0.03682933250378172,292.4436909299825,200.0,29.310185615740956,9.679434446325034
1.7750667395031656,0.04785364304486559,0.06069381768983233,164.07742521680976,200.0,9.913131145411855,1.715435976786973
1.0306028857560703,0.06079586772004937,0.09241585288551614,89.07599135952782,69.0,1.060806704510649,0.1177964326834037
1.104826527239785,0.028436555718046454,0.05596936638679256,248.44133747513152,69.0,18.488063690973483,3.895730225538519
1.3300678001167665,0.02274784225000724,0.05911243596044681,64.77305586047066,69.0,6.503115923972344,1.8803982951912954
1.7537236031589825,0.07808718215879255,0.06289856307373301,318.6821244916515,200.0,10.854476979837285,1.7691685785165827
1.470564494833154,0.07154058827397641,0.05205819419340223,110.92547673876014,69.0,5.048192708864433,2.0261641585364054
1.8639984888805161,0.05119684166831999,0.09633760755455888,33.81588265266833,69.0,0.7959442508741166,0.27735599365142016
0.8437570357492112,0.08190285727292686,0.032110505659324516,157.66177350358137,69.0,9.451521421603733,2.024645735438824
1.5512860431300965,0.06489576061935788,0.02898280232873562,388.67687398335175,200.0,66.36433700896065,18.367789807678786
1.925754147713881,0.04565704820295803,0.09794701140952283,359.33483826338295,69.0,9.478971306710436,3.4676188370540584
0.7097579345530884,0.03497899484101023,0.03437332845860473,258.9637918165995,200.0,26.68394585301279,1.3035500798475974
1.2833480178008028,0.07772427123110932,0.07847327135385815,85.19735493833676,69.0,1.3706344154094254,0.27793831049432743
1.405428935043808,0.09071903610800501,0.07700593626858893,213.03884179487125,200.0,3.3394280827237033,0.2855251812458354
1.0270951903584984,0.09142630296079172,0.04976440426393246,44.873896561820885,200.0,1.221369164057834,0.08630347403785638
0.5742159479731229,0.07414060039196398,0.06561141174988923,307.2644591770587,69.0,3.316835751221027,0.16104777682693835
1.3376596256642084,0.06327952342250472,0.08313970350453777,297.10413463528266,69.0,5.451618073363279,1.1336208879116523
1.7050102238174663,0.05424956426575499,0.021330493325604653,48.09173878175532,200.0,19.931990133441428,9.054875513748716
0.8430245439066403,0.0612568473695804,0.05406312960630123,56.29154968962248,69.0,1.5902949040993806,0.20198381595335016
1.0201698642144383,0.09417747584831991,0.05102921515259386,117.97401887601366,200.0,2.9445931071738816,0.2001843528086325
0.6704316558901593,0.08320634589852832,0.06742437553204794,249.15126653211811,69.0,2.6495892088314448,0.1706594290130397
1.6603027510005048,0.021120013428204985,0.04349881299251393,306.7073454353455,200.0,76.45637676173783,16.150635934265264
0.9713546407036854,0.09415594002016449,0.023970991755561617,384.629406429395,200.0,41.433519551162895,5.436259846792454
1.7052928632319924,0.09692430099000747,0.0504856437918092,333.9179509128378,69.0,13.829978867249432,7.696817994279679
1.1143201531320364,0.055141322967769316,0.03126591062183149,472.03798360306035,200.0,58.548912961894366,7.750798911007402
0.5500455123641055,0.05547461141061209,0.08429372541629282,115.33104982185041,69.0,0.9656313483615852,0.033486750770217504
1.4179202242389242,0.0530682488193612,0.07247926857854237,192.20133417368433,200.0,5.865392569279012,0.5423324888551394
0.8997564533018059,0.034408020646571585,0.05071546935296665,236.25215387827978,200.0,14.41157376194743,0.7668309720012119
0.5674156931252257,0.07561351044636337,0.050762420222043386,226.00459066930108,69.0,3.94898799099514,0.24199468595486803
1.7349931205056357,0.04052761624465411,0.07232912512972431,110.22194870602846,200.0,5.411773457306942,0.7507591876043871
0.9528742285484296,0.03693314435268376,0.05319303170824925,405.356769597905,69.0,22.176780172797066,3.657417686358323
1.393142974954515,0.053347962326524806,0.04466062070429752,415.72331535100324,200.0,32.65757828288944,4.73074289494222
1.5650007304688638,0.09596654044866197,0.0919459712566591,40.59808294856691,200.0,0.4698790402984035,0.041721623799365996
1.8671773491077888,0.03842148112244507,0.07432422217467977,458.1756199926976,200.0,24.184323776549668,3.781407327465129
0.7211032376474287,0.03551808127283587,0.045778215181119505,306.7983050571796,200.0,17.83341198629907,0.6752261026623773
1.5313538354081946,0.0658834273548928,0.055507997455619226,48.61142999011297,200.0,2.2002797136065513,0.3098504857960365
0.7651044609861215,0.08618170551567715,0.02734485610849343,130.16106026439883,200.0,9.272283311886323,0.6616544901396288
1.8058495468432008,0.07256064126263634,0.08732707717945513,400.4182505763912,69.0,7.840571458266546,2.8289259004881666
1.309779352114669,0.05600596074694997,0.0919676505735596,323.51130840354256,200.0,5.367034913993677,0.33371394363600054
1.510176510864658,0.03102350849326513,0.0687629475144152,240.4802023759072,200.0,14.85451272355266,1.6422455472836015
0.681155189927048,0.09992929453978691,0.04402570239325514,365.5832355961914,200.0,7.713974238109432,0.2709834551500592
0.6391535771924868,0.090019029071279,0.07725311990023488,93.97812938982106,200.0,0.670836818969906,0.011824697961951805
1.3492693742501025,0.08299939453627769,0.09867911210671493,173.91764886236106,200.0,1.7420803348535765,0.1071319515305977
1.9445543140061001,0.037299621340816956,0.03748006126746195,50.30852353188067,69.0,11.20231790016201,10.919617029937525
1.2422714546972407,0.029944743604494936,0.07711205886738241,254.42075681482171,69.0,10.650134685046739,2.0593277103334025
0.7259617836828633,0.0641293982421342,0.03979741662719821,241.0481972329987,69.0,10.33717739675504,1.322617473354558
1.1796238879293086,0.05855828343051275,0.05989282096142143,483.42762227748335,200.0,16.288773917513296,1.2614774430127633
1.0878633164979243,0.04636149317079265,0.04725724311254821,494.7952685777705,69.0,31.192985363112037,7.547391423786333
1.531576579968171,0.05545556145008025,0.046001184040133716,389.9037742162735,69.0,30.532634513650475,15.042927156133109
1.5038289201011,0.07391608634388667,0.03752087863848748,250.9429929050128,200.0,21.759043100351906,4.371619986452046
1.5666206929565965,0.088810554654589,0.072068722333113,121.22928162203682,200.0,2.470383698165584,0.2804297292643665
1.8631887877297961,0.07970782605804287,0.07221148028065011,265.2542147543817,200.0,7.134391634857093,1.1432551524996122
1.3102052663093315,0.03645030003663244,0.08343850829001147,292.0317406197979,200.0,9.046622706229616,0.6204079778334236
1.5208613901655457,0.061371947711224895,0.08575683449869789,350.7069336331903,69.0,7.090516098545628,1.8477704829161472
1.6007136746479116,0.07516265629962211,0.04094862141942202,482.3774013764611,200.0,36.759633132630626,7.667220239722668
1.6081847752455356,0.024346119459772515,0.02534079560021372,148.53625407248742,200.0,91.67468440530453,31.187446329023594
1.2822094594304525,0.02594831222538266,0.0272089511526742,408.79287619427953,69.0,163.7121186917545,95.57551158003076
1.300815003458765,0.03192864078000246,0.028319851776625125,249.98782160962304,69.0,76.1944357327002,43.98686457777135
0.7064411972789912,0.03434393296669375,0.081549451098958,185.65613514127855,200.0,3.4454381760699317,0.07028363268220471
1.4213813668613955,0.027789488749116284,0.07995858851232755,72.22596693103938,69.0,3.466924930190886,0.8463698903121027
1.4908465017554917,0.060887464898344165,0.024162674373238213,199.08018366057803,69.0,50.094992867970966,44.52201681303093
1.2165785452480904,0.053954795948301146,0.059515681448251576,294.55380728470817,200.0,11.250275784420014,0.9325901194863798
1.6576570527588963,0.05898085713634621,0.020764110746744908,300.96385991713663,69.0,117.71248593885264,150.50752589485123
0.7701287012637689,0.03258077684062663,0.06788421020381004,356.4298573306317,69.0,10.969571464025922,0.9259918418987123
0.940746313720831,0.09141708279228324,0.04387716890284102,424.6976303781435,200.0,13.620688458983361,0.915765456679313
1.5549095091784058,0.05777830851950777,0.0859569613516456,183.07239719217296,200.0,4.0008503382374725,0.3751113764626849
0.5167860887701358,0.03460791213128183,0.06970494608396759,209.98667887812516,200.0,3.872141497193305,0.04945247108741834
1.8122151099997381,0.07164543334284439,0.09675382087180877,128.4274239942223,200.0,2.0820636692964496,0.23557224516312472
1.1487933987181336,0.036779282434997056,0.09691436180671656,347.65696504656995,200.0,6.936886424032144,0.3148756316235402
1.1944041012658828,0.053161589020094116,0.08113925245465786,182.46323537136914,69.0,3.736095334423973,0.6346717526878055
0.8689988045531183,0.02364202862384465,0.08340669399754397,406.62379650052,200.0,12.890704910086242,0.38903875141663546
1.9844790128919352,0.08728386733676659,0.06148514665830079,222.8223803535814,69.0,8.04048346175843,4.975819532374994
0.7845849600283382,0.04196090787928633,0.0931126241958292,447.0184991211026,200.0,5.784352031220632,0.12746908023221168
0.578937950759258,0.04045644199637988,0.022321717052762285,294.5411751606949,69.0,50.75588470536752,7.363469507035937
1.5341646559928637,0.036157389981397406,0.036847095064776285,270.640260552713,200.0,50.74719516508043,10.805166923614419
0.6586637779180124,0.06839559254363822,0.0606813034882691,373.80096405266517,69.0,5.865668694013751,0.4051817165762674
1.1002528551320507,0.04729605913804598,0.058469734254683006,295.6679870543809,200.0,12.071489579776943,0.8330930234480457
0.7498076607652466,0.03905577387879802,0.09438993502953483,175.76505351243435,69.0,2.2724641072681475,0.13077681075452402
1.2903204660133736,0.09020446430872452,0.02602468738410849,19.92305164004254,69.0,2.5246758300131398,1.5605400634881272
0.9245858263815601,0.0876502128840935,0.08752336277261091,261.5156690943808,69.0,2.1607037766008435,0.20390381377223862
1.122938210049687,0.05371133412173522,0.08674861971669219,480.085982108473,200.0,8.00267258662035,0.3877599408218575
0.7540787580656816,0.026417089967926976,0.09067316717767719,259.08761353802817,200.0,5.397244116116326,0.11282502421597378
1.6417260209224407,0.06505907637435406,0.08145361240701622,340.6061008390706,69.0,7.77276901511701,2.4850001871094975
0.5173500334972274,0.04168567002322368,0.050652984691722365,65.73800955948693,200.0,1.9078991469906617,0.033604549778180254
1.2747510820746664,0.04249314087239099,0.031740770995992956,356.00530559683756,69.0,63.603253765103844,31.46098318223141
1.75964700434952,0.06337310041285353,0.07389458015007433,336.86525786564863,200.0,10.277864818357463,1.4355561021770713
1.2509797632368427,0.04460654285922781,0.05728999031729813,470.17141277643753,200.0,24.104697810131125,2.1948369165506754
1.5002489705938205,0.06886869122174898,0.08933197133423373,301.0469710167077,200.0,4.930752279959603,0.41410615582765886
1.0585508638020311,0.05451038148887577,0.03668147424929148,121.61254369016861,69.0,10.530974677557424,3.108170960718573
1.1814840409556844,0.08120488847080702,0.08728583607612478,281.6199335151282,69.0,3.226805400393996,0.4985909238938193
0.7441710338073073,0.07213414656893676,0.09509185544960082,227.1797588047587,69.0,1.5551278715410168,0.08750401020696198
0.6900118382443889,0.058791605173522124,0.02258769022170598,444.08153456929443,200.0,61.29309385176235,4.306570383631943
1.2218171744885136,0.09637697088552506,0.06604602826230338,10.53275844152227,200.0,0.18366775417131814,0.013838129989430167
1.051000539926899,0.07012699888005382,0.06302920481426398,387.9801293433021,69.0,8.782026908895439,1.4870256640805732
0.6327456924831828,0.022386585309495173,0.0412943597339761,340.0559910183401,200.0,33.81906139972819,1.0929692746263595
1.5215462034971399,0.08975558478785559,0.02918537244841679,442.3723921272991,200.0,52.82414177244975,13.967421676665264
1.2487275020530426,0.09807495861707802,0.050907144257649986,391.5954488852905,69.0,11.543591753374974,3.4163096514869467
1.9330922542000697,0.024939041463170684,0.028714515827084036,421.59748303340785,69.0,237.8039628830487,299.0077199621426
0.7960104432985762,0.09022815099710946,0.04055399636420917,195.5302325836656,69.0,6.293243839152165,0.9500316691973008
0.7285070824387205,0.035003857172192517,0.09983492501326219,35.77033266283948,69.0,0.4481538301843673,0.02301822459069327
1.7870644205709962,0.05624469556120777,0.049853041783400734,51.14735695150996,200.0,3.923284124108697,0.8377554482584265
1.5487605522179804,0.03284283356048645,0.07291853776877312,366.84379527860733,200.0,19.520915650627742,2.1404719243167123
1.0310630221872352,0.09566106097559371,0.04550927591180682,245.73713434198845,69.0,7.67312383100554,1.7318184217654813
0.8892232906405702,0.028529296669238837,0.0591104840787314,475.6131060967897,69.0,25.456330229530764,3.290126445190204
1.441679312662568,0.0778342783350809,0.054366449993952154,474.4061286539152,69.0,17.837638319556845,6.588755044780172
1.7474809847874184,0.049160978913425316,0.09112685639017418,77.68629142757206,69.0,1.9952384217248817,0.6460006845381514
0.9876992612375173,0.09215193414696032,0.048742060947160486,86.60234503365918,69.0,2.344193188566652,0.4533134650610556
0.659275723105448,0.052613341718330375,0.09505721176637288,46.663848818976874,200.0,0.3882691286713755,0.00591780571008515
1.291056494495984,0.05384405297818548,0.04722286613464503,227.66775824576277,69.0,14.68776111265528,5.009027332070734
0.9781112971097565,0.026138680899417635,0.09806577955597431,463.01458523336754,69.0,10.809747763527543,1.0189063652703865
1.3545510806003396,0.03811219400616862,0.056366880458260535,263.0043899167738,69.0,17.652153049890572,5.551675950070636
1.124166728924913,0.07733981165973737,0.09027225653097792,141.54355675484328,200.0,1.514817714460525,0.07068809488879856
0.8317603531004845,0.0716348312555646,0.09960688646286023,418.48033924226615,200.0,2.9384719713952028,0.06803107968520994
1.58152612516086,0.06999925906692409,0.029013182424986024,382.90022254888834,200.0,61.66362601755722,17.720059524261796
0.8188528795483914,0.04994375311321126,0.04887427875887058,287.565380926646,200.0,11.842730173248867,0.541579203589539
0.8547443883845826,0.06191474719517773,0.06842816138337114,216.4286916478572,200.0,3.828586791851808,0.1362557653491329
1.646562985857561,0.06118612106337844,0.09781761010749701,128.22205885528547,69.0,2.1637412638460645,0.5794348691255651
1.8288904342923789,0.028859899430939986,0.045882346313561834,342.8704196913596,200.0,61.92740864428138,15.048437568137045
0.5369492163049141,0.042110080539839195,0.05672105500262814,379.2433680483512,200.0,9.018364531200184,0.15280186565677506
1.4811568294685358,0.03298429074370202,0.02550873864824239,473.44241104658,69.0,196.03532494447225,162.8947523252009
0.6402696629465843,0.060182122687164885,0.04734239020683505,300.5489868667637,69.0,8.559759849584335,0.716138297328896
1.7165949812246553,0.08505726647721344,0.023843376683393248,163.10884587208253,69.0,34.741587724278105,41.48367559876084
0.6087785665096278,0.020602814447845938,0.03942136106165124,318.2272405702164,69.0,36.30430912210531,3.297652733228447
1.3364389564463675,0.02791705405691025,0.05761485526391741,258.4242805552217,200.0,22.361202519531062,2.3106686822998865
1.600766457995597,0.033346192048883866,0.02377154848580964,469.86909388547383,200.0,239.49415206196537,86.05421300208023
1.5875080060133948,0.09599654598657659,0.06153903386178394,110.69601721905892,200.0,2.9002952777172633,0.3959151633991697
1.9233216777763202,0.058236976840719254,0.09602040879036927,345.72341384545973,69.0,7.430294827396774,2.7657059198907135
0.8063203999794453,0.06786740540901864,0.09102648071595494,467.18300219442773,200.0,4.019288498783829,0.09569196408673324
0.8554838598907294,0.05241181997432459,0.03249660828695994,378.356288494066,200.0,35.088008188268134,2.634044247157421
1.3330556032145349,0.06614475510425477,0.07510051836852352,445.1186930238708,69.0,9.543200888863941,2.181761686684576
1.6468053627554462,0.09135878114667244,0.039939459169961104,344.6024241714852,200.0,23.364537844274018,5.288327050848496
0.6869042916253112,0.054543313095016546,0.0307538004618199,449.06011409890743,69.0,35.87673093484462,5.3182185563506925
1.0575932874847156,0.08064079668027509,0.06764248702352209,47.9909995536363,69.0,0.8253455002644484,0.1318600519393819
1.4019598494332133,0.09359540787740452,0.07150019748037137,497.2534579788858,69.0,8.741694292032445,2.3217698952123205
1.47961242162382,0.09306244475453616,0.051861343430120665,26.849010432251152,69.0,0.9522818786883375,0.388398321947856
1.7717681525017095,0.08704348743645486,0.051292621515053524,458.6316952031049,69.0,21.290023029064137,12.589099538079392
0.6182476601845479,0.020699650203489448,0.0440470649026991,442.3982104621525,200.0,40.86298970465155,1.1819983547434336
0.5081228732862273,0.0956246039687873,0.057136727664423556,499.582486228402,200.0,4.878955122353456,0.07348990657966971
0.9309531295418358,0.04103867757259007,0.05617183777668072,307.9884793330514,69.0,13.285653287623061,1.9805215133797818
0.9536360565137507,0.024720477236542936,0.05490576542213488,289.9687426957065,200.0,22.263444012983644,1.2291884453394266
0.855115249141528,0.06956025963506916,0.07491709707402493,499.8247076659729,69.0,6.568565672927205,0.619439018672145
0.8101813133997096,0.04672782301198593,0.07411227307819983,296.1518077406236,200.0,5.609085304626355,0.16559419214523055
0.5280937086676747,0.03020055944036651,0.07405673562847617,175.11343644189887,69.0,3.3499443873851953,0.12188623724233527
0.839379836212214,0.0647822638887442,0.05716825819182712,265.51370961619233,200.0,6.315833779876046,0.2594606736070529
1.8263529464975559,0.031962105804823907,0.07928501652027778,131.24614810829343,69.0,7.158217653617907,2.9096640478435116
1.703752662434897,0.07679040572709049,0.039642280821881024,105.27403176400735,69.0,8.917740366932188,6.309122146788327
1.826674733877244,0.08590459693889659,0.09378941916118744,473.35508728962446,200.0,6.865551418527366,0.814184380654896
1.4759228875649903,0.09957474955259545,0.046844303521031194,470.9788651522562,69.0,19.087697403632806,8.575979624734904
0.6805423046752743,0.04703009089823214,0.08574046103428236,280.3510772217052,200.0,3.311015090152342,0.059616207654643295
0.5010664174915461,0.04994846974376395,0.05806507887073557,475.1700014397216,69.0,8.482880199017156,0.3543876316841121
1.4952240219784096,0.0695703264705289,0.06576178898765767,409.4064692770339,200.0,12.207899269052698,1.3834344767426505
1.4406240959634067,0.07857529014504415,0.06797833410215273,154.89205226069842,200.0,3.687262280783771,0.3752438711802087
0.7408510147092486,0.04867916937311967,0.08595170399173502,187.1777125373476,69.0,2.3135778879822,0.14274175897920013
0.5485598236285779,0.023389178101164757,0.04669072955349461,175.68587551191467,69.0,11.3405942859254,0.7061757463120265
1.6709285320562468,0.06532827986182771,0.043424361535408844,415.38532915876647,69.0,33.80587431248177,21.000717395615915
1.1094759200747601,0.0579393016927547,0.05438517964189572,212.64415607222253,69.0,8.260154900483387,1.8063547107209212
1.4541911198178998,0.034845176795787844,0.09107878389609186,465.09268371740626,200.0,14.038966174787335,1.0865247566602156
0.6051723770368138,0.07191884843141703,0.09817618191535185,495.82102166061776,200.0,2.5971694238136327,0.032294687120423465
1.6418336991721652,0.08409279206792297,0.03571040536036185,306.5813409776722,200.0,28.162927876888762,7.0863092157790915
1.0524031873611324,0.03536290735370574,0.04160068642621493,309.49563060130015,200.0,31.932944825408264,2.833880472873009
0.9878843112142812,0.021130465934242313,0.0694586977396177,382.0947089919455,69.0,22.216007632820723,3.0158602023276706
0.8346237776600667,0.07388033812900259,0.03269942856271635,175.33732716853382,69.0,11.114941585574536,2.287747966457629
1.5800581376691623,0.026408423021510103,0.03185325630631598,361.6030959445877,200.0,127.93999136275264,33.42545748946562
1.8613856286080106,0.08839266275527002,0.027728157741984116,263.13882061561776,200.0,43.242847273856626,18.01128606828229
1.1914819534512484,0.06719245032228216,0.06889725294320638,334.7559079037971,69.0,7.5031335790552545,1.4937412005122046
1.3968149429661945,0.08123585188197119,0.059768504442468506,122.7278383099044,200.0,3.544383374965366,0.38567793404422157
1.9661707270921285,0.0290100503831105,0.023855036530774747,113.49687886687465,69.0,81.10502080410502,126.99006810563493
0.6976475158080881,0.07368698070078343,0.02119372164407764,430.26057421618026,69.0,54.414374473366124,12.073638529771676
1.1144642218428498,0.06267635124160617,0.04402792921400619,151.86561269181743,200.0,8.3582739772235,0.78595802006976
1.256496414755826,0.07561099682684141,0.08999055373422725,160.86385523611577,200.0,1.980578976901754,0.11582344905690235
1.7909898006834764,0.06226936534039734,0.05827843375014681,340.2571039398226,69.0,17.288661929441595,9.193891749984447
1.5339749445736341,0.06496835379046058,0.0736376615781602,393.84250526394544,69.0,10.289405004031234,3.1767749943334262
1.6187368748888513,0.06674171260677382,0.09342014164937698,403.38885440045283,200.0,6.7262501620351385,0.6288741733968265
0.9903492112578947,0.09539233201625671,0.08327892294147406,341.7898377746371,200.0,3.069835407665903,0.12051343256356024
0.5082382236945875,0.0525007887521564,0.04629239914026661,130.08009908934395,200.0,3.525690843490896,0.06557645462186905
1.322850129216882,0.049651553480097296,0.0848049483435084,324.86245870120086,200.0,7.220814568326637,0.49666668746425546
0.9275689514371104,0.05088612019839371,0.026574285084392323,59.55971659012677,69.0,9.224175495055123,2.8854797022267813
1.6557858386851176,0.031361082179014906,0.054372410253966816,279.8783078772632,69.0,29.989998437148856,14.61052548250008
0.9208019191633876,0.030653215647433382,0.08195856666451816,157.97008527670968,200.0,4.238650118769772,0.14616533667789147
1.2773017065339705,0.08914174868017698,0.09779325768366662,182.90938027930233,200.0,1.6443026043123825,0.09144049348505151
1.4022021361249126,0.08711598380823736,0.04834004387326967,491.0168984434542,200.0,20.293006173730397,2.7513088257034806
1.2218240325610492,0.038999053340152856,0.02872007322533921,44.027031313704846,69.0,10.033539512111952,5.03901439496908
0.8200297334883966,0.035498633376810515,0.031647733452404514,411.1285869799645,200.0,56.893371064094076,4.029554185745895
1.2263045210113581,0.03452334139030982,0.07607091746644568,51.688461208820996,69.0,1.9036760746447443,0.3636057199128077
1.91405589578221,0.09763535700455371,0.05663377630631479,40.78944433008644,69.0,1.4958756572563114,0.9349510129072678
1.3625640660525153,0.07921623755338855,0.06835903160519739,38.49014377585265,200.0,0.8500641487773072,0.07695704914254593
0.9222508827177858,0.03200911090124099,0.09852068934992422,395.77838855880873,69.0,7.0489415731640515,0.587968795916359
1.410940858649753,0.0733977699330991,0.0674900239640313,139.2396973309726,69.0,3.525827831440098,1.004844337982031
0.9417202432145595,0.06963112192491963,0.06375709555521439,386.6560739022932,69.0,7.718582514866189,1.0373193736101023
1.5780653749962181,0.08410539514733599,0.043912696726645675,38.07153913761723,69.0,2.2226577975862827,1.2178453074259505
1.6124491715935847,0.08777381423192795,0.05716363638322182,110.89468562298181,69.0,3.740617925761632,1.6438236328413822
1.3627026166876284,0.0982947997041839,0.07023968828427622,482.28130155432956,200.0,8.131245459234243,0.7165647182221743
0.5393789330635853,0.0654733311178056,0.07040681948112228,440.7841736205678,69.0,4.395186755406973,0.17547296606559007
1.0212863073600897,0.096755154932211,0.021992319602295307,142.39216146826126,69.0,18.645268980944007,8.543823803094838
1.3791060179964891,0.02814152941800021,0.036068987279940644,377.9977290028164,69.0,85.43237912091513,43.525474014872955
1.403872714539435,0.07117950294925775,0.07673433371173852,320.20871493660604,69.0,6.435432321578558,1.5969933864077974
1.2849477056934342,0.0591445479353762,0.09299292831339875,408.9873034492854,69.0,6.164984167813968,1.057578464520871
1.4118942759523918,0.09696683315813763,0.02777004841940766,406.5478922928938,69.0,46.05625866719042,31.943023713379315
0.5686547687194614,0.035173295783426414,0.04927106119603269,493.92744803893703,69.0,19.73632101129008,1.2515013007365607
0.622535018109786,0.037517757132500495,0.06040630779341358,447.49969943565367,200.0,12.209737697535742,0.2611141215263022
1.5999085159216135,0.0927771266496928,0.08008152204800097,74.28272755464621,200.0,1.198474192874474,0.12769250688350064
1.5945415934416052,0.024620004759589975,0.07551837931083567,238.37987848170684,200.0,16.242887711868807,1.822892385127171
1.5313179822848384,0.021434620592698135,0.08432670871016004,468.4226421868947,69.0,28.236340578697778,7.586364000490341
1.4454887662754485,0.02593944892389983,0.07672140707637481,18.242645263087184,200.0,1.0362389693347727,0.09407008757765764
1.919395263312236,0.09894486535684885,0.07007567950684997,27.202938128484274,69.0,0.6447681639005899,0.32751014365774705
1.9444828118601283,0.024107585765201847,0.07641229802368761,88.4586112569611,69.0,7.33187806555771,3.50525679794482
1.9258583628334764,0.04721689688608749,0.08656722705749027,28.810582291149924,69.0,0.9408560367434358,0.3894735842092882
1.9653245064247,0.06182105930569462,0.07151096708841664,80.71272244615587,200.0,3.010549492163572,0.5420263556753424
0.8162200196547518,0.04210238028182525,0.07019188414910607,305.8892446415486,200.0,7.221746671247517,0.22848020522707177
0.8908650532469249,0.02727997805026939,0.09835831418915066,472.34434905766614,200.0,9.566558411201983,0.2573044172090811
1.4632722617855536,0.09682489021038442,0.030255658736541256,192.04277612504023,69.0,19.022786193176106,13.007009098270563
1.5519654756441215,0.05030411451487489,0.08830703421279522,188.16867481737935,200.0,4.466697334742939,0.4061010228250657
0.8114654271158934,0.042704233170825764,0.0944675605151784,294.1103968438087,69.0,3.757468254052786,0.2530534788791875
1.2569469525453465,0.06344840850008167,0.021470757945320305,497.16241633852854,200.0,128.1890724741119,31.44244235014529
1.4464093032150043,0.06674917402649441,0.022736495968322556,493.9131934405107,200.0,124.22245832553499,38.10112012239313
1.8543263337793452,0.08998589776884347,0.07782671187906715,24.673296640767227,69.0,0.5036545690682006,0.2149988207792602
1.7312682462016618,0.0668845767434121,0.05756462966543906,102.59983909622751,200.0,4.808668962005499,0.8345966512257539
1.3649373521459325,0.07411414756285144,0.060718873814596105,268.3082869988484,69.0,8.041730635062365,2.3840255278487543
1.20267520522553,0.03334270673622682,0.041759063381320405,406.82982448769485,69.0,50.4905428503148,16.897235461812325
1.2302310212552412,0.05981516653520633,0.020959084456245496,270.36533917382707,200.0,75.95091442499525,18.281540647295017
1.5000742143453019,0.09624831307985673,0.08471731453925926,260.90501999502425,200.0,3.399452238585885,0.30098233013762304
1.2869081636042639,0.07008403060957683,0.08728418645212956,315.24863472331725,200.0,4.558918342175982,0.28833681839978553
1.7351988900864221,0.03558318554365053,0.033438812563546264,21.282890463458568,200.0,5.569094693011645,1.6715178670104325
0.7292372606323345,0.07918510481684134,0.06791740091270597,297.61498661632163,200.0,3.565080054288957,0.09304749289731935
1.1102133847232298,0.04270580784993723,0.09365963060739747,156.04480153959793,200.0,2.774694616874992,0.12171788967974735
1.48757730303425,0.0764292636539997,0.07292000228453811,91.44093037430557,69.0,2.0082529211012847,0.5888307351924844
1.602656589752666,0.04074397412199859,0.03707758793040988,285.04781502606295,200.0,48.93539587278339,11.299814782825642
1.6891038065153632,0.03415251518533595,0.02654523983663899,52.526039021740445,200.0,22.120057052957122,7.924849362437405
1.931144843005707,0.0890228581436009,0.08716715264376994,78.4030229496861,200.0,1.343048369381886,0.1915345990043002
1.703224592500967,0.02617992059625097,0.08782225729470199,416.7428541168586,69.0,21.091808283697986,6.731513297861011
0.8768329670887871,0.02035280193817715,0.03846124891498989,173.81051271433245,200.0,30.37198590379759,2.023775306115185
0.9870255064715823,0.08874848800317671,0.0728284311133807,306.1296146493198,69.0,3.8514308022559915,0.4977801184548273
0.8335669858892214,0.03859933464411573,0.025766288198004778,256.412904057014,69.0,50.0435482146183,13.038778155305357
0.9339901633717252,0.06726557422987571,0.06083853803068913,159.75564972735896,69.0,3.5958319423487306,0.4981554334772788
1.8229394817270723,0.0771122943817074,0.07223910391431881,212.66959591725313,200.0,5.780435796814096,0.8863627151837556
1.5106425800516832,0.047487429663445324,0.07725603099381066,37.17359407317915,69.0,1.1887870786137977,0.33927727963583704
1.9780620548348604,0.07474485538604088,0.06299186579544129,102.2994033112822,69.0,4.093681144556832,2.4567955372059926
1.0216798758213788,0.027085107459157164,0.09898090788407786,65.35204077627846,200.0,1.5097040307931806,0.05306996547425344
0.5951709761712187,0.09334967837851085,0.04306164419324833,303.7918804157352,200.0,6.267222517623294,0.17184889368078166
1.1013467741626402,0.028021972402750138,0.05568961871633196,242.3771270229958,200.0,18.42976416526539,1.3380503218622497
0.6432185419600093,0.04042513897833047,0.06620431602289178,118.01040226061332,200.0,2.5704311081954203,0.053544580606060314
1.3320604444446464,0.056635082888873645,0.07359135403378973,391.8648966999185,200.0,10.21109732556155,0.8206769417539539
1.3607941029426223,0.028338684273211446,0.059809284102178326,270.62983291943385,200.0,21.797287253593534,2.2495591960444257
0.5713693005400098,0.056478246100195126,0.06828888212990532,106.557747585904,69.0,1.386985675904575,0.06406420291198613
1.392241681967438,0.06612010631524298,0.04990247254971217,381.2803251878998,69.0,19.343390778119588,7.2593787374256085
1.091470390624521,0.0849574425526972,0.02529429526956254,144.84778443985664,200.0,17.45132744537847,2.7397349259615424
1.3295202524149992,0.029826919289457434,0.027185476424596854,192.1488728983385,69.0,69.53472687915986,43.68319240866205
0.8252957457949935,0.08768958192105356,0.03766601172908789,358.8536864779539,69.0,14.283380141744072,2.4955152061654022
1.7997471053389127,0.09170752813777994,0.0798880450922547,299.31543669217814,200.0,5.522341682280935,0.7463511271095217
1.2345480695083006,0.05775919528301679,0.09629370991181993,94.57138826183184,200.0,1.3079828428553553,0.069007911339178
0.5448261600553108,0.0849407349592255,0.07342688823056348,289.07855359629923,200.0,2.063473111540828,0.027805988594383015
1.9896199117713955,0.07193371458810244,0.0939034745762561,489.953224599012,200.0,9.221045767489688,1.2957389025664985
1.9320966096714545,0.08905699953493129,0.043540205771795286,452.6427899655196,69.0,31.080405936498803,25.746223340564143
0.5251790533400842,0.06390259948131197,0.06632918598348606,492.3529127969286,69.0,5.518325296529161,0.22170580911142843
0.6847485806408349,0.07339350349774056,0.053525905107862856,232.4105094211796,69.0,4.54101037841494,0.3843354162787291
1.2813572891282683,0.0864500101685626,0.04271614271845833,245.0250880497968,200.0,11.942161543918225,1.5300659328475297
1.201784985606468,0.04319664110740003,0.0900176361713285,340.27947972709984,69.0,7.009847945156193,1.0866612766196864
1.407978737334313,0.03332750203307508,0.06982545110849196,415.6550776762331,200.0,21.60977141873246,2.0450661526270526
0.6500685120674365,0.08797495706783051,0.06778227620637357,114.21983425472469,200.0,1.1022003509739058,0.02290558573523319
1.3926911668878352,0.07247556949590024,0.06779834288971989,311.2068395381653,200.0,7.805943613532226,0.7443800380954159
0.9731420348626436,0.06303346950901617,0.034209719030770754,407.33837931634196,69.0,32.24130313622673,8.623333739370098
1.3567952377015946,0.06291180972746874,0.043551738899534884,112.74682371335108,200.0,7.691777249063502,1.0837486394974807
1.7838593780211325,0.06663617878116726,0.08163720533336943,146.82114413964763,69.0,3.5384586693919213,1.3326216971793678
0.6861763371781373,0.08918566868546239,0.08757485040657516,291.580558968605,200.0,1.7550587978047771,0.03145302980675034
0.5146332799806261,0.08131967950753465,0.05104303997812869,261.1767328855355,69.0,3.8064039970268273,0.19082432465448035
1.796339145552403,0.0945021220483641,0.038741556272026766,440.007070386095,200.0,33.435171383069836,9.282862219215682
1.2153943643176355,0.06996973295514203,0.03874253743128861,185.8345952517745,69.0,12.903534749229244,4.7535133842256165
0.5444253520981609,0.06807763623028412,0.07442136501129534,24.304781569462,200.0,0.2105627687473122,0.002795370500828623
1.2563150459587251,0.04312761604264589,0.031064265606710377,306.70124284148875,69.0,55.55046685162888,27.269890529307986
1.3394940258391566,0.041125444336166855,0.09266209545314401,10.431128881158555,69.0,0.23741519179341372,0.04441683412903138
1.0889465911390643,0.06814015142887456,0.05378993306147101,227.4736298015559,69.0,7.538479979649554,1.6056674061369038
1.141107383041029,0.02393215292106419,0.06625540113303342,467.44056097539857,69.0,30.46350118692391,5.784571701775364
1.383757568038096,0.07383779281628766,0.06401435515055272,466.03439431783045,200.0,12.787798168980398,1.2750204830479956
0.7591001177099228,0.025551265967008643,0.023858751137546284,44.5246900407189,69.0,13.942587442138556,3.2535196752176314
0.56331741380405,0.0794254370204055,0.056567749353946595,170.88064702842928,69.0,2.2724790804526713,0.12316774712994928
0.7475210532315858,0.0744096458413897,0.07471808365340203,220.6045880678357,69.0,2.3818177787428465,0.17210334663990387
1.663108969945668,0.07537305994939325,0.07082226155282935,94.16531646884101,69.0,2.485462402699999,0.9378609840925514
0.817461739371757,0.06185426239100819,0.08325806858909562,280.12460893252455,200.0,3.20440685705529,0.08573041691566591
1.376569117709245,0.058123113984091646,0.028492698224494042,36.972177893916026,69.0,6.471549480488319,4.158439547923251
1.0849494292995383,0.0662162272543302,0.0673468022576095,244.58301041359516,69.0,5.301376401590904,0.8952623127349161
1.1068120193489208,0.03271769041936442,0.07887394909473391,327.3557886193277,200.0,10.68059215704669,0.5529530074739374
0.6835092668775414,0.09767769838800659,0.046440638026350525,350.8807136818152,200.0,6.830671221668387,0.2290513014440359
1.7496760206290989,0.020026206390327594,0.08650997179730213,439.5007552478062,200.0,30.784881582585648,3.6313268588951444
0.6332158205442928,0.03444414980950908,0.03776144296523405,33.2511525182225,69.0,2.572154655899982,0.2638831504717002
1.204056907269217,0.06850659940830599,0.08062632430026045,279.28026182422576,200.0,4.530565092839788,0.27154904864652407
1.246566128315749,0.024143318681674915,0.057638673997503526,146.41069151927388,69.0,13.652570729572648,3.556237427592571
1.0142224204901413,0.05253331479028303,0.027683546607220624,237.11802574037665,69.0,35.84022824005305,12.866934873490392
0.8033224637551537,0.0871026808961135,0.0949217442900935,41.85624391779155,200.0,0.25706234940407907,0.005825474835514184
0.9637189126006034,0.06218047391021879,0.05769456001194467,118.11995078506223,69.0,3.2999026693093185,0.513247306509645
1.4040915092571786,0.07090257218256564,0.04538093301711092,74.70250772375276,69.0,4.309957748892767,1.8090479096137406
0.620269237335231,0.03974995074873618,0.050448523895014495,19.635465643154546,69.0,0.7223358602876371,0.05322440900381086
1.5313110074018033,0.04747773550391937,0.08944358734271819,74.13282045749561,200.0,1.7932331680617408,0.15670869995754277
1.0611469892663095,0.06807081053802042,0.0983022201537882,352.0408933653444,69.0,3.4074723164835237,0.3771201624879986
0.582509834110645,0.07564050507731467,0.0972425666174016,225.61997454812717,200.0,1.1024650022039693,0.012823118840065153
1.342209674290835,0.08246946429276923,0.050435523585945656,336.9363526011879,69.0,12.934607197908486,4.463927068403427
0.5702880713724221,0.08949455374630413,0.09409573077899662,401.1196630371248,200.0,1.7321402117344977,0.019956319345549024
0.6673926195656922,0.058521147381035976,0.07342891130557228,51.69310573311387,69.0,0.6560217897500995,0.03844798862965922
0.5344569937554395,0.0624645798741275,0.06417756494684299,103.30668049442046,69.0,1.2876330893543817,0.05537249248872136
1.0144992652897382,0.026189069404290475,0.04689418969635885,217.01235161494338,69.0,22.936613791390936,4.863774035121206
0.6065718943700551,0.09792952362664553,0.06188750675527806,188.1406167917062,200.0,1.8255615572073658,0.03617735461780146
1.78608071894112,0.06838523345345436,0.09466067123186034,291.87548143986254,69.0,5.104444117713263,1.6620370030916574
1.7757181889832188,0.05547638917431094,0.08701042920999404,238.51932856982205,69.0,6.0505947151391855,2.1185293714902094
1.9879851318374213,0.0933906814870177,0.033915992901128914,127.12966884384751,69.0,14.115578518978728,15.892055044754164
1.4858675640126442,0.05621367003586086,0.027579574921684495,357.16343678281305,200.0,74.4699855307057,19.871591515819517
0.6725825942884127,0.07990758044498518,0.048381756816337725,314.9302444435873,69.0,6.794538996891732,0.6138033574981046
0.8061476410588473,0.05412656498744488,0.04410351468465997,478.67707571208757,69.0,21.991335264530477,3.130885780825359
1.9534494809010206,0.0668691314804245,0.09461871883115767,63.46183725387715,69.0,1.242471016495823,0.4841425150608113
0.8417168776884039,0.0263653623290719,0.07874873921722218,405.4437664724234,69.0,12.523535489013948,1.0886168762714403
1.4834832094222945,0.04138411358498521,0.06767519062694784,36.77212933618521,69.0,1.726871538089337,0.5425696096281196
1.6243182466615784,0.028762966110502868,0.07050611352371293,385.7961505062078,69.0,26.29620288533272,9.507540017097462
0.6970463282440329,0.06662857225617799,0.05560899351729147,498.3957054799406,200.0,10.116647295939918,0.29464129007393053
0.5571122911333832,0.034284124236165135,0.033263584068322,395.624041571018,69.0,34.86145606385209,3.1428352184513546
0.5965516470044115,0.0921622327610262,0.02454427641908531,104.16439147912193,200.0,6.715295470842808,0.3245560703036364
1.3017558990550606,0.06925248280111024,0.031971410828655504,439.90680014206976,69.0,48.538072919423534,24.856472027974192
1.44525640124817,0.08502776177067638,0.0739763925352426,217.9846071252577,200.0,4.062327510765803,0.3823405260346226
1.840306692627296,0.09218056241529078,0.031123439556625252,69.15526356283308,200.0,8.551694357880352,3.1018710575404564
1.815598356770559,0.05841267676503485,0.09392772231573435,232.16095942130758,200.0,4.907559013920393,0.5741033048663874
1.0990298526931817,0.08916741864625796,0.08185586538046632,308.3608941447907,69.0,3.403409707530722,0.4852248759662832
0.8670346114734893,0.08893908864620213,0.09484816056765455,40.18018656618818,200.0,0.26124568942815,0.0069019504148002475
1.0848674162567982,0.05359119678701674,0.054681198036018216,219.89892153143765,200.0,8.932674670869718,0.6408783081744266
0.7964379947373981,0.09600112316307033,0.05491624199164097,256.15689372347754,200.0,4.227964523082718,0.16278456005079325
1.0412393061230976,0.09708653926839506,0.09435583722659133,63.74633930614502,69.0,0.4607448493191108,0.05115080521965898
1.1199389223768794,0.04722731039689939,0.09387639406533085,268.8746074264691,200.0,4.340995806053343,0.19333050660414672
1.3412955907924213,0.06263942523830973,0.06258066354745799,497.7667986698873,200.0,16.329526105699234,1.56480835710318
0.8393895739034969,0.08488939886613733,0.07086016852351103,24.054022757307028,69.0,0.28421351024311886,0.027304191980807784
1.5359508000165696,0.050851282401266254,0.0752361880301177,357.4341518306948,69.0,11.44377010365853,3.4670220248355363
1.9103127146458165,0.06712639297780579,0.05695126801862414,277.72046155937704,200.0,14.620542506934202,3.1228258630130354
1.3713293432711584,0.09680549154308382,0.028925728255948444,12.771179479820216,69.0,1.2973448417887712,0.8149187601306025
1.2162385110043115,0.08617517081801476,0.0726130625387103,439.7364209655672,69.0,7.062375055966958,1.390058812553383
1.1348174607170987,0.09943600437674116,0.09560021672648251,283.8755126979359,69.0,2.126883846933197,0.27681942683186306
1.2270055895507108,0.060347408539947814,0.07573922563404811,182.25031579821945,69.0,3.8758390566218694,0.7443849889813252
1.820395090879349,0.0909558476019765,0.06414241395895334,14.14941854904737,69.0,0.4129849958610044,0.20614838406122987
0.9762599327376198,0.05058725052822937,0.057136696138491316,473.7493705122565,69.0,16.80327897326215,2.7081299164535966
1.2294352302494578,0.06259928169082446,0.02046139531371777,389.8058014794828,200.0,109.71483666654504,27.01594528588758
0.6631057587848739,0.08469782175896858,0.07451875916888959,51.546696528694255,69.0,0.43604510651879447,0.024859423425895383
1.7914751915633185,0.09021337905411816,0.08503622827581087,278.75839074341764,69.0,4.593154659548118,1.6748978575637097
1.5662411880026665,0.02276374753411911,0.023620359767396213,148.80582218266727,69.0,110.10652035556792,110.48503592789739
1.1918307370841545,0.06110357062608676,0.053829083526897095,189.87757430025553,69.0,7.669003680019411,1.9552881751632116
1.228595096256781,0.0894497405872477,0.04825520327653196,197.44662208189476,69.0,6.987830337353849,2.1119100057873363
1.1146828108818845,0.040299686002397826,0.06941207701895112,161.75797753881992,69.0,5.5718128478838125,0.9636597921599799
1.2670275595608356,0.09674125373646349,0.0857733639843389,478.0872892388403,69.0,5.106553796120405,0.9234369354715186
1.7383073494934629,0.027249004238014622,0.03342951038355042,184.56078526846096,200.0,63.21302563066536,19.046204367441845
1.480231341673387,0.03529952558433187,0.09105467109104258,226.6140386450818,200.0,6.876925635809168,0.5516073373592633
1.6979152848078027,0.0345423020735649,0.09569155263526372,101.51340961149414,200.0,3.2695817684640316,0.32834422551539244
0.5110019484806816,0.044311354792374295,0.07887603420934629,469.9540351917031,69.0,5.226657327033968,0.16717976998006262
1.640264681584827,0.09598647704484946,0.027927997419813923,397.9825570013416,69.0,52.31660802222994,48.69532855426937
1.4814633076142978,0.07021974005187162,0.06073886766851565,459.59091318059166,200.0,15.769611106660651,1.8993930140547324
1.5539102358825536,0.04033631995951309,0.022972536717994457,222.56855596316262,200.0,97.48253266612275,34.15454072887052
1.943479229239208,0.04430267909317755,0.07139256121432874,13.46762748509941,200.0,0.6954827042336987,0.1226512345079121
1.2317354216912157,0.04864352908718382,0.07388347884206035,150.89077784689653,69.0,4.199635813744882,0.8332183125068325
1.9024001133707382,0.09448226188153613,0.07218722142575885,325.4396400058148,69.0,7.54488512035982,3.654733233746771
1.4821420217511776,0.0692929636658135,0.02987460373991243,429.2979364661915,200.0,61.731442931763276,15.130826849320721
0.6184539464848997,0.02643808756724053,0.03571975033336018,275.69194320523036,69.0,30.327445015461382,3.137630441631627
0.9778144883206525,0.048062082690492794,0.08588907810863224,209.89667990844404,200.0,3.4732401966074535,0.12888089948875162
1.1511050815123443,0.09449046013850201,0.08484540915128695,190.28871758352344,200.0,1.9321222431660556,0.10058076614972179
0.7125031456145494,0.09280151460255523,0.033177274829812975,316.92920627566303,200.0,13.263673245377655,0.6765118704565196
1.8506500686473837,0.043962576675479564,0.07926989670544618,357.8161530346581,69.0,14.382546172280799,6.003931797597137
1.6011943766812595,0.043283039175635946,0.061806403922429934,135.75963690768552,200.0,7.888261060155004,1.0907234665885497
0.5043721453344743,0.05068365007486121,0.09035973677500445,362.74763672881704,69.0,2.6527061122468156,0.0721565930317747
0.9350074139635864,0.07989041825328706,0.08028139423284987,441.2274147094943,200.0,4.807333883887688,0.17450112629796172
1.196032205602921,0.07469659517259031,0.05811861025388709,47.07580748355579,69.0,1.3389385779644707,0.31841303062087395
1.0864281171628933,0.025696449298221156,0.048823110051774005,268.76412961344977,200.0,28.602207568512465,2.3049146706977264
0.5381392757325244,0.06258293217890044,0.043637152510051624,139.90036885040462,200.0,3.790496375426135,0.08385091523088738
1.7410795078407055,0.052867046885973684,0.09028814424604656,98.69730059170345,69.0,2.39237152074046,0.7760590276056069
0.7428907468507108,0.09006935435776353,0.06453352439087955,114.17579549459887,200.0,1.3567581150031813,0.038676368289070985
1.10656013797195,0.0738576626880296,0.05094935100183145,375.0520023844748,200.0,12.988077993971599,1.0404830739575248
0.7629609688762173,0.09705416726475181,0.05364016752981968,261.08928338563686,200.0,4.280043460362103,0.15482512556932468
1.445716200165296,0.058808471850923014,0.07971622374809495,103.50191538979135,200.0,2.4024223281979045,0.20996527666831108
1.0143845473583173,0.06523148034260548,0.09139185343656493,332.89357976061547,200.0,3.7186652910492937,0.13956084813275518
1.8695620516338367,0.0304813480031578,0.04683892727877555,15.343793439256876,200.0,2.573806114544432,0.6402172944608625
1.0809660295534842,0.07661691359907505,0.07424510519473927,290.97437678827407,69.0,4.4684585753354575,0.6794752647276096
0.5231137842987941,0.06271382525261679,0.07652103778847197,489.17466182020803,69.0,4.1810597470024975,0.14446328977816592
0.9112044108484563,0.07409791413872167,0.022081688349186585,393.62338401454826,69.0,59.56311736108057,21.638961796057743
0.7145755202387594,0.0788073569393406,0.030233627279608648,389.5205016418634,69.0,23.183683195343956,3.7831024040714385
1.1447744530160024,0.0720335256858481,0.05926862322600206,223.27668070208992,69.0,6.060803403087662,1.2948064860089532
0.8509933722410394,0.05964508053182975,0.02550008005312738,51.81396238173925,200.0,6.821290048573773,0.6457375973307491
1.450391034448272,0.08297806941418583,0.08321260198788148,469.91366299766673,200.0,7.117261105495433,0.5997534499302619
1.9818016742715865,0.0841253299837863,0.04032120522366035,403.1524871424699,200.0,35.049917020269106,11.380271322849834
0.8222824366063606,0.02500604840250399,0.06766536295229902,21.65882164074063,200.0,0.9333170304651571,0.03108733895202054
0.715322051678235,0.0768707379626154,0.09064651074274531,63.04759978658239,200.0,0.42840860784651624,0.008061002748311095
1.2899803860039651,0.03808936533215403,0.09953868181701339,424.47251421004853,200.0,8.705554216340822,0.48512035634454326
1.2424192312222113,0.07198415314257037,0.06332419198048925,405.12973722590044,200.0,10.462544648369501,0.8501249122731751
0.805514297410064,0.027829384360663,0.03898267009966012,208.5564233667631,200.0,23.83424008761219,1.3223760624088081
1.0671489579819537,0.047527970058460586,0.03336292228629027,419.68241464857164,200.0,50.79484431198259,5.779421700079461
1.4746242407172296,0.07275141293551914,0.06368111884240722,182.89073788191587,69.0,5.484809254737945,1.8095610155523576
1.350356404924404,0.031088838408037688,0.07187456966462472,86.07739812023384,69.0,4.342439532001754,1.0644248127089448
0.8955791143633467,0.03986178148452696,0.044694236192380395,34.21666630172378,200.0,2.309049047636241,0.13812372987086893
1.7666504134166152,0.07426884546527324,0.07509090668945752,222.2635440530252,69.0,5.6258576035403856,2.2592395190137644
1.9293439562054273,0.028318917871052385,0.06486889115936913,92.94864203942996,200.0,9.029305677383759,1.7270938776197928
1.3838426923694551,0.02954931695999366,0.09844986547782467,236.35022766357557,69.0,6.851983357588474,1.2877580459571423
1.8741542705030534,0.06470244781634293,0.038131493356494774,81.16553866861082,200.0,9.70152312648316,2.978828691639207
1.887792317939597,0.06536224402312042,0.07881925478412453,368.0176005230856,200.0,10.265555407754423,1.5471673832837276
1.365357152685517,0.0429553749351628,0.08085637048498773,164.8469586477585,200.0,4.80875288425696,0.36956386637534383
1.198843061819399,0.029501276529294015,0.08555732236242511,309.42190273502626,200.0,10.306458527824434,0.5771061327231065
1.4716876143227293,0.023231815624157843,0.06479058569370345,35.57941858930536,69.0,3.221504690860594,1.040489692172377
0.7458804512250684,0.034667610339658386,0.05660788276091562,413.929069702299,69.0,16.675108661538424,1.583397156992757
0.6675295722336705,0.09065931731545517,0.021712390299039513,378.509767841024,69.0,35.470812215599985,7.033381364793186
0.9115564115420953,0.07774288835421564,0.056449817770389224,194.40738875613815,200.0,4.292020691948729,0.21059357065080025
1.4601287478667482,0.08356231081657356,0.09498101396499588,151.1749759082166,69.0,1.7568644930248054,0.3810161792342105
0.7746336519903185,0.030128634977117583,0.07279391126921023,455.34583961094097,200.0,13.256211283982102,0.3642468691688114
1.1426334950416779,0.054169959684639085,0.023288237751173117,391.04890885803746,200.0,91.25517763388208,17.053500389270692
1.0164377841322747,0.0832569458490776,0.0641525304864993,436.03459761643194,200.0,7.760772316911472,0.41661173366433835
1.6280086878428084,0.04664233715506568,0.03245663155944921,119.7115422888798,69.0,23.79889536538011,18.777010131079095
1.9231200937993904,0.03464746620616685,0.02517870196345946,228.00518988219892,69.0,119.77446354491403,169.98216589577396
1.9551903770759829,0.04387516181719614,0.09993147449800732,392.0032391510474,69.0,10.495584630197374,3.8791992911056408
0.5803869446580345,0.07826012349636174,0.06338378986808409,165.8391468997153,69.0,1.836787879842111,0.0943139038569036
1.5022056874693237,0.09082485212734338,0.0616852893818534,195.59855233022867,69.0,5.101270770461475,1.803080944512595
0.6503581279958845,0.05117555488084294,0.08685651313169537,302.72103674303736,200.0,3.0597016687663725,0.049666159933999206
1.9574038073174875,0.046261624640974476,0.050539033731684474,214.72290290845535,200.0,21.342009060872037,5.393217914067253
0.9034874569267439,0.08482917540901516,0.04718471064680804,312.52957999792943,200.0,8.970500373832385,0.5172951100361097
1.74101456172757,0.09825239490854165,0.03957194265781589,43.29559521079818,200.0,2.939540723501334,0.750543144476933
1.855607329344623,0.07909389549988478,0.0406824497793631,411.360462845999,69.0,34.98667879200509,28.610630562544316
0.5380048674977597,0.05861797340035786,0.08056192819977746,449.2963786025501,69.0,3.8122368007163434,0.13233724131357044
1.5711702345805163,0.05220829499060567,0.050347546343664125,453.1119037068116,200.0,32.27630672753021,5.275100702320502
1.6199597756601867,0.07745406715688928,0.0924199936201713,217.0994929869194,69.0,3.1896144810840337,0.8750651180434268
1.089118545359233,0.033167793042427784,0.0878478863241818,444.87181987858384,200.0,11.357482913167889,0.5111870312063838
1.5622530027895851,0.023459557106765238,0.021988357569771112,173.71905940819923,200.0,143.56371809132258,53.11698160790668
1.4949094483979855,0.023278115460007635,0.07003172231263345,469.0775449635101,69.0,36.853042522927694,11.362344818073199
1.5973470784165216,0.06436677001544139,0.08081996524883878,383.41335527425696,69.0,8.740147128084882,2.6659887828507673
0.5256014698552676,0.05613905529281585,0.04920197524056911,314.4304849611296,69.0,7.296293418499931,0.39581527024749064
1.1133631234902155,0.09306649847816884,0.020946392518550773,111.09895929863013,200.0,18.175494025961527,3.5853321634864965
1.1197642595105832,0.04327026808324838,0.04576574284596191,38.72533864366671,200.0,2.8707968323354134,0.2621765781525672
1.8167491857645475,0.09742304207656781,0.08940957872430504,394.4262901454122,200.0,5.520549339268684,0.679308331046576
0.9246999910277439,0.043340117210423815,0.060931924866111806,428.7756926909764,200.0,14.784355050914002,0.6915728542650358
1.1256172700573095,0.06653048660294857,0.060113182587798894,489.14756098257885,200.0,13.741107826138728,0.965411053009965
1.5410737372729268,0.0914248928629295,0.03861250023150771,491.33740594788384,200.0,33.32991379708003,6.8333214400272375
0.5002811127725049,0.06392825518996849,0.06842534256435377,423.43471343645314,69.0,4.246440120828683,0.15007069322236263
1.7272308370943843,0.04504880995621781,0.09740641878009934,16.922789688267535,200.0,0.41031284682988073,0.04188968068073429
0.6632429247625035,0.06637070009385672,0.06902347930722125,97.74476150467868,69.0,1.2301194184421438,0.07574523699567842
1.0912406916162247,0.08679101638931264,0.0974643052448048,284.3709996097792,200.0,2.258349480922024,0.09197407068241199
1.969692319690855,0.08744335981534511,0.0458338982457593,28.99148642835705,200.0,1.8651754737981967,0.5262697749479387
1.3762725772335604,0.08160000513015603,0.020273853846572577,428.57008295465704,69.0,105.51513263738654,95.24605595269696
0.5237407583525413,0.03228324492317479,0.035743457523166225,438.24708984120224,200.0,33.389995654897184,0.8541443904633722
1.2538665790929602,0.06580976111729918,0.07210240382582152,386.47063366789445,69.0,8.498245522793656,1.790366049853401
1.0757139345438314,0.029207041326427506,0.03837505836541069,188.8087971318914,200.0,28.332481054467035,2.847789550523246
1.0624328071637472,0.044576632295981564,0.04108201885589078,220.04271314278694,200.0,18.644421144552492,1.707571186330257
1.1320769450826225,0.03278888732428938,0.04692888353868675,306.07033358296746,69.0,28.78997643568905,7.596484033931577
1.775275590404454,0.08295171466033859,0.09918738449323995,114.13691628060631,69.0,1.4897209403946103,0.45734053736228236
0.8212072388634623,0.02405418343211415,0.05310356689156252,33.069844323756996,69.0,2.402139171772594,0.29474039451846107
1.1736121546353977,0.0739464258229541,0.09037574797624222,346.07814503462953,69.0,4.034865168668249,0.5941361389027864
1.5412440755116283,0.02758195763445789,0.03184314699233399,320.7401273608868,69.0,106.05201329941012,76.43731558573826
0.7329675492683128,0.09093482964323885,0.08508436993372957,71.45478956533643,69.0,0.47735064155181306,0.02912170972405687
1.9346616280207534,0.09696884145218428,0.03979952746435481,285.210072872047,69.0,21.55425862454961,19.585057905280998
1.4993080297930113,0.059364762628873885,0.04485466793124185,86.3080830788238,69.0,6.500541885440171,3.147627269634587
1.49361291129561,0.09678169770957798,0.04306415539304485,471.73963915934985,200.0,23.554103339846716,4.067293435437957
1.267531355707228,0.08649964125769956,0.035745507710895574,253.39327518898796,69.0,17.4360377527951,7.571874446167015
1.8235055426153481,0.06200623476648651,0.06629282043591317,396.86397219259726,69.0,15.934251208313931,7.7221634314001975
1.639649130659934,0.077810737748009,0.0536568054981178,103.69008002612202,69.0,4.55355119927709,2.2043822605050782
1.0184014887928066,0.07763541119436916,0.0910209232358771,255.37924435390264,200.0,2.426127068680506,0.09214867680462305
1.8213952116846939,0.04998181480637496,0.02735854590834652,34.73621205247676,200.0,10.14705127407296,4.101417404883394
1.3584048947662668,0.056300424608756505,0.05126350551510775,158.6590569683496,69.0,8.740113747140212,3.0396733064469292
1.9880600973113896,0.051930291905837395,0.04599642847645695,303.56661379975344,200.0,32.95837413770258,9.440161648307718
0.9153206413346227,0.06379586314081977,0.05086534394503039,13.796090154994165,200.0,0.4590331410725022,0.025202714163090823
1.500727074289365,0.06968137339193343,0.09046748317142421,62.0141504478559,200.0,0.979133811899131,0.0812515622975208
1.6513335583974174,0.08748013079793135,0.05422201672614156,243.6941517690463,69.0,9.387942201663323,4.5616714681109105
1.9754519272635491,0.02128831453446965,0.0911501684307122,112.86756851641266,69.0,7.563636620745215,3.128713252377445
0.7486648895564098,0.08514156345014615,0.022450690996997816,134.87408166067178,200.0,14.117772253369896,1.1748708730947457
0.6019279012355736,0.020792863696110064,0.020302729620893745,91.23485153399648,200.0,38.44442114175008,2.28689692106985
1.3612159279759544,0.06273486804173549,0.08471842224275061,187.4858192728799,200.0,3.4008070366714516,0.24793447624465714
1.4651052171752497,0.07726983365756715,0.07362801585778671,426.6660665356229,200.0,8.953895008436096,0.8701322702172919
0.5601788286089675,0.06845096475498541,0.07687015994849075,176.38379237415634,200.0,1.4656878053238145,0.019944163104414457
0.7276545670000211,0.05102782259778769,0.02253025311641756,320.0649419824329,200.0,53.94801106132174,4.226088925512153
1.380868475227159,0.0778876111006389,0.05823601421042954,435.66121657182237,200.0,13.66472181459239,1.4913944636812875
1.9252321885618804,0.04436535265967164,0.04405397580602359,19.57219990394493,69.0,2.625789161999013,2.1345219297408455
0.999706489180769,0.05778837084344883,0.0654176508207694,199.33728026687402,69.0,4.834838260610359,0.7136605304564617
1.4445735112501055,0.0848349268338133,0.06838167857171999,477.9886727798942,200.0,10.443697841543921,1.062362128505604
1.7997221336962868,0.0702435738758556,0.09121131133349052,39.11872394041595,69.0,0.722832030525559,0.24800432536108027
1.9253690289048686,0.05984393964185643,0.08978327022139314,88.49667119274187,69.0,2.119244920712266,0.8454216093406535
1.798913208083834,0.040557036014155126,0.08321386830821398,309.3267180700881,69.0,11.88834127538484,4.466893763634395
1.067488346973374,0.09910852744029472,0.07226366409662194,161.2036669827498,200.0,1.9949790047364828,0.1048632665139623
0.5076614421878862,0.07958927639098852,0.08219340603361339,167.49509890856288,69.0,0.9488531892750859,0.028745512274538483
1.8588882335868133,0.06948658598949706,0.09175959248581135,284.2658290731248,200.0,5.419076218518053,0.6802351746135354
1.633670155635739,0.05184616759719664,0.08435624994811208,178.20058858282525,200.0,4.734493999779596,0.49930256994930733
1.8670023954622663,0.05542144310585663,0.06889095568167716,394.42296849847435,69.0,16.797941862319146,8.211892677839622
1.4391353916046499,0.034062015117204004,0.02459071622084358,136.18370080881448,200.0,57.090696655862935,16.027884974464655
0.7969964211750126,0.04796812031613337,0.022112003684595802,214.17050822000942,200.0,43.66750636932721,4.181400645829016
0.9903327712755722,0.07063956379057905,0.0622420385800124,384.2320187983574,200.0,8.342771099529829,0.4381951496469477
1.4998392599711434,0.046269663404843356,0.04403218319374697,285.72052823558124,69.0,28.661613413774752,14.147493406537892
0.8681667302902996,0.07564467347893546,0.022413932450641934,223.2025291500437,69.0,30.59419500583969,9.940011794872738
0.6641793765092627,0.050955535097246776,0.02024573202488889,488.1287636237899,69.0,93.13495335330985,19.606931868854787
1.5214665201950681,0.0933788321422655,0.07688572540715027,397.38351208924416,200.0,6.571789191660352,0.6595404757230019
1.0121386605758986,0.05004663303119246,0.0886939630346434,122.87468245039673,69.0,1.8953555301411458,0.21151262941569557
0.8839847451723789,0.0912462111521348,0.07246671439868316,278.0348092856428,200.0,3.0775364864074826,0.11061981446181855
1.6583974116341873,0.06297754609065222,0.024691920437962367,472.6132964056555,200.0,122.47581136388888,45.47277144137044
1.8782382109927056,0.03186179608699592,0.04395281261907177,111.64138478818344,69.0,20.440124643285152,15.851043639950653
1.37868864874654,0.039826924488073664,0.08354435794504228,400.76827033703984,200.0,11.926136023711532,0.9044691903553405
0.7844666086370355,0.04827766254484722,0.0694838610304273,458.53162573363176,200.0,9.259358238225268,0.2733534841668853
0.6472452858958686,0.09814151558565554,0.04478258361671063,366.8375158022696,200.0,7.238070997855116,0.2256993095902914
1.2951180988685345,0.09767628016568444,0.03691011797503101,425.7015808495259,69.0,24.859128961332257,10.914877585918553
0.6620196857398457,0.07712306213324428,0.0760920881607326,489.53623308469145,200.0,4.354554459238637,0.08360356111522271
1.9026637244403435,0.022289313022135725,0.09552892093650886,474.96091780718103,200.0,26.65659883071604,3.367229251667965
1.7527386130135034,0.09291401167259444,0.034444303106725124,242.06278936461956,200.0,23.09300352642554,6.865561684452248
1.9830956150455787,0.04609551907911403,0.06192658169219918,188.1462444834282,69.0,12.664193361876634,7.770471710544287
1.5965053210978912,0.08974773100318388,0.06610928870724837,447.1729624950196,200.0,10.92065559808947,1.4034783339272572
0.9198146480753584,0.07055594921780815,0.08277685025202225,71.54858092819775,69.0,0.8167726059595178,0.08065894912485481
1.2323878432672557,0.038433823248843,0.09724492520278197,210.93045307114542,200.0,4.2913156426457215,0.2234071506805357
1.341439782379109,0.028877465160189478,0.0697598550837461,125.37984085127266,200.0,7.180917519494071,0.6174410185318014
1.6590130862194041,0.049825602085978984,0.03908751344829421,22.601349223756582,69.0,2.9553354632194417,2.010610819433162
0.8181802371964549,0.09000276097215856,0.06837538091451588,198.037362145897,200.0,2.3104257625110973,0.07539958842059673
0.9924622715683193,0.051868560520541576,0.06875724176599946,122.27313994370814,69.0,2.9693078957160024,0.41098355931987635
1.5305849465187693,0.044221661931921605,0.06717959551542509,430.78698467966626,69.0,19.822637186350555,6.678802069468947
1.9616524516883909,0.052994817253439463,0.09893061107747846,420.41011129526777,69.0,9.54007274509894,3.585294010825115
1.5192161677677585,0.020204880034993183,0.041188692172061475,64.97442092276503,69.0,17.278298020434818,9.3545253351027
0.5544282000045485,0.05339140921467482,0.04226074122687297,323.60513648526313,200.0,11.289283120623242,0.27371501604996545
1.6016137118623492,0.08242587534855828,0.042739465605559884,183.52558269569576,200.0,11.71342488883702,2.3434144912549058
0.5726786994283186,0.05004824013227098,0.08121442604546124,398.226427585739,200.0,4.145120770922224,0.055796224673478945
0.7047254700003253,0.03732720286511602,0.025489884065304124,119.20673311063605,69.0,20.783124397654237,3.9123938088280132
1.048278160660498,0.060350836786858444,0.03652225871816933,73.99092139816327,200.0,5.781062579069072,0.5798048758609243
1.8071390261432612,0.05005787920736803,0.06496209149726666,475.13840516334454,200.0,24.387681082464688,4.086696474860841
1.1410518525754694,0.03697930215228225,0.0785679144709737,165.98525824921447,69.0,4.978253268691284,0.7970804794332037
0.5768675448568734,0.07462431064943872,0.04939987172174133,211.1427453293129,200.0,4.013022045918267,0.090110765958473
1.6624153115588813,0.06840836091382442,0.09477553264133813,87.75910719889815,200.0,1.424561898939712,0.13846592031481417
1.965094826899481,0.046553833883466386,0.06944443530077235,49.83979276839068,200.0,2.6174635142942826,0.4851644333642246
0.9103892341711857,0.03299687136988485,0.021372269898133442,302.6164051448873,200.0,109.67225363416073,14.1768286330699
0.7565724849123148,0.07629097189716526,0.08114178347646664,418.0583987130569,69.0,3.7781265441803282,0.2575091626610429
1.4682228714815708,0.056726462075512823,0.09958818421414797,255.0849628720922,69.0,3.9941720397815397,0.835338645140831
0.6694243641442418,0.028419031703497376,0.09093957718688676,329.6191550692325,69.0,5.6331338286785595,0.2682006450855758
1.7024170460414436,0.036346136601605586,0.034123339085935386,273.6456512758029,69.0,66.04568704285094,54.19815579934404
0.5921598103566443,0.07599094270916683,0.09868533308427248,38.339480378946,200.0,0.1840642081330056,0.002180084554852012
1.3707073789338837,0.07338794541981292,0.0703533176797951,85.26215242621977,69.0,1.9304492952582104,0.4981073707116246
0.9104668484961123,0.08845985375425777,0.03437734441503798,144.00865395880686,69.0,7.525114476715119,1.7531888915294207
1.8811919020579584,0.0910695528367387,0.05399206623594818,388.4058533299647,69.0,16.513419632358392,10.457621537263583
1.9215461817987842,0.02609305810920966,0.06257412931162687,364.6808200484676,200.0,41.15289457326971,8.094424392263473
1.7735470246339005,0.0802722572503438,0.06826686093873383,331.29811723420636,69.0,9.423833051973931,4.195297048875925
0.8637703322701089,0.055461063335398894,0.08207578270367873,316.8309812187839,69.0,4.395000392231976,0.38601137446719186
1.3370118697997353,0.022939311613943768,0.0978537337689166,74.03381665227383,69.0,2.703842986274689,0.4772371491530983
0.5601411063816513,0.023022454442143684,0.03113426296452694,192.63876470523468,69.0,29.011058798783836,2.824746830449006
0.6035303078466567,0.07167165699767188,0.0722417501479666,83.53869212753253,69.0,0.8087495343227972,0.03939885525602474
1.0945417914284723,0.05159334915851446,0.09982377506533695,287.3605044977453,69.0,3.6707007111744923,0.4256369603876139
1.8513388224336533,0.0795089045047403,0.07149388086434258,174.2114512534496,200.0,4.761681502491063,0.7609253151125102
1.6329786298244204,0.061964435304004584,0.0836792645384869,53.41943368953107,200.0,1.2062930513319001,0.12813704947653715
1.318753781479693,0.04886170716553409,0.07666531193517591,219.45943886781905,69.0,6.04648224643481,1.3252290919490293
1.5716293001917052,0.0717858401644456,0.06843128748112567,291.9585407557428,200.0,8.189819721755017,0.9853683530159799
1.8946576829159034,0.06861181180916315,0.027493797235306622,17.82945057436372,69.0,3.9079736550576114,4.9298994628209165
1.41201289131029,0.026021387232110147,0.06510141232081791,209.23935485490543,200.0,16.073927981045294,1.6409210133925678
0.7130383536249062,0.04836922900083586,0.06462400282702742,216.65468689235163,200.0,4.588548803632968,0.12033335549198225
1.7016757327321854,0.05522670228519974,0.0892609956139087,482.08939474163634,200.0,11.186212600893493,1.2096332018420888
1.4529513666436935,0.03371343006903749,0.07959970371294459,378.0033696322393,69.0,15.426668824977831,3.9529608297126355
1.0404165971332673,0.034494631307665245,0.04478726566752646,65.03020660090833,69.0,5.866958963773643,1.3700382586651305
0.5841768704640398,0.06010903850504862,0.08591980426355554,497.12100941525136,200.0,3.9267331323487094,0.051988294297877234
1.4118310598411257,0.05413779994320185,0.06174353781046736,422.0681006003249,200.0,17.323390245989994,1.8641703146645132
1.117669365201165,0.08496603870085558,0.051307008751892993,181.146020654221,69.0,5.431185466618233,1.2776275929609973
1.3067271568928684,0.05535557108965923,0.06418306851962255,146.89665850370253,200.0,5.0506328107654594,0.44789261155244087
1.6907646725835694,0.05666847569584424,0.03562599178277058,254.54001317350603,69.0,35.901700525192126,27.83389833638263
0.7033211015511702,0.05047204153819835,0.06254391153581293,20.528340996700837,69.0,0.43877088484513155,0.03352893110184093
1.4420467330429751,0.08836008201333097,0.02936417253663632,244.51842363136387,200.0,27.76837898213113,6.554961963897475
1.5783084490288641,0.034084775639954865,0.05396037498292079,229.86486707427343,200.0,21.93337036544827,3.375148775898038
1.8280405364912364,0.03666055061857059,0.07598906283182336,44.08331441102596,200.0,2.2840739018692218,0.33481850447025696
1.3573808773515217,0.08061365027765956,0.06775153620376231,84.78380467263297,200.0,1.8660316169201518,0.1691539133174929
1.966622263401114,0.05064321804437417,0.030651842240388805,441.2218046798582,69.0,109.41949614414126,133.39504007323956
1.5571914465446477,0.04488415096961401,0.0963258169249736,474.5371391247236,200.0,10.645965424141837,0.8933160044688392
1.0101155299191888,0.09338002531588474,0.08996561169072363,65.79508096497659,69.0,0.5276047084595067,0.057814113676721436
1.7115005829607721,0.02213782831764708,0.05851780880222526,465.4108503518438,69.0,63.04543991207281,30.49154123066293
1.8632206479723208,0.09046940369148984,0.04407307959120266,298.6083459650728,69.0,18.996297278167226,14.457186599460588
0.5620569648786776,0.08016023401182794,0.02380677370780047,182.77386649197396,69.0,13.567056056601567,1.7394237416069571
1.5482006647031152,0.0879966780805737,0.06729460849656045,160.54588697980185,69.0,3.7424056877208534,1.287907709803009
1.5511910133621378,0.062432118053463284,0.07259204402282281,14.276976274729748,69.0,0.4038932998197852,0.12935041717644474
1.1725093261926398,0.03774793958965342,0.05308219873998926,121.56692214245169,69.0,8.040664081792556,2.0120338223006065
0.5417325383369351,0.0747620006963424,0.028384136782821708,251.17850285131144,200.0,13.554588656125944,0.467153105185833
1.6460386477608435,0.08618912069354057,0.053491305227397326,498.6345943443828,200.0,19.968932260567865,3.3715565605892177
0.964152069701558,0.0773551357936769,0.058713657021114155,473.3346545303518,69.0,10.268279325928122,1.5707579576275192
1.8892396549461996,0.046579828928339166,0.028769379801323956,185.30549712506246,200.0,54.48384109816681,22.53149811663038
0.9641535499918787,0.04978342603364355,0.03609587170285679,478.90956406105437,200.0,42.712118785647924,3.666610146430693
1.6561005163741624,0.07929469712389442,0.022499940452402473,55.78043708633421,69.0,13.80743393502083,16.261651163319797
1.1700232164106934,0.05292082018380742,0.06839522384544787,300.6677298320243,200.0,8.526178711564642,0.5688481633276689
1.0301626411781144,0.09537869511314301,0.02731598363206019,136.49456341535418,200.0,11.85461178196833,1.5351853944392835
1.2346646125696636,0.07367011993682707,0.07046561762302878,468.12697816673347,69.0,9.480211335284546,1.9815197609827202
0.8262198842985484,0.07968769109628081,0.06656490827873576,109.20668412513298,69.0,1.5332543108595,0.15192169325255125
1.0176970792840483,0.0846676281584666,0.058264078000464875,223.92899149509597,200.0,4.75730452242606,0.2818875372409856
1.9899202050233462,0.07031953351574602,0.028770162176197128,214.39611531508427,200.0,43.97878460792318,20.17673926441482
1.810300152908439,0.0734864686918604,0.0655087503316524,455.9081050054657,200.0,15.702656976290388,2.6185070671994213
1.192546008801274,0.07402320120765055,0.09401757599443737,54.072608248117305,69.0,0.5913134398028121,0.08642087058314252
0.8529277788071227,0.0469181230293759,0.0687954658978117,433.10803529974237,200.0,9.981584520419782,0.35183815599979945
1.268787374060555,0.09033878862651828,0.04498273322258442,439.63097230412177,200.0,18.308907748675853,2.1841026103013377
0.6552539940470841,0.06118434277919094,0.057693366049623745,445.6173743607702,69.0,8.602624905770437,0.6185632481193085
1.813533739070671,0.05707762666590775,0.08796293334016414,371.03463591406035,200.0,9.141680298074654,1.1393478840209978
1.4681281847524927,0.026913857255591544,0.07420100193293153,408.71577866360894,69.0,24.29635625288034,6.818973143875304
0.8176022521164024,0.07540982715138045,0.09875760545035797,130.2438215135315,69.0,0.868723184769603,0.05681390875572755
0.9601580465448292,0.09984330206632575,0.07811662689050757,96.68069906078235,200.0,0.914171880407361,0.03596239222656708
1.651334563867624,0.09521568804291172,0.07908050841403516,45.930027161583666,69.0,0.7642502830258987,0.2546220134165399
0.7835651716743679,0.058645390350355375,0.022760015411893077,438.0846016187179,69.0,67.79620398338469,17.670251225896667
0.8965348077537453,0.07480847475438153,0.029355254345778264,265.091933522624,200.0,22.12037185320905,2.0189224263395427
1.9155530182190812,0.034082816159543165,0.08045517040663708,294.64010493922973,200.0,15.349488140524903,2.3334958747524244
0.515107841861636,0.06565604952534355,0.04864654344478048,134.2554831201693,69.0,2.67056234629826,0.1407364874190167
1.9401693598435907,0.021988497137927335,0.08878569398113553,197.19420456496496,200.0,13.243522219911148,1.8716237156485775
1.1452769199540702,0.09223973640992875,0.06499935301756225,276.00150099838197,200.0,4.86672808768307,0.3273616575929467
0.9332581468250827,0.07403062708642205,0.07218278160288011,388.21701703759186,200.0,5.635714092182373,0.2266718888524518
1.532032945939426,0.06140691306305551,0.047608996821079774,438.1875233893,69.0,28.939034396975693,13.784495162218104
1.4098541485896687,0.039661668223924036,0.07905975965077798,68.17242100092598,200.0,2.3262275647656105,0.19495026343571628
1.648231855878044,0.0596585547201922,0.0827557072233179,35.62782787872828,69.0,0.862363293722287,0.2735196711162904
0.5529919615821342,0.04112690993706637,0.04314997548633995,310.54254675583087,69.0,13.45562863128167,0.9213416959004801
0.8497753757119315,0.08965359730801757,0.07048356901042732,480.5752063652062,200.0,5.501400464007827,0.18787647469821697
0.6506645301735596,0.06803207515942333,0.024240704338682646,366.7705676767208,69.0,35.81778069464332,6.044040333635774
1.3240830406054667,0.08894259159245366,0.06927336289155248,223.49738663331178,200.0,4.160031324229766,0.3509453730602535
1.921264252364736,0.07476126081272226,0.06076397607470216,98.42139061677456,200.0,4.110161288260784,0.8322726634026006
1.273695223548969,0.04179564102262948,0.029013422268730833,161.23005346802262,200.0,35.0214287973909,6.5274670333310265
1.3425279671011863,0.029811659967545687,0.07078457315346573,130.11625874781237,200.0,7.016859252646752,0.5955655606926468
1.5480082100170525,0.030370235676622344,0.09010437217297773,338.78001767540275,200.0,12.76151996937921,1.1313104638949953
0.8063410308299057,0.04649834767006745,0.06613314096955454,206.8462811180347,200.0,4.92087016974969,0.16126459172703483
1.3342781211937729,0.07023402519012831,0.08092419437922559,425.8655684976763,200.0,7.412518929453517,0.5435742879437262
0.5467986784570016,0.041854175022030995,0.0901000581497603,436.83677165612323,200.0,4.218023227259834,0.046657079802756254
1.1742518849588444,0.06452627992643237,0.09754173066198771,374.9204506972811,69.0,4.302631031531498,0.5876595935675738
0.8870660282537979,0.04910226511296148,0.09597425732417543,184.52087327562916,69.0,2.1714090930492866,0.17201187792435213
1.1011630035247952,0.08799467430573563,0.09635802023350944,312.6398174587034,69.0,2.5282209485160925,0.30739020932865374
0.7469097359102699,0.09979155940880302,0.05695954662780951,55.76384221784176,200.0,0.7718718517851342,0.0251996010908186
0.8959767096969431,0.042146710720401714,0.062062796779318086,183.19359832198322,69.0,6.066411868258987,0.7581473852184336
0.7415568714879246,0.03832572234035902,0.07366520544937032,358.0476364022247,69.0,7.6598694405745,0.5524685244936369
0.9014392063518437,0.04095281835564497,0.08614641542380326,460.7233155955488,69.0,8.199165770974778,0.747248397109851
1.0554352524186428,0.05290975062302167,0.06475806101982945,10.690772213289394,200.0,0.30511849568929855,0.017495108286311786
0.8299365244750301,0.07934958497882284,0.04606543067289743,92.87684539125794,69.0,2.7466837167881915,0.39681028740583574
1.3106028597770374,0.03963027481922378,0.03413601251989874,415.4812520382581,200.0,70.74913445457243,11.866682145447731
1.7111112672779474,0.0735759365345748,0.07746877241586368,495.83877882205115,69.0,11.528713419182631,4.209885865278694
1.1523223685934352,0.04237911711434768,0.05438571353682252,295.1238735897401,69.0,16.278261423673577,3.8399964509967224
0.576109951163486,0.05255954168020692,0.06799708222859548,33.21961760349351,69.0,0.47251884290564106,0.022284313436402546
0.8148404113835397,0.020606349906279693,0.042643712850816626,167.31086473092148,200.0,21.829151897791036,1.13293688574186
1.0461888665437513,0.05691036536739212,0.05360036233513815,410.70998745341257,200.0,15.767752105051207,1.0732502325557651
0.5307422908203179,0.06478297586948549,0.08619887532435969,355.3944059312923,200.0,2.35115596836794,0.02561096690574157
0.6589208783893419,0.06592377071456655,0.0926344743721831,259.8591429274327,69.0,1.816080927291884,0.08224106836711169
0.6508744593853735,0.06664865018023738,0.032856715080820574,355.1907168811471,200.0,19.278375954633287,0.828551501708916
0.9186164462134632,0.07825732653254884,0.09483651597040559,56.855422282940324,200.0,0.4452266657685021,0.013205436304502358
0.9051849479037228,0.05207690744587852,0.09531493476438588,453.2708421446823,69.0,5.20330472796942,0.4321679969066143
1.769056684289795,0.04657811566505764,0.06353141646742926,473.82080631522143,69.0,26.75149978303955,12.732179265190545
1.941591102155154,0.04632574484341845,0.06226386510183088,371.67587799460824,200.0,24.10897994102813,4.865607256559402
0.8581146417084671,0.08793306909684138,0.049007805469386406,73.99390884718383,200.0,1.8038889168024461,0.09034703498701913
0.6769637117829952,0.05201889166804806,0.07777813424343197,442.7882022344647,69.0,5.715267258597023,0.3253639646588217
1.2031034080718093,0.08095749057680043,0.06617397761825304,266.5644623902383,69.0,5.427813777521438,1.147105238666003
1.7332408915538093,0.09755869957900491,0.08206374063358456,174.28666270571165,200.0,2.7587078458392327,0.336628591060646
1.7661367604712226,0.03382179036241875,0.06815819242846194,168.13569047974914,69.0,11.339731465406844,5.014100289097121
0.50235217665338,0.03826484175907609,0.06590742732626131,35.47764816297496,200.0,0.6433476525429704,0.008211200999266328
1.1325433840419354,0.06317019812155651,0.0939532456090612,134.0679657646245,69.0,1.6337865027050715,0.21550277234233203
1.2955231177420845,0.09449548238060403,0.033907023495227895,425.55353076752516,200.0,30.448102633997543,5.023884508839907
1.543120864955304,0.05474607952149434,0.08908538738282851,311.2198101514315,200.0,6.6321212540529055,0.5909144595755595
1.926406149831649,0.03227089070029475,0.07363632143785788,375.67287397158424,69.0,24.8149738346842,12.08306464542876
1.4599979372348013,0.057924460331223684,0.09204852873851593,390.4878291864972,200.0,6.9697194333015355,0.5379992549265753
1.6636062491628192,0.07250135239927291,0.0391774399181103,377.2678568212441,200.0,33.84023608013556,7.968510740198317
1.4156708351763085,0.05331905770176311,0.03456312264265612,174.71295580379186,200.0,23.298622048462693,4.503193194596608
1.6802751762777512,0.04770474046884797,0.08312350502395795,491.1869448115484,200.0,15.023435068293605,1.7009242177012456
1.4099968354843688,0.06092133708146037,0.09949506938745557,307.66637273219084,200.0,4.315954670627158,0.28746854888549683
1.1648805184195183,0.08644902775643883,0.04372729266975471,321.5952713322666,69.0,13.598061309376778,4.077057346628694
0.6586143097926931,0.04436320417655955,0.038906659656233925,384.3653267050793,200.0,22.618084302417138,0.8405681743765574
1.3753838179256077,0.08303631184769839,0.046576746717106945,427.86271054425407,69.0,19.600775123658902,7.691509242807085
1.3854587974351436,0.030016341371124043,0.06553297419052519,386.5524439064768,200.0,24.927330690137005,2.4337831003100683
1.4090636192810995,0.07594598136903888,0.04337182275177809,104.79896734910686,200.0,6.201813594813609,0.9463482506195424
1.3941982678392617,0.021592668081184964,0.046652317329809324,62.76742908798375,69.0,11.172680479427326,4.497724869326438
1.7203868738324135,0.07716941730363082,0.057341639892695015,370.3499951367671,69.0,15.066218966127025,7.513565155427834
1.4069532393383035,0.06654411628949909,0.06971710082978881,352.39227185366855,69.0,9.197482922471933,2.523182413628561
1.6241084432782646,0.08385125142697739,0.07925137520001838,380.20078261568,200.0,7.034870681914579,0.7804733980594332
1.6180104423182813,0.052222829200020124,0.0664431696343908,212.11181838765734,200.0,8.93174585790244,1.173079379396582
0.703551155096517,0.07378589032897497,0.06414746386818646,222.88910638281607,69.0,3.098870803261473,0.2310335175523057
1.5846039704450328,0.048891633719112725,0.024386905194744797,321.96553350606104,200.0,105.2769861713882,36.13241407159757
0.7947324403454448,0.08875500042744089,0.031486340360626336,50.544818708077976,69.0,2.7391236174167948,0.5308734168106338
1.7699331322557932,0.07996598721242011,0.021566870257042067,227.78820821024044,69.0,65.03689416950677,91.2737798751371
0.8047353172178671,0.08723780077255128,0.09332888515852665,414.60142348230727,69.0,2.634500200297733,0.17662327409374323
1.7059708480144913,0.05120740329453545,0.0336181265231109,218.82854631529705,200.0,38.70321683654938,11.168517067318184
0.774378721945962,0.07412074824957421,0.07480271338307967,139.14336683080333,69.0,1.5588081613820175,0.12073739229747506
1.0686418600843433,0.06621414585121566,0.06913441866211137,133.33872365227853,200.0,2.701471028502168,0.14874730586964352
1.5759319572912707,0.02702623526768864,0.045564367096518295,452.25322058065956,69.0,76.21389259745676,40.13685841328803
1.7293329662582568,0.05169752882247605,0.09260825323366631,465.9537544572728,200.0,10.904443761071764,1.1737883928311654
0.874149319942612,0.02319626618248952,0.08460483423250448,194.91942304230682,69.0,6.157204103325543,0.5373030050687921
0.5860127602687599,0.05244575154405397,0.022325312740514143,289.6098081317091,69.0,38.955265905381644,5.789518120304641
0.5843989765965178,0.042772367785716296,0.060788725625166004,72.51129417831805,200.0,1.608633035097665,0.030125314046446243
0.9234546468045401,0.038537177865350304,0.054750460764097036,421.33933557940327,200.0,20.208932027285634,1.0492173704660193
0.7267529892707273,0.02613684453957779,0.031583628641150864,492.8533009926027,200.0,82.42871753203474,4.594824384261337
0.6810364000666107,0.05323848067692892,0.02686596314014835,299.31372744744095,200.0,31.82861406826907,1.8316171801718577
0.735353164508115,0.04240149734283262,0.046251333268491894,334.4363907115281,69.0,16.267882901218282,1.8376312290745913
1.5463272798615018,0.03819165185429867,0.03707789885444058,172.16500183242528,69.0,30.42277783850848,18.955979752445156
0.887100784480964,0.0499508832130436,0.09725888607559977,14.659094591142967,69.0,0.16513137868485445,0.012909395088020376
1.6519641361567599,0.035350815523492306,0.09901832585275076,360.9805308219866,200.0,10.322979112213915,0.9483517367521803
1.0560623136914833,0.052611162270061726,0.028472486655956697,297.5036113443987,200.0,44.198175772827554,5.770810077555103
1.2140311872068141,0.022629708914019987,0.09759307484130374,120.83969157512037,200.0,4.08388713807859,0.20558582271713902
1.125474306466494,0.05517844886989352,0.06542198693529876,114.75138324164261,69.0,3.281163085340996,0.613811339001435
1.8686048521921874,0.0377372054682043,0.07357459150691661,376.25191857574833,200.0,20.650091971136643,3.266689228394099
1.597586313732295,0.05501852258860215,0.032656736368832,345.98094134605907,200.0,56.52144717929259,14.7247490079953
1.0049684472100822,0.03708265390456404,0.06460082469798543,442.6500804330298,200.0,17.247148074375136,0.89879951219357
0.572994103158263,0.055014082587697744,0.054508477966899185,228.87595540861838,200.0,4.813927963893604,0.09665283163934311
0.9036683257694029,0.06912198106996537,0.06589684476292143,275.7329546742929,200.0,4.980851199575348,0.20574809028350508
0.761398491565349,0.046847808632909375,0.06360749312512688,104.45743846405325,69.0,2.5176583413507903,0.22170331584965003
1.8524030522178268,0.09459283889532355,0.05185506265019367,110.78440770315824,200.0,4.84088529599949,1.0677838550771896
1.73253152765818,0.06541330922233385,0.06975169948142378,93.67723684773074,69.0,3.059783944102092,1.2722073808818937
0.8564420301080222,0.08138535677502393,0.06150686874346534,106.5039131951288,200.0,1.7775477660561432,0.07065979149913709
1.3313374674836858,0.07507173068697821,0.09983612817910406,96.2356902036554,200.0,1.027362435660151,0.06079823985106219
1.9408786486907206,0.03933096848791559,0.05746109027692685,12.921924512984678,200.0,1.158762594877166,0.2532188987454354
1.2027238680138064,0.042878807729381435,0.08284947087210313,85.64879525314613,69.0,2.099985322335609,0.35425666483280893
1.7144302650874135,0.09172428310931481,0.0727892979915516,58.98377388312841,69.0,1.2484876286401396,0.4870976250660853
0.8549241890756518,0.05577390818606004,0.04850675418303686,107.45893566348012,69.0,4.200353897049705,0.6115029106682718
1.2167747891344487,0.09857409450119817,0.04963391061953359,222.18580315464374,69.0,6.679715629187084,1.9251276668550674
1.4578044715407283,0.0778994206946114,0.042469510113187454,449.4785503316084,69.0,27.981485638069802,13.528564726426984
1.7082812156635805,0.05273354940568059,0.09713080855016633,264.38142641498075,200.0,5.446788919546402,0.5454827451137565
1.2393108903223526,0.03261817205686225,0.04415934374144568,456.65138938636755,69.0,53.384042698969516,17.939446150866036
1.8108027735045502,0.0844730165622107,0.04312325765878637,239.8833766045367,200.0,16.591338685766186,4.205241240231555
0.7358811737312325,0.0898566733347403,0.02054956930810478,119.81690505929645,200.0,13.941877285112813,1.2246519032628072
1.864659668119524,0.07924550346279748,0.029453656230124664,274.2756650767505,69.0,44.63597733180263,50.9101808195632
0.6142424298940766,0.07945457425303473,0.027733729840901226,272.00378245765586,69.0,16.403274031675902,2.1560634399514567
0.7364163760310548,0.03768641093046148,0.04269288053251067,161.36177769397844,200.0,10.379577171398282,0.4394908366332183
1.2409708372431754,0.031054121672359596,0.024493258713301068,174.69094832448337,69.0,69.81855217820794,42.41378889721242
1.5231014918017218,0.09214246070984519,0.07754412822737503,94.57852193651863,200.0,1.5599654316055769,0.15556163139613005
1.8434595058676189,0.06415102864166457,0.0783660662768608,408.2529460986163,200.0,11.461843153612698,1.65680868957064
1.0031233724783688,0.04037662176060805,0.03450783350687124,240.32062185571726,69.0,30.083701546189136,8.475823933579438
1.601276067356209,0.03285490288338581,0.0885803989263282,142.67466519608146,69.0,5.317271963118327,1.4871107657571991
1.9603116081961234,0.04550779380004575,0.09340364218639284,220.0420442229178,200.0,6.51881458373325,0.8939923151598734
1.4130281577375596,0.05415322612826949,0.09141589573407702,394.74431871539474,69.0,7.395204402481884,1.5605933284090088
1.0758337055944582,0.0926639436550605,0.060993138642674014,193.03242130647277,200.0,3.6145472922559025,0.22863460693562904
1.0937389770762398,0.03632734066356086,0.038283478135812454,126.46327163457165,69.0,15.587374539061463,4.70596412325427
1.1561886932683458,0.09347729764113062,0.06769758024956656,136.89989785875022,69.0,2.2168211291887507,0.42293594061221207
0.6330978317742415,0.026771215625348514,0.04057871304890148,16.1298874916411,69.0,1.389916735155617,0.13264528502103193
0.9322291239860876,0.039570932503992864,0.03592898910491277,214.15755472460427,200.0,23.449902187847353,1.8906890812258
1.6576676867343931,0.030027261762172748,0.09973803591343876,239.12809419015872,69.0,7.962362973768899,2.119511384431496
1.336344368151679,0.04901437284761685,0.05926426253438692,402.99633662718514,69.0,18.76988091184987,5.464684059359451
1.0672236868605163,0.05429657568673861,0.0492361069975244,234.3367423352415,200.0,11.400062698787195,0.8790492139803552
1.001034855155997,0.023068042314862494,0.06396628213068738,23.402283130641628,200.0,1.4891749470975135,0.07776277610278437
0.7730400455167215,0.06560580395081765,0.06118489910718941,131.26721263079526,69.0,2.4790126768031815,0.23393657852942165
1.9821049782248221,0.030170473801823788,0.08209660166438038,427.8885976646281,200.0,25.02511751300637,3.991930717636153
0.9364816578524688,0.03311604502713564,0.09935481872945225,95.3092497899879,200.0,1.6382087527751696,0.048201172556312795
1.5056692348633438,0.071170724731495,0.097470917789721,160.03071714631187,69.0,2.138122970706109,0.48048123081069
0.8855312070746464,0.07169583305156449,0.048216950171188655,386.36119618147507,200.0,12.31559033799477,0.6676394401581895
0.6608318868748921,0.04410215246464293,0.0665427140190089,87.09273358897815,200.0,1.768330169909184,0.03868330510280583
1.837804063797446,0.09529436839787342,0.09244707180576286,334.01437314760256,200.0,4.522327999232132,0.5507392877547058
1.4364067324634182,0.025990818663377793,0.02970040416902414,182.79741570147303,200.0,68.71539639698251,15.91201963814529
1.746903311874545,0.07655222318493775,0.0564796130584142,281.21377231637575,69.0,12.070227941684285,6.301169258373469
1.2802055797809981,0.06695725669389756,0.02060423937869695,407.73440062298556,69.0,110.17866226200229,84.67593286370656
1.9659645043184955,0.023976080186367304,0.07111846003808393,441.583802205474,200.0,42.95336443504153,7.781170518059538
0.854998685165504,0.07156315224975521,0.02581866863529248,280.18777483036496,69.0,30.13066589029507,8.242622874156611
1.6408624172836972,0.02243390039528676,0.09219015264890901,140.44796072431473,200.0,7.252120314912878,0.7059981249846861
0.5664443766307217,0.09663119859027411,0.04795394752173664,274.7890694901348,200.0,4.202830543045438,0.0937369461874858
0.5811527732609134,0.05842211963230043,0.0538346200796008,66.29823257217485,200.0,1.365346561944851,0.02855226876660741
1.6809890535419947,0.04670492040178436,0.06277966343869937,60.815417038364686,69.0,3.332185900991463,1.4491043504932675
0.6594913391475589,0.09780871206231358,0.04106489104563175,235.52294641299872,69.0,5.650341315442324,0.5782050107750508
1.827816922847318,0.07661962938175618,0.029886167031191693,489.844262580957,200.0,78.49852282285794,29.250641701454043
1.3374039584157067,0.057167806260496015,0.03786869639221016,266.2982991495989,200.0,26.0657370695177,4.103870131615968
1.7867707597640905,0.07174495686958482,0.051835111226683606,198.2857472392751,69.0,11.027374832482016,6.562139005526123
1.853631583610857,0.07888258677063614,0.05044653789416499,19.08048494490168,200.0,1.0571100532494377,0.240001758268647
0.6567348123811259,0.08747647594777312,0.09167981615943797,222.47127145717093,69.0,1.1922751135593121,0.054192909958190025
1.1754693270564989,0.09361908895174144,0.08609325492746578,104.39691676825224,69.0,1.0610786066741826,0.1645359045889119
1.9718968361137696,0.0525280722983409,0.0750105837308623,187.16535845171958,200.0,7.492458695940322,1.2946397520979143
0.8848049112339667,0.03877930281372243,0.024282957590085676,176.6448492077618,69.0,41.01064442270796,12.774670633956731
1.324858961922725,0.07428917969131603,0.0596796888100074,97.34512521391727,69.0,2.9245324437130638,0.8310532258550717
0.675889264044569,0.0412455358658457,0.05243962759523417,498.8198994469954,200.0,17.835053682672662,0.5178985122988325
0.7084374441437216,0.07379572736869197,0.04599943958100941,437.092319082875,69.0,11.898429282854758,1.2542951947280259
1.6737950023362993,0.0771981292398835,0.08454190053251666,434.27734781854997,200.0,7.90441811073476,0.8731345562325521
1.3837463433830195,0.06412775000600075,0.036987622945701085,299.84411675805205,200.0,28.375558784533805,4.89643189942528
1.896926188754694,0.02239609847503979,0.0851523871950981,32.22475795540558,200.0,2.258527188664196,0.3181325491951241
1.3634612338659018,0.07757820761392846,0.08679274887227706,479.24937540422934,69.0,6.708863755850118,1.3883877338924624
0.8193921581560291,0.047751062760324384,0.09024700174448344,76.02048569592891,69.0,0.9610037606393332,0.06907733300667121
1.9106114111412587,0.06101280082874258,0.09047797658584633,392.77294731005753,69.0,9.014849152604818,3.5141473605849844
1.744536921170825,0.052464645218841366,0.06202358127829018,304.6666466806379,69.0,15.800684801184493,7.490987136606516
0.6546384171974085,0.028983490126739477,0.052296083119388756,433.50477661816774,200.0,21.48115457136628,0.5867730778485872
0.5617235525893285,0.08062678554328226,0.06353334351506876,271.34492546127257,200.0,2.8100420602107357,0.04651950899757211
1.8156293180325898,0.020712440796725354,0.07980749870985814,388.9222313938424,200.0,32.116079694535436,4.4219308469528
1.7539885167234743,0.07021138016096047,0.042361181325300756,21.896700059776524,200.0,1.8289971548865196,0.4427689972328471
1.115572839840589,0.0738114480772989,0.09299273039494844,123.49185367526395,69.0,1.294988070926291,0.16744503828933943
1.6762245296044713,0.09193834651026232,0.022764387543343725,357.0585718368521,200.0,75.37273525121374,31.009976297900693
1.6980453379235092,0.06855172960961978,0.0861417992651937,249.48707618831259,200.0,4.996918789073829,0.5575266880515974
1.200106021113203,0.026222297152526927,0.03886375783008024,228.99910407604162,200.0,41.63363507333438,5.143011726774887
0.669465282622907,0.030463653143696687,0.07904382692156894,112.00335526890734,69.0,2.363700486071845,0.1294912002755029
0.9335011207982895,0.0803208869684424,0.06400484101124528,50.0610223319929,200.0,0.8521414024238398,0.03867294773430952
1.8011768921270304,0.0916653007282224,0.08317512301840789,189.70389828782015,200.0,3.2328979892951715,0.4203296515589769
0.9774763729961622,0.06862504785527451,0.08945014604929452,417.5399479968956,200.0,4.459752766206099,0.1587892188270413
1.1402908359998445,0.029950964998368565,0.08944714766871473,196.55152757589136,69.0,5.61176525802202,0.7881772919785603
0.6019798264279606,0.06156492584382908,0.0743872605899298,251.4758642636789,69.0,2.6662385624141614,0.12549428973744975
1.765748014357917,0.06656640450318062,0.031238019487167666,481.34372151602247,200.0,78.50787197671494,26.119563353549648
1.4547183963530488,0.06633504220610549,0.07350151864806563,387.4953061179026,69.0,9.437587538731368,2.625319671596856
1.122292477341108,0.07584141975604751,0.09283790998912152,232.15740872969272,200.0,2.3915677357466016,0.10815539306066516
0.6032867966662263,0.0520239158282193,0.020126198142710282,84.06904698545915,200.0,14.440581064714355,0.8704609869743459
0.8692404391647752,0.091552878219142,0.05872797650300532,350.22148907209447,200.0,5.784580729403391,0.24807639347645988
0.5173610418134671,0.05559193360524724,0.09130406202636525,81.05980111807743,200.0,0.5429483631208062,0.00530560139971041
1.0675210451005863,0.04056838112821216,0.03752090943927686,343.41573480293556,200.0,38.51354501711036,3.8991664532406385
1.2999341227974093,0.05009187046274714,0.08349532410938042,106.11631752504573,200.0,2.3700810961233683,0.1598904352326346
1.8861788397473729,0.06384528607019158,0.07396421599319385,223.37555266035164,200.0,7.237650460443409,1.1604339577229599
1.1851621754898876,0.07713508063566907,0.0593251139602447,232.1670856412022,200.0,6.081358169553332,0.47995034881123627
0.5478064299213211,0.055109719105599114,0.030580031099893407,358.3451530227603,200.0,22.85471802915119,0.7476028375520094
0.6395669726719485,0.09114240750960975,0.05938032623115466,63.365153212696164,69.0,0.7566274855698258,0.05035832099771243
1.196325731942066,0.0903118507353591,0.02471731754779022,382.32518626214943,69.0,49.7377559362602,27.825526355815903
1.6890867481312022,0.07937988706696154,0.07805977176289534,342.8100258997205,200.0,7.182765516387184,0.8750786062595239
1.6926110995491825,0.09278384777586275,0.05345594546256051,348.47294860260575,200.0,13.347904652753426,2.38457065309589
0.5493737918720776,0.08572922180414132,0.03837610725045243,210.8288056733089,69.0,5.5042533624717445,0.41824718066388605
1.1701304803131896,0.04318719112946167,0.023700064689444807,198.1175024317921,200.0,57.33956125493025,11.042112408720273
1.973020941105367,0.02369490279851368,0.0572778753817486,16.691699414030424,69.0,2.5418783872728374,1.6691328632720963
0.7109885312895632,0.037581922805950276,0.034586013238310565,221.35085460251997,69.0,21.004630488241546,2.9661928477071267
1.480760026523458,0.02051032530813685,0.025866280421200063,234.97003027406487,69.0,152.12755787770888,124.59566324323491
1.3409480402604967,0.0523284918975047,0.07321679811323308,230.07500907157234,69.0,6.5989215349988415,1.5658342267189476
1.227524302492935,0.02519146219832801,0.05854010033856058,355.00271830960185,200.0,30.286753772534066,2.5985926615554256
1.7319882144950132,0.09309016247575848,0.05401320731787154,489.0914253827134,200.0,18.71468451735075,3.4645844680785873
1.442064597108217,0.04043633365981213,0.02661782018964362,234.81879294781973,200.0,70.91728019547406,18.46833567553762
1.8627756075426918,0.031192949183166122,0.025129805198931904,38.353308616143586,200.0,21.76105497031802,10.01591554681736
0.8857976870320363,0.046137487408995495,0.07095176453379237,166.67410717904767,69.0,3.8139376490514514,0.4075107992962614
0.8394959787744773,0.05026987212831703,0.028146791259418907,217.40644856123654,69.0,27.49645635181219,6.6518848916198
1.4088850141288207,0.09088499474378445,0.09509688636728268,462.53766322459296,69.0,4.757174917220577,0.9593864322104035
1.364085304089238,0.04798869186367145,0.05697331281650869,296.295259359798,69.0,15.568100474773779,4.912548637331062
1.0758238779002756,0.08424114874170302,0.040836623695791954,340.1752790204734,200.0,15.630441399849602,1.4766668251667865
1.7303855281082619,0.08924348394898428,0.09246323707669826,443.8728132632452,69.0,6.040014298533576,1.8897931556305068
1.8542179438921371,0.027052992545034755,0.07329227760963121,74.00581875759731,200.0,5.665603126360993,0.885907208684376
1.548306693210422,0.027239163303575512,0.024562803698711007,200.89188831616946,69.0,113.55885484674906,107.08205560471549
0.5456812482509631,0.08810801239948858,0.0851999898376283,420.1151920663545,69.0,2.1506224589198224,0.07262101991739377
1.6248529615245937,0.057262122180675,0.08133100666222601,142.2243038874534,69.0,3.66066004195409,1.1481299175623947
0.6197482831225553,0.03637749941895588,0.09321998514918156,283.58349572214166,200.0,3.3357741062822304,0.04581387364407739
0.6289244647523677,0.028488557503980997,0.09223879800022881,231.21166812985535,69.0,3.5996622773696867,0.14914364399013708
0.5722283793615331,0.09195759039462603,0.07871386885063167,436.24198871753526,69.0,2.628802790394606,0.10565868071427308
1.093564001198048,0.06696346103051555,0.09231723147419947,218.84087861752604,69.0,2.5160569650453275,0.3149094972957804
1.1749305273768909,0.07835718700271996,0.05462677495080935,292.8574961119306,200.0,8.82937217873221,0.7437506929941106
1.470476158332898,0.03985021784676569,0.026083299111512987,97.3471913975594,69.0,31.679398032496856,25.374063593413656
1.117532262287912,0.09851885087368181,0.04669229338774458,324.6793311343772,200.0,10.135757553586158,0.9036700580638284
0.7563734284169326,0.027700993499082564,0.07982839196862082,322.51587863658875,200.0,8.29141222963107,0.19807168634806224
1.6981552574556242,0.03988255231602446,0.09691428278276641,472.5018263190125,69.0,12.852085916037018,3.6948794391321056
1.4320516054944026,0.060849890493822376,0.02637721550299684,492.85882767872073,69.0,100.02642852401598,75.13854865117948
1.1313086195601851,0.04418283663042495,0.06866587512819103,156.6395272731813,200.0,5.1038534579847195,0.31710141095828176
0.7447072821819771,0.036511739439712816,0.036109585362088886,205.27714472902915,69.0,19.2663711691539,2.858961274332632
0.7611875886333785,0.045299499994959976,0.06105200884183094,135.0507835528427,69.0,3.65297526681556,0.3349575877684404
1.5858811854322603,0.02139866390954608,0.030409922854436555,447.20696538709353,200.0,215.03698480033398,59.281322300125886
1.7342753016391184,0.03955215747950129,0.0307336513463825,147.11000358555398,69.0,40.974437199693725,38.74311766519454
1.7470247069735745,0.036756376075948186,0.07107002687741738,221.41272783364278,69.0,12.501071355043512,5.187026879409995
1.0278875683778905,0.04025096539908187,0.03805162299142875,296.86136089992067,69.0,31.414334694816848,8.427631906569477
1.12383493100792,0.05069636489825703,0.04291511316423048,358.8935429529156,69.0,25.919228934938463,7.37015326396247
1.96253536946762,0.08484867797723872,0.072768322389668,317.3401103330286,69.0,8.316946460616908,4.253203652865645
0.7766582103086538,0.09733485476173694,0.08085793553520083,475.56424469564115,200.0,3.4823843318459233,0.0865949711868374
1.7991624676084148,0.023145176182222692,0.0289461544387245,374.9020470281452,69.0,208.68786885468876,225.47933468723997
1.514317823754169,0.02933718795199259,0.026519578004086393,217.77829509843545,200.0,95.90277563343628,27.64250400652483
1.5124427884787794,0.09335570700581126,0.047565060656984785,259.4354032085221,69.0,11.146601227974093,5.179310773069046
0.9811434939042629,0.05719557719218432,0.07157326634639857,172.50124282795983,200.0,3.4658669399412823,0.155383482262475
0.9907521670086781,0.05045086077251299,0.0735155216216494,40.281566769024735,200.0,0.87820512869051,0.03908640548164406
0.8088734047119395,0.05679532479525304,0.05179769780062872,182.53640847934335,69.0,5.8136355836968,0.7095093298297191
0.7288133123531756,0.07112375653069301,0.08603049680745496,252.8744902824984,200.0,2.1006467145788568,0.04323265698385327
0.7085215814324657,0.06789993167232825,0.0449376517619021,151.70376315351314,69.0,4.7033857779582675,0.5076519328100537
1.8285346087838632,0.07389777684292388,0.02427587574548835,365.23609069245805,200.0,92.01252223772453,42.243232587663066
1.1268882046637587,0.026455799365472172,0.04263758433044741,37.65884905918389,69.0,5.294111151550317,1.5234274622531743
0.5189506115682947,0.04876971783670379,0.056989692719363674,216.331017936009,69.0,4.252586916786758,0.19416394609144763
1.3589752635803651,0.023580606124392264,0.09703967185333051,226.03188903635805,200.0,8.300015701908457,0.5265400899803294
1.1725079328577996,0.09641207598002595,0.03090706687824694,19.951767803994784,200.0,1.524057680310958,0.22597163954760144
1.1263575633460092,0.02404936701934064,0.043614216438211825,488.43349609154086,200.0,72.15611972423041,6.996428505547361
0.8955858938168948,0.05532498454655278,0.06628632750603566,246.97186829172455,200.0,5.459297533794441,0.22019428358229923
1.9558635987983752,0.06292789927511852,0.02197767394395462,223.64933331851697,200.0,86.3476925206959,50.09851854240901
1.12649559010384,0.027270239554668993,0.047962027667355744,225.0524970799418,200.0,24.248258812176086,2.1385566575457924
1.333865796412599,0.09312459342916399,0.08014239686369591,405.12220327166256,69.0,5.420762612986704,1.1627383180035633
1.2488252375372246,0.061906075725513016,0.08999837739504288,215.06085321199316,200.0,3.2137467320239286,0.18563465166371773
1.5688317432485008,0.03657405354056205,0.08074321779159226,43.43300881593048,200.0,1.714598076986313,0.17421588877522381
1.4556784116051347,0.0525749448460921,0.08310025702039571,86.69231653683754,69.0,2.0855170267692125,0.5138092347432008
0.6541094726293608,0.08549460611736284,0.02027589145835323,17.36897401132276,69.0,1.9394439057043886,0.39541923596296263
1.5664395818575656,0.03447238567219199,0.022919713548843052,293.73377465247904,69.0,152.4505776708161,157.6909742461291
1.804962339494805,0.093917188804808,0.0644018842106952,44.668477476859344,200.0,1.2418762255381788,0.20940872576892072
1.5942351895407945,0.0482464848128553,0.05969665278796875,80.18815072986526,200.0,4.461164127667715,0.6331137534712739
1.6548033378417981,0.07590217264567622,0.04727474889869642,154.59230953268903,69.0,9.048422167244313,5.064027447449087
1.9596665716610926,0.038325452803612194,0.0431393569334278,377.93253706968846,69.0,62.30359249614402,53.58749320215803
1.7715762193061981,0.028801198313295424,0.030292315168235603,448.80286258885667,200.0,180.50582432064152,62.33861973214488
1.6103930142468772,0.028214102846946157,0.08340187109677931,67.08706310619371,69.0,3.302965787295328,0.992319869187504
1.82939346295679,0.08633730495349491,0.06509930351797605,250.78556266548003,69.0,7.523323422216375,3.736863945243422
1.5836855850098628,0.08992916244573763,0.026431208749018494,132.42246989927526,69.0,20.028448129061758,18.362332742803062
0.5770765857056341,0.06203591098721305,0.0906316860993492,192.89794340468404,200.0,1.3107172587536748,0.016053680332610665
1.439506089437271,0.06405095284166246,0.09908076236692781,249.01521113955647,200.0,3.420474520617317,0.23845299311329676
1.7301229825683468,0.08049032252967987,0.05217288616632419,414.31627658455,200.0,19.63029510985444,3.7541762861833043
1.9880314831223063,0.03710741549735385,0.056913612846777484,234.6991118669293,69.0,23.291257489688604,15.627263930333584
1.4180680981516396,0.09370362548502481,0.05574246491547895,340.3951208628796,69.0,9.9472476603825,3.4671336719831913
1.8661826029039976,0.06896542059047649,0.05855190773656503,74.62059157587527,69.0,3.5338701359560605,2.030848185287817
0.5788862342066494,0.07987238755296622,0.05393007772376729,108.63769013368193,69.0,1.6242999714593591,0.09751721398144383
0.9122254787427948,0.09424475800065064,0.02159182129162252,262.2040634241654,200.0,32.6630780360657,4.196149693447572
1.0817531425104157,0.09539357969557602,0.09346754257478758,409.86910352927663,200.0,3.1921537617783042,0.1332165107780315
0.9513248687821768,0.07801170575610668,0.09061135065531088,223.4906984045675,200.0,1.9916571090416935,0.06630837910148207
1.4065473904597436,0.09761710730095127,0.07741347036889863,325.1649856740554,69.0,4.690837472086904,1.1582498103648768
1.7750563091566107,0.04717417564136207,0.059644863021393754,458.213332992693,69.0,29.07908227034487,14.841970697818496
1.7674295947141354,0.02929066230292178,0.043331960918894935,392.2695877309489,69.0,75.63662377143112,52.68265914240043
0.7801827982401941,0.058349977007919954,0.08228498837198443,200.4121221730361,200.0,2.374595794653145,0.058551842874630014
1.0862189466903782,0.07838220579291938,0.02904169801453773,306.16024440252204,200.0,30.182550001450927,4.087402597117118
1.6745287660181796,0.037175897141354844,0.09230283066227006,188.12893039741036,200.0,5.967713315299682,0.6043059944168248
0.778685825156866,0.08808279514514622,0.03047133173191042,352.2014508856892,200.0,20.12012627199835,1.3345736633465017
0.688670997732069,0.06628069715416056,0.09534014899858602,422.96739774459394,69.0,2.90088970702592,0.13942435000198944
1.154819027454434,0.027493961151452,0.028111306714800506,212.85974402140758,200.0,67.88273549227489,10.734576329177361
0.8879806999268132,0.0452257268583129,0.04167325862526667,313.720630904463,200.0,21.281262007946918,1.3422262120405921
1.3018721527154502,0.0774469151872395,0.07352825927860665,174.24109890996152,69.0,3.2505548318599007,0.7239349383219008
1.5199106154711128,0.03695772741999809,0.09187438366595505,440.36261135531737,200.0,12.873172882043239,1.0789616404818876
0.9245835489654289,0.0397185040053475,0.054118081864238235,157.01676517994485,200.0,7.487998781877692,0.39427064078777063
0.9033657218502797,0.04716216009167598,0.06534532603309808,404.37053710401557,69.0,10.883576043761433,1.3132395438778148
1.9929646736486681,0.02248938572433728,0.05346380872328488,291.5751839081366,69.0,54.23804502918064,38.931665611091184
1.5232762146041117,0.0328947749894589,0.05754297238912236,186.4251460095732,69.0,15.643102814213341,6.094633294175013
0.9399087741694748,0.04546886516467234,0.02707563094194785,453.246828889251,69.0,76.68323782266833,24.17424470933706
1.4096860500033614,0.04479405670601804,0.05520238690225014,224.36666429153416,200.0,13.902595113564342,1.6682516678719557
1.301766684872779,0.04932740215842005,0.0890936883045354,193.70393976569204,200.0,3.864032199667899,0.24498463632988302
1.058888801208488,0.07504950837053813,0.05623735488159132,330.49967973037207,200.0,8.846572193302904,0.5879353811476327
1.8644076100441849,0.04322306794792424,0.09290606880977702,92.37558416366461,69.0,2.769781803105802,1.0012507580769867
1.4859985665015436,0.09844545304226499,0.06722393383009234,403.3488792219839,69.0,8.083640430238104,2.5655441659405156
1.9531300329687333,0.049005997882587506,0.022246312041756228,496.2305355354946,69.0,239.7731823385835,397.2505885048162
1.623130138425709,0.026638708606602172,0.0944911708654729,307.9263546850267,200.0,12.608279414706553,1.1717906361936017
0.5526868961357416,0.06049068808139975,0.0240011552414248,166.28683257723705,200.0,15.82469916316831,0.6713367125559624
1.4018220732242301,0.06461734836080592,0.05214474908762318,109.39810187586347,200.0,5.23701279425381,0.657866219298756
1.216145979474105,0.049924749308954255,0.040689674951111386,101.73940140234168,200.0,8.981353763970215,1.0881975519566642
1.5683828562464617,0.02352150850231726,0.05815238182111808,319.48185816846944,200.0,37.79630569788498,5.329233677622643
1.1106525132478948,0.09825365759523999,0.04014551411485764,138.19626734747118,69.0,5.8157133525426605,1.7265613957613481
1.5097969280167116,0.04806094653918679,0.03512429357889288,346.33431023884475,69.0,52.91243998802275,33.177748860477436
1.9543067112483072,0.04686478207198004,0.02719564271872435,144.8326171052301,69.0,48.996504337450766,66.4830394832737
1.8318860375944388,0.07806762649056931,0.030448428874660836,294.07957363095437,200.0,44.659495330330756,16.40682603707708
0.77317789778754,0.06642462688047027,0.07075479976978037,449.36070086542753,69.0,6.268806046087802,0.5117377302256166
1.5439684922324592,0.09532762603271393,0.07320898041023544,441.19942405534766,200.0,7.9997630951773235,0.8682971583679585
1.0192806536565127,0.09007572971287055,0.034691932664658136,348.185818532682,69.0,19.64225439519017,5.683423901116258
1.946808163314448,0.05690591967779275,0.0956462477558812,407.2517559619735,69.0,9.137850611246058,3.4985016586783257
0.976873568611789,0.03240581006455547,0.07321195632758873,93.30829585122231,69.0,3.1486396560191023,0.3965311569709796
0.6986646284600034,0.037646843762073556,0.020758519133002952,63.60402716818418,200.0,16.435514824441558,1.2882590507262963
1.45698576920039,0.058805064388167294,0.08792165871618345,323.24457470364223,69.0,6.216290894209496,1.4501259572509118
1.8162360593435198,0.054500059994685324,0.07330715520194021,489.56715044224273,69.0,18.215709870790075,7.919613221988685
1.9060894523815604,0.06596135061601426,0.02352306040608528,496.0514381421139,69.0,155.43329524505094,231.95110027085258
1.0531888647817578,0.032984250372397286,0.049541882938923074,203.14046490955272,200.0,15.856316836093223,1.1833714004375027
1.8078493877201092,0.03324120219534347,0.08132756688656595,32.702792290713575,69.0,1.6134148571185107,0.626458657562947
1.035294609050354,0.046993676823648065,0.08619391262476742,132.38661259967273,69.0,2.3554107702769134,0.28299425343867224
1.9707183853936145,0.0625145169407093,0.08389012719453108,359.7834469025422,69.0,9.669731417366235,4.325261259093013
1.0470453368523995,0.08059625044261502,0.025957764099256694,168.18105723825053,69.0,19.45559043685567,7.939035758681779
0.8913063677903822,0.052248997451829454,0.08663077587112746,285.8808776372881,200.0,3.898890127198836,0.11917949931059336
0.6017103205024308,0.06787069659152832,0.09911888033916313,28.96808608517631,69.0,0.15684238281478768,0.005535305759083664
1.5231226184937152,0.035937812097089156,0.08014206496170558,488.5728018094057,200.0,19.34384101841676,1.8665114827366263
1.0214408734357818,0.08127796054183921,0.033537895395182905,351.065221260369,69.0,23.53465743198443,7.073888176741369
1.5355207655513747,0.045531612113037766,0.07159190524058762,248.16541358702628,200.0,9.797320851223352,1.0755572794221444
1.2570097449411208,0.08614555138708127,0.04202470720159312,105.50630222716367,200.0,5.230293371630644,0.6555070812844765
0.7590895143961818,0.02674164485692069,0.05561809282451287,450.9038641664867,200.0,24.82606555856222,0.8573468082129283
0.5563396746796878,0.09832765671472553,0.04715859539723465,404.4570875924495,200.0,6.1739956738469655,0.1350716699459063
1.011997320605543,0.06878464001866788,0.08842123071245946,177.74959460867194,69.0,2.006941217203468,0.224593132441485
1.576468070610169,0.07410399618525625,0.07044063769308564,463.40922212590664,69.0,11.921006235845923,4.063681338675471
0.8980790864526198,0.09289167870942207,0.05902372653171967,466.1637934584744,200.0,7.76201200109023,0.35355387020627205
1.8015799435857425,0.04383084579791188,0.09694605903829231,117.10643462073837,69.0,3.0728784220347083,0.9939898403154602
0.8243105975855657,0.05891582210462018,0.07426840566852609,346.0700975326669,69.0,5.26703331037773,0.4655897179730399
1.8231460511834365,0.054227808290249396,0.02092122297856842,51.85830298531638,200.0,23.89983066171062,12.65696045377089
0.7077175289065405,0.09315731411013352,0.04818746895732124,254.6049658566178,200.0,4.997961230682294,0.1731639235547686
0.5564482413678704,0.08747144728170798,0.060590918219036075,199.94807467290522,200.0,2.0787959920153214,0.035410546585895215
1.396660861506534,0.02280577547889072,0.0965229651580743,449.4978619041324,200.0,17.72816110401662,1.1942457554031316
1.7291204845135169,0.0836376208820314,0.07586301810734472,154.77826155745782,200.0,3.3359886701740566,0.4382517988585161
1.7288263844509149,0.09963691959716227,0.08200795480073951,26.620450713253014,69.0,0.4120840279790775,0.14510828684510269
0.5292682785475737,0.09188122260683161,0.09413281771951404,246.7666323506338,200.0,0.962508707474511,0.009547597116457482
1.1576113848484133,0.0809487507605114,0.07398871414986495,417.57008076904634,69.0,6.544889262174571,1.145307360699338
0.7147324593233595,0.04633005337482781,0.06515281013709641,484.985638932656,200.0,10.57534465338642,0.27639306051757273
0.5119095438133798,0.03530864626178123,0.05800602582099121,342.5331899980592,200.0,8.855637808983882,0.1333558071512424
1.3766348597456526,0.041345081411527485,0.051624351422646556,297.65243778055805,69.0,22.31240521430901,7.913870799143886
1.8861030015198046,0.04946894053989098,0.02493939522333485,301.0127740728283,69.0,110.71262244631986,152.58143074445553
1.7259728984174878,0.024428666394853187,0.07446609977809988,121.06227452207571,69.0,9.255013937201438,3.5772234042247244
1.1116995974066586,0.03289135995064582,0.05552938809484055,442.69959719721135,69.0,29.115229614446978,6.260829525538412
1.3882762570414644,0.07571455423884986,0.07814225816114787,147.21152854867782,200.0,2.6522697022442734,0.21805309964404507
1.788022607145,0.050089500234127914,0.06959547965395309,315.2230330146576,69.0,13.939058350551441,6.186685868305576
0.875440632415486,0.05677119283193732,0.07372770826716589,24.038011080212918,200.0,0.40915418035062795,0.01417713266296316
0.5908846808425079,0.044084621916857775,0.06444003943043407,232.70953427254923,69.0,4.506812006043777,0.23592760374179497
0.5702732325319084,0.09834110610417408,0.024080836659866663,238.6246544176445,200.0,14.317636012399172,0.6445319716509051
1.07327050510855,0.08662324758472764,0.0300755695271228,161.4130738548893,200.0,13.265907688670925,1.693636657730985
1.7103983309348434,0.02345866418607275,0.09711738571975406,481.5131629818319,200.0,22.33363599455912,2.242516895068489
0.5247330800144492,0.02695349098738662,0.03549559230931034,323.69193434263946,200.0,30.009426393898472,0.7759592228082987
1.7658317171578555,0.0985182225798005,0.051719706266823706,448.9478199317478,200.0,18.04960753665958,3.6273468496992134
1.5545362014614283,0.08571812812968015,0.039768763550301706,295.03295928425933,200.0,20.29858526671609,4.1115360963645715
1.529776550487944,0.04184422606218162,0.06429442452464545,336.7332738158678,69.0,17.868295081800063,6.283844820121943
1.074201447788978,0.07414762731735017,0.08522428570247294,362.6902185614625,200.0,4.3405906312568945,0.19590055698974226
0.8122187838786045,0.0791783583380502,0.054031788902608374,187.92742894637058,200.0,3.9619525098003314,0.16124443035984398
0.918684002444385,0.0802611964979316,0.09268369229792442,29.081616841236894,69.0,0.23250038117967672,0.02045560366060711
0.9079644936241599,0.06273226098219191,0.05080303211645761,234.33911841502518,200.0,7.884872959068426,0.4265024628897415
1.5076197933964945,0.04432044221365424,0.06793351322237225,131.4034343240482,200.0,5.811357086587159,0.648120701845045
0.5535764050572975,0.046420508455179324,0.09581163788668197,247.75763385280646,200.0,1.931120811433325,0.0205885170843743
1.7104062941980187,0.03668057818392976,0.04095313879272838,465.30072473423735,69.0,77.62001212600255,53.572848085530666
0.6997569801573008,0.0522672352864918,0.03912804334519974,75.50775094558188,69.0,3.961724161703524,0.4790162340019741
1.7749976315517504,0.05892627864356824,0.02303290662688327,40.50281718159762,200.0,13.798368875918532,6.291487020062307
1.9144697437908451,0.07383549677925116,0.025378491576520546,409.00832295777894,200.0,98.79502859199704,47.56035039101444
1.231358893570436,0.031161399693282042,0.09821439637538706,25.120109683091528,69.0,0.6174334764422265,0.09209667987181566
1.539804414117651,0.03147735897621853,0.052956545557842,67.19936731981358,200.0,7.033061461999902,1.0496261232466095
1.548438197430328,0.021215386791907518,0.057439579086527456,125.78587891381873,69.0,16.695658909959366,6.733482212988658
1.2998750857349979,0.038291388643657776,0.05023743023488698,299.4863810295517,69.0,24.16985247072152,7.854335952928339
1.1262318861910023,0.026436078211227763,0.036226110433006095,361.4419324320961,200.0,70.40073016514607,8.216556389905833
1.5951162653909186,0.09747073449358551,0.07313282962213348,208.08460757878402,200.0,3.8201864204524503,0.4430325257067678
1.399491143018209,0.07581345933096445,0.09167005667670314,254.57394209353484,69.0,3.355320721224646,0.692638292459271
1.4420766745394897,0.0867425276622966,0.09019326608528386,192.88238028272684,69.0,2.365112799327767,0.5268828943803773
0.8318317507045212,0.09702488819873996,0.035450278536231235,117.76138467029072,200.0,4.820223686817058,0.3136153219680356
0.6659824560023804,0.0946782516165236,0.025106651578525794,259.0572892409988,200.0,17.345308766757515,1.0214040186333966
1.8518362301929823,0.09177091585875534,0.07105642888590395,400.269751104134,200.0,9.598310121114514,1.5440995597417446
0.5597262005784465,0.05204090727907412,0.07089817717363778,333.58356682015943,69.0,4.282688987686988,0.1828489162574324
1.360862428052274,0.03843552341901609,0.03172484361872855,200.38756227316958,69.0,42.29650245716975,23.855749428143312
1.2352010407472171,0.07205339804013489,0.03331653968724182,329.70665645906627,200.0,30.55219171182939,4.663763563850197
1.86075196721685,0.037149397400899134,0.05657254575304817,288.6997050284679,200.0,27.10958436517097,5.530607722593223
1.6009717824722944,0.07936501635445399,0.08360974676666806,56.987013226287544,69.0,0.9866608525396984,0.2922388795987868
1.4938112020126115,0.0961033288310308,0.02558415245002137,130.56229205087482,200.0,18.603053210583766,5.408581309561875
0.5131974436755821,0.023639880501852437,0.029653928784954032,225.7781747682924,69.0,33.44320840576517,2.8698177275193926
0.8443333422566228,0.07496665458738914,0.06781666687185076,194.8280372745233,200.0,2.8626986496122773,0.10031036644957113
1.3881616510206136,0.032864608119994386,0.05325439620516188,62.991726701973185,69.0,5.629054039315313,1.9679755032148198
0.9873327683327311,0.06069862904661999,0.06383253684389921,459.06690169778693,200.0,10.995821767864634,0.5597465613590299
1.718474773637309,0.025009965468364294,0.05945267274391525,16.012596658506784,200.0,1.8676707488861586,0.30923881572001155
1.8535230757591383,0.08494914935936215,0.0907086992705967,129.3749197045711,69.0,2.0584599787981843,0.7532673317187493
1.6918230736214006,0.07878490884029737,0.03159206995808143,155.26883345907277,200.0,20.044317925164066,6.053434293774458
0.8101145915434289,0.08720800241247975,0.02470951240737119,220.49517916793275,200.0,20.128532533159948,1.7820488007614181
0.6368240560511456,0.048709440522757275,0.09868520883374077,226.75883370421872,200.0,1.8264914990912482,0.02501976677789634
1.2792965819536977,0.09913926704500588,0.07665340343204777,175.93364937604483,69.0,2.3182635808793264,0.4782263474609335
1.9791512398167224,0.048997694034608026,0.08291211973387444,14.56387198306901,69.0,0.513446748049544,0.23436621420704712
1.7172749216766958,0.07763016100792967,0.02388788056722647,109.07268161544513,69.0,25.370051205580513,30.260982918371262
0.9305258012396203,0.08153549979461927,0.09654694698609584,17.638736303746466,200.0,0.12957562426366948,0.003873649744359311
0.6314740541374488,0.08028071606472938,0.07299114498692162,44.209098852580325,69.0,0.39162177698982903,0.02067127809664342
1.5662813146830532,0.0730238625750041,0.06824346347752884,476.75583772548094,69.0,13.174377873165968,4.5758127076297095
1.9011306018164067,0.07631381583462216,0.03752532361868096,306.7193112116571,200.0,32.55759084230404,10.452747634695625
0.9090350239355784,0.029332273357675742,0.034486989408944055,196.18756519593921,69.0,30.672350128322744,7.100887829933175
1.573041383837277,0.03894399333682398,0.05770951265603105,185.5268695335141,69.0,13.500906183887277,5.5931370277208545
0.7559224799877164,0.044719430301538916,0.09109769624333834,358.1074306654431,69.0,4.376538899873469,0.26523911516487303
0.6462633305239239,0.061567283852608665,0.07733103214360126,322.97113920069194,200.0,3.4014717802583467,0.061236567563173444
1.1811533298601211,0.030766279940652355,0.09309635716336277,194.70080809148806,69.0,5.174696947762627,0.7492460132652655
0.5628378830728327,0.07897370115039587,0.049434253968501755,406.0647505874921,69.0,7.105446955262114,0.4399362101433095
1.8565146082278075,0.02505582751693817,0.030783702929594866,444.37533890235756,200.0,208.47265681608846,77.80432313345746
1.2247344930011772,0.060306865817933805,0.03505124476935464,308.677628016761,200.0,30.61432612550143,4.3670071465974045
1.4171282257507891,0.08729972780163056,0.025608135511905487,326.7101072625446,69.0,48.52372810851822,36.76665736991334
0.5271319771190961,0.09720024277336722,0.031084074826502814,473.70993778361736,200.0,15.952908247369848,0.4753564506083971
0.9176437001969502,0.08175520676685001,0.09159935916376878,76.45407372486811,200.0,0.6136569778829579,0.01880442948694363
1.6208118123692752,0.044806608152048365,0.07760566176164528,146.32288799264506,69.0,5.273114788390666,1.7246407971197126
0.8474006188903,0.06133154189703538,0.03445403313415734,235.74667718352686,69.0,16.463478094120642,3.3152686511582963
1.5181237414656379,0.05312000479220165,0.03165512120969027,217.27945559289816,200.0,37.18185216657397,9.023606086562399
1.6554391071550385,0.0746737154143373,0.02364045830569662,31.732197800595074,200.0,7.552401500617805,2.918329628895222
1.1823858222018675,0.03457749738345254,0.027610960711623403,188.8425699248687,200.0,50.822236498522784,8.577671839085234
0.9083503739437699,0.023592161327545477,0.09997360167612958,158.49530262298438,69.0,3.663385642257154,0.2921216529529055
1.669993487969496,0.09014522699474234,0.052716967632331024,98.04295052785767,200.0,3.921379029173314,0.6915071924087358
1.9774922980562315,0.06911582549124722,0.0400834660954611,334.387965506036,69.0,35.72799566653576,33.676940983600424
0.9743898127488613,0.09834967303776991,0.07132261030723744,13.001249987979376,200.0,0.15192936229786966,0.006741533553374236
0.603413321973043,0.05050042863155178,0.09261986553474383,226.09402569145448,200.0,1.8895216598438946,0.024760320510370425
1.47580350286662,0.09438916350364863,0.03971973745570885,148.10658302533352,200.0,8.806823121906309,1.6097140092555822
1.9475315718833228,0.07561490432221439,0.05351355087691327,455.22485646985365,69.0,24.565566236293126,16.822544025931037
0.5943090909053643,0.06711732776562787,0.09946574677499413,110.90155377532238,69.0,0.5955517464470015,0.020432916122562213
0.8276428929307001,0.09925931421188482,0.08672598772127749,34.064474544465455,69.0,0.22658239076301298,0.017291096339383995
0.6283972870139114,0.08606711475551927,0.060354285773310076,312.57846710006305,69.0,3.759162803676564,0.2376354743460626
0.6595029669321447,0.09428911409416929,0.08372490006412753,168.02921224203135,69.0,1.0059629005412436,0.050491757081908215
0.5522797972491036,0.041485337734361236,0.04903197009714508,249.83205401854084,200.0,8.300519012772533,0.17211668145935408
1.7035739473282685,0.043110696631386766,0.08745521862109652,124.84342576008204,200.0,3.870093141480569,0.42809131041765547
1.6606664121167531,0.05009218944200008,0.025686340220154653,114.86354689979109,69.0,34.62911555956623,35.9222576191041
1.081921006194421,0.029979391138097625,0.06245813873404481,408.60429665429564,69.0,22.68030278172286,4.106866316216833
1.2740799748995233,0.030597638622822877,0.09275041828448284,373.46953695535376,69.0,10.846346106546164,1.834089867663584
1.5901674460165969,0.09992174027811078,0.045889921309695145,198.0986354914627,69.0,8.982163942956358,4.781994050129838
1.199006718987041,0.045779621109451274,0.08141919442347387,404.4604112606609,69.0,9.587891046088341,1.6356831240845713
1.072500168503851,0.08638512639853954,0.09922144925306307,82.09037394732437,69.0,0.6211417883697883,0.06957281412923773
1.0983193736239782,0.026123031465740302,0.023953990364239185,218.33494633455408,200.0,95.98952307381772,16.113207406926254
0.8286210973567925,0.04216096988009398,0.09036588618903701,186.395065942149,69.0,2.6916713513820336,0.19760100250552712
0.7304677514777935,0.03619347065613484,0.023772126220434925,97.29280509804835,200.0,20.84811228696349,1.5598381944667052
0.8683552205144358,0.05213497932736298,0.03900874744668888,473.7827637349561,200.0,31.11535141389428,2.0048703317158942
1.6542061250064786,0.02908965632054073,0.0835871103074354,175.15813265424208,200.0,8.553699091040071,0.9334104336644045
1.4499745494759655,0.04731345956258619,0.08354219649962293,192.52220675742694,69.0,5.072195411330083,1.2333050114299875
1.6415787880646409,0.06584141145063813,0.07786487902788043,416.444894501389,200.0,10.27514987823294,1.1853558866429315
0.7769827361526929,0.034201359407139253,0.09147587269738121,303.4481688462013,69.0,4.943000444540942,0.31518567936482
1.683348774443703,0.025699665789591358,0.04702167786821242,399.949817070553,200.0,71.08977513897042,14.280255510289244
1.2148090733527503,0.020197632943237006,0.09355744029317974,204.8796840136077,69.0,8.446971626604908,1.287355249951297
0.6550981131957234,0.061917687669560045,0.03819391399309811,408.7651432440145,200.0,17.788052116633008,0.6662322780715092
0.6967321407084967,0.04928012844901346,0.060495195999063014,105.97979673547401,200.0,2.45655544360899,0.06570767768972369
0.6797429275509492,0.07724085562610392,0.03270972024108193,278.0501304254676,69.0,13.72202845969699,1.872796251667983
0.876526310246511,0.021460511902478274,0.08721157177856126,371.95537122816876,200.0,11.984467364945242,0.3519275628467218
0.5677447355007483,0.09353637637425634,0.04652897402558366,33.09045261700404,200.0,0.5566466245422927,0.012854082427457057
1.3041619856355464,0.05910622380964012,0.03447669742007296,212.72485511701214,69.0,23.692805831269833,11.293110098814488
1.7697699160029365,0.09616067491386979,0.09702870234563873,145.4052688909071,200.0,1.7054942257710044,0.18351112267272943
1.6199131556596467,0.05635812429983386,0.06464825595058958,467.6839501577359,69.0,19.298577221542963,7.568530996653798
0.9339917664399471,0.09079905128306305,0.051899852656267204,314.7349913974024,200.0,7.211502640197506,0.4040401119146609
1.0980583226453429,0.06173868790567878,0.05634371382451618,445.6648019110392,200.0,14.980857023866157,1.068613732420264
0.9238954226300589,0.038495023053489744,0.09867390782806465,238.2313085022049,69.0,3.523413886867914,0.29448733013128786
1.7161913898645873,0.08610616494304535,0.08045952508655478,302.66647045924486,200.0,5.591033636623333,0.6822205907007054
0.949409539569082,0.03468322013540639,0.051264883688066434,246.88912022481347,69.0,15.429342816493389,2.621164543687455
1.3168913884764428,0.09380050872333583,0.045620196056375587,104.85722067553074,69.0,4.24404579832586,1.558771583807321
0.7440724264665695,0.055037619063958945,0.021004167704322906,184.34617171495168,200.0,33.894559341444165,2.9780616364621224
0.5333220430555323,0.09179046891137611,0.049696761384084645,320.6479149310852,200.0,4.526009286996439,0.08634658512623426
1.7838489220673335,0.02925330539583127,0.07592477814177313,487.8763395337499,200.0,30.965426719413372,4.326019009345163
0.7298507057498942,0.07384911965646145,0.07548170189577147,234.84513930926454,69.0,2.444208041531823,0.16665724557119924
1.2955222891606053,0.052557151441015984,0.08912265056462203,289.36459868403335,200.0,5.388073734308371,0.3382314286350766
1.0840551520323376,0.061913261208986964,0.06592526830813972,406.1609820673064,200.0,9.817780905017976,0.58336844092708
1.7634022193567973,0.06143694107402223,0.058170053501517716,455.52543778811247,69.0,23.183913990784404,11.974288293086802
1.8939066814222323,0.034534662277672754,0.047608567690544064,354.5237170809438,200.0,51.467097362537885,12.925294803975076
1.9666796331043694,0.09666462010858648,0.0476264035582342,113.90859969871626,69.0,6.130251043802054,4.810136082502532
1.9115532897768521,0.08877792770779844,0.05441978406979538,51.403236529278615,200.0,2.242381453950092,0.5018850315135256
0.9163425005607818,0.0656915232931161,0.023317106886249918,376.39985894183485,69.0,57.94285264049671,20.160463800580327
1.6073984431184498,0.04122977624133206,0.06883805139113344,161.7490219614857,200.0,7.984511354601561,0.9989542677164576
0.6561672489991318,0.022527551192331574,0.09733338221188283,437.99880294733487,200.0,8.079809266958293,0.11913713143281267
1.2807276381736479,0.035445851353679884,0.09011898415987421,123.16615725394423,200.0,3.2877700638773404,0.199469940382943
1.8541145727146509,0.02275606698558186,0.06029904899327984,272.29527403658415,200.0,36.61084835373553,6.957467875773552
1.4716094219440023,0.02895419560553982,0.031746607489054335,280.5562154387697,200.0,84.89019978108205,19.302968320660693
1.4756070465935003,0.04634994589858908,0.02363578189251994,199.43322189740357,69.0,68.19150842423988,60.69618779559932
1.024570625284275,0.0387620324859098,0.024640184718636996,303.5635106969962,200.0,79.29544813239355,11.260737756865579
1.4565085403945817,0.09535095613407107,0.05126895848187596,172.01102263003776,200.0,5.997724618340165,0.8272501277308373
1.9575309009133848,0.023773553459690788,0.09383635534890351,325.384175968607,200.0,18.256601746323597,2.4851053753076426
1.8765350630804178,0.0572637953596007,0.05268159121706957,221.49965327828878,200.0,15.692173003628149,3.496361391742051
1.3314490070609208,0.07308990011426267,0.03879875374979272,410.8408027277005,69.0,29.830218703029946,13.168835965104492
0.5917083803016502,0.03245229088993514,0.08084610929177832,268.72084125310437,69.0,4.497764497354665,0.18819699224047812
1.6092132882604206,0.024674394972247812,0.020682312359634043,205.41093990180588,200.0,187.90733456944406,78.42429168419675
1.0816763615067762,0.0434045631377855,0.05030962197259222,348.85463428702434,69.0,20.608936847464754,4.630830259229112
1.1679803895476624,0.09290119975978617,0.04883067671217095,41.151038656431886,200.0,1.3018495406880883,0.12123217549051606
1.3948966047829565,0.08690073344326159,0.08410603322243436,199.4017340752994,69.0,2.7148413519641204,0.606821542187307
0.7813954441010272,0.0745933824209987,0.08303009682898393,105.0566694984091,200.0,0.957798967335199,0.023477903588481702
1.717583172264356,0.08226187110051107,0.09262632241274465,292.0041677759037,200.0,4.263739380108591,0.45265834124526416
0.9121043800460455,0.04963562193416401,0.02329118084470449,450.06136669574664,200.0,91.4726041762451,10.890990111703776
0.9150436758726395,0.08252617635333781,0.022796240750861056,457.70308714021803,200.0,58.59475227264337,7.1739423198802035
1.8685448456763791,0.02551615497431409,0.04356530340279263,54.910595610999955,69.0,12.712009632748314,9.843287535038579
1.3273758749373636,0.07578319500150686,0.0744477042114226,464.743022477815,69.0,8.81216292571135,2.0150169270705103
1.6610063539460764,0.07698327922090131,0.0550962809796372,321.0844665365301,200.0,13.69307111624797,2.2855983390453676
1.4139680430361603,0.04218288778362747,0.08589502190852873,474.341694557408,69.0,12.930337121872057,2.9079081970336658
0.8075577847542235,0.073795670556562,0.05986180627343911,247.63471491202108,200.0,4.537387469740358,0.16477146823463096
1.3544620323106829,0.06639227073162683,0.026543747414092485,476.03632342874766,200.0,82.70203264345591,19.053131469344212
1.7726086124762475,0.08477301531571053,0.09428575377374775,12.497771876858966,69.0,0.17637901495308048,0.05679187348831401
1.4901434080165044,0.08821119340331861,0.08219030816172196,74.29433538888556,200.0,1.114731062491085,0.1003885939436946
0.7741101998198242,0.02548241028429671,0.09356167787500076,217.4731760980682,69.0,4.528175289542436,0.280214405909172
0.6915599534941173,0.032033314918612166,0.020506582080610673,81.06778046025292,200.0,24.97128692732942,1.9412705328046995
1.8546529783995782,0.07429315454574047,0.09162893399782221,476.16047331799365,69.0,8.494800532164115,3.0810980870220672
1.0230410341399836,0.033202742215352264,0.048143426435171444,71.21577047522851,69.0,5.680316501862374,1.1931122256440598
0.6331362080068631,0.048582430307145597,0.06245082863834721,201.81209762563128,69.0,4.046131104113049,0.2509317973836569
1.8212546804341478,0.0817920004162647,0.06312985393121308,53.341889486040195,69.0,1.7881746243280021,0.9077706876882791
0.6921793031821972,0.05964362833076409,0.05708903108511283,203.45573871951223,200.0,4.3468074647796495,0.12160003387750473
1.6657673859388613,0.09657404052342579,0.032101356025881544,444.1613405275984,200.0,44.60660821781397,12.852371734318156
1.7659792466617663,0.09470139984090337,0.04794932748130702,150.54392028550257,69.0,7.3261975962672485,4.603911311807796
1.5533209205650076,0.06022774983270027,0.022682107203707256,435.6427254979288,200.0,131.0326345383548,46.46192533221936
0.7216226031631456,0.03552022421111986,0.07777972913299819,91.40293589126222,69.0,1.841674915275057,0.119131456815095
1.6306458878207895,0.025670512429374286,0.023516558511729402,360.2013908226661,200.0,248.24140767977116,93.56179037085401
0.6825434177350176,0.022192116166364934,0.04575209742312564,246.2656044077268,69.0,21.710236687319032,2.135864835666419
1.0412900299921146,0.031302624410313826,0.042842942890817595,202.02695157623722,69.0,21.968121965649097,5.371761307489335
1.7331960006529772,0.0868532484193067,0.07126681532971012,469.13666872385545,69.0,11.059552073955851,4.504070631899989
1.9227205372305434,0.022351756986977733,0.09789688243235456,83.51633435830993,200.0,4.4976892819002225,0.5661501976403591
1.2451858130937996,0.06781779053732731,0.04777654618825433,331.83788220359895,200.0,16.01541654715522,1.7324892996044459
1.1062333827759412,0.07009233003536881,0.07606558347465571,88.72469756958033,69.0,1.4520970360912724,0.225715097185429
1.996089295089912,0.08032774453260356,0.08349047430287113,94.93721155776662,69.0,2.030618124798948,0.936291134839466
1.9212316153046611,0.03808000541014105,0.09856562652672737,135.05122202976565,200.0,4.208056073777966,0.5252840648024093
1.6369349194551517,0.03751359126395189,0.0871341341501449,388.55732578345425,69.0,13.399002958047445,3.981132571006205
1.2686807772980688,0.08558157316772963,0.07403188993677079,190.62550794072774,69.0,3.0936179962832107,0.6498486459942068
1.1666459825530282,0.038321633843619585,0.07599642002550687,365.1133772655072,69.0,11.54749544776679,1.9981702803425005
1.9548090376359588,0.06901506133459515,0.09570678226595458,412.94938675094835,69.0,7.66166405794088,2.955620818843893
0.7843717656218936,0.09787922040977556,0.03093820643339553,196.4874750898862,69.0,9.870230778260657,1.8964252498853127
0.8614971400736244,0.0863535227622803,0.03655297078863143,37.05852543543027,200.0,1.6602282797843158,0.11236512861599904
1.0556181397725368,0.027327225086706024,0.05490906183476732,231.15779793140015,69.0,17.769821388338897,3.4842746270512506
1.896004288957084,0.09282952037068186,0.041458903903013,194.36663135542807,69.0,13.857680213423786,11.609432751900757
0.6648534034879441,0.06074560005410169,0.0869709119694921,395.42437158013786,69.0,3.433030842896805,0.16858352247759412
1.3068940357818184,0.02482426503440512,0.09353916566468923,302.4834399791209,200.0,10.920181250972982,0.6646543511400108
1.4226569036575467,0.06683589723158898,0.031817634551366214,226.5879796169641,69.0,28.58529851180042,17.568506517228347
1.585025845950653,0.072404702883045,0.04228041508130123,372.80777999383287,69.0,27.39222468932154,15.726077443748734
1.6776958419638177,0.06193382256665715,0.029375473812490657,458.2078342297617,69.0,86.3036856006901,79.89701772092222
0.6275601369584679,0.05610292504112285,0.06896467420341412,142.2118305656945,200.0,2.0067970030005484,0.03820024940534294
1.7779469361565414,0.0370232355640725,0.09003669966499649,153.0877885884141,69.0,5.441230076680587,1.845758014864032
0.9813709070978558,0.03692321506558913,0.08842191005823752,444.70045061385895,200.0,9.070530850989067,0.3293198554751986
1.5203350794778736,0.0519078620588701,0.05341261232656057,460.91091896368596,69.0,28.391398352416505,11.870834410069346
0.6915557823492786,0.06284583155746996,0.08630261415772639,480.9575114277077,200.0,4.263446328891353,0.07875352981496272
1.7597069887130365,0.09051415561642188,0.037263338464158094,484.6198663869603,69.0,40.71109614940164,32.68672450184459
1.2754001053744846,0.08240475977796889,0.07652162261137903,267.1013926171063,69.0,4.235973286057509,0.8700046810926311
1.3884956844669754,0.09393753244783833,0.08806595963084266,106.22058113193279,200.0,1.214644438847681,0.0886357467816066
1.8362208600562926,0.09999614681828994,0.057895469513595296,46.74437238877607,69.0,1.5365018031354882,0.8645656523690146
1.5585123510613543,0.07824994754782301,0.058760286729478375,453.45858771605333,200.0,15.694491966948126,2.1625322745314355
0.8516163195980773,0.04798608088170356,0.06330784303277348,323.53128434182366,69.0,8.59569885760975,0.9514178076596258
0.7657214415471327,0.08302226720668662,0.02682817896692856,413.8046445110801,69.0,31.815623658467747,6.71816262925495
0.9421394954340865,0.0741236276730779,0.02425309773737575,301.6508035539071,69.0,39.109282406016874,13.829379711349619
1.7471947664948089,0.06037746769725094,0.06776351982887459,355.4706256433782,69.0,13.440935037744579,5.850268736695424
1.6608479490470545,0.07139058885128682,0.055723906138554755,418.12351100180877,69.0,18.79583592293853,8.989581879838264
0.8670295228905365,0.021461455044402812,0.06314758434800476,34.66833322090811,69.0,2.1073926063430584,0.24239079996642585
0.7128925844849385,0.07600103671871435,0.04222165877994613,478.4655713081617,69.0,15.105529063778848,1.7567440602866349
1.9891252443381768,0.02923799465697247,0.09003344604245461,349.4198994612491,200.0,17.595665012279085,2.5775364507035885
1.7309170859177376,0.04816069669551411,0.0738140292736519,406.58612846243,69.0,16.091980093569692,6.31077583512833
1.4457525674304461,0.07255694007719603,0.04599254498699892,401.5964926138431,200.0,22.697670707628294,3.438432783894526
1.2970716503975284,0.05082228586061324,0.045524792611822615,357.38642504658355,69.0,26.40603065583109,9.42850274305205
0.9704001623234179,0.02744123627506509,0.057397324069649466,261.2775446109521,69.0,16.827408303559693,2.66739270029253
1.682980487391103,0.027717683610025547,0.05487838413817453,285.07543646973573,200.0,34.48502659767339,5.932888093821319
0.7234071525003269,0.048050409583776654,0.06661095328028392,119.43588532040297,69.0,2.4315348027209143,0.18456956477141268
0.7527243075878853,0.028671064746688426,0.05551273803800737,464.74452289241145,69.0,23.7559472968132,2.3426706502015513
0.6922379467354056,0.04249282957990545,0.047988643752222275,237.53998986834952,69.0,10.082094939286804,0.9727086139587927
1.4212167070542727,0.0364141947440164,0.09226981978398442,431.1086980782758,200.0,11.857913681417406,0.8652626670336337
1.3204555257041066,0.0926680562612261,0.05702997476305384,265.4934605319471,200.0,6.978987886250143,0.7112390070791391
1.636754858290745,0.0751569635597215,0.025280989946132017,404.69468151624864,200.0,82.73799806178829,29.225163882063345
1.8202952928341907,0.07398810439857503,0.02586819851306741,282.8136478964023,69.0,62.38773075429689,77.210496717719
0.5580150939785087,0.0688284312529194,0.052583237231487986,226.0861571953268,69.0,3.977485993225141,0.22756888555057406
1.4164344059632072,0.04414975288128451,0.021072901423104255,237.95384961091926,200.0,103.14863966912164,32.73488725548912
1.8578954918164987,0.04727932938268746,0.06913552316274225,181.94854667550607,200.0,8.975265558983603,1.4937136881259643
1.7361479442604124,0.06975315699369197,0.05122772183040049,275.5232698391429,200.0,15.679142641390703,3.075172445926876
0.752498041496217,0.07870880398190944,0.08986747427772207,382.9415767663576,69.0,2.719948995999763,0.16558790912742208
1.9210238731024913,0.08900858693827073,0.07622807565498636,484.93768069794027,200.0,10.8070739772041,1.7439636850326297
1.9993204730772365,0.0978545168181865,0.06723944227583158,172.6019929800321,69.0,4.680048867306663,2.688133059235029
1.0978041167254,0.09246985818223145,0.06956963843590386,108.50823195490077,69.0,1.596978643811965,0.26729369980765577
1.3982434646669382,0.09714505670937283,0.07674921862823876,189.30466796891068,200.0,2.775407388784551,0.23566610227833365
1.4973899090827842,0.09446814797402091,0.044844568046419675,110.12000495775054,200.0,5.207715892966336,0.8679325731777586
0.5157851795454553,0.02634430849316049,0.09276982638851289,58.0732200608728,69.0,0.792676030687696,0.02196273141031024
0.5874587061047389,0.0769411034903526,0.062166022656020975,315.8611256532537,200.0,3.7442099939847897,0.06928521195453637
1.9284073597228488,0.039002565438779516,0.06418303165215632,133.59576317420493,69.0,9.620753510187823,5.385748532183086
1.755773661273385,0.06253044341519204,0.03943566284451786,425.63077918726833,200.0,46.10871382833845,12.014609723112043
0.6359054549638046,0.08216691212245514,0.03576710328583227,270.43806402141877,69.0,9.816284012488756,1.0722797331903742
1.011088156922418,0.02577167308643432,0.05347418699992393,289.0887279314211,200.0,23.79799874787993,1.516537099473672
0.9279203320077323,0.03970449433310266,0.032363612078840004,339.3515098303172,69.0,45.43160542105974,11.678367257927865
1.5104160358151009,0.04446324297895114,0.03610398830834309,98.85328767854507,200.0,15.457080220482089,3.2556986683249356
1.6885033146684152,0.09475935909926786,0.07499975066495386,53.68241852771126,200.0,1.020336652529072,0.12929039086633862
1.423918867020352,0.02847934692260779,0.08886868099507247,300.945077339473,200.0,11.431316361425443,0.8693541746085767
1.2044232506791315,0.09763587834570914,0.08793192722392235,282.7013795526577,200.0,2.70617381657234,0.14881479233996744
1.6383099319316783,0.03165857409928503,0.05547413687708044,492.81923111309584,69.0,49.72359304630925,23.24468836069519
0.5519248007903214,0.020384519177383993,0.05675093405488353,124.38050773293224,200.0,6.273891236025973,0.11225418368249127
1.4781835392185494,0.03489613091208088,0.04385390499189691,282.1530119865896,69.0,37.288119574296424,17.950584105225506
1.5444064848016665,0.03174166271989655,0.09846735805544608,113.67310036220768,69.0,3.4226014358961234,0.8010265772637033
0.6156430476574553,0.08709209905615278,0.07662633045629981,212.03809681930431,69.0,1.5316492163027622,0.07319794589064087
1.447881069067153,0.09840556315108377,0.08045296696401318,226.10200761813962,69.0,3.0837898750842174,0.7763689236822388
1.9594653408310887,0.08620318340291412,0.05410936752671304,145.66585863885226,69.0,6.785445868538503,4.6520112353310425
0.6765795618454781,0.038178977920739356,0.09771461181864184,239.62510318513486,200.0,2.668450295546179,0.0416692900228547
1.4473530486211212,0.03223131400469756,0.08026618475231614,402.8651565769628,200.0,16.847760725240647,1.4656736202159149
0.8624571761673747,0.03912221827291608,0.04616960236285722,218.71725875760126,69.0,13.571757918620142,2.1125874755391862
1.1150395504802724,0.02759633837659841,0.08257440254863756,330.04885037310436,200.0,11.734846284442863,0.5889673968748871
1.079097983231522,0.03285549912335385,0.06597082301159761,205.51020300090883,200.0,9.305369998094816,0.5474976394502087
0.9748849091182158,0.03628517463103466,0.03989447920659446,306.08170469906116,69.0,31.001817253119494,7.135767602088977
0.8722643361648175,0.05877459720050192,0.03136873145150465,466.0477710963078,69.0,42.17413926494933,9.883372269200065
1.8753121595663633,0.03381827333673751,0.08616150559945576,393.2877572435357,69.0,17.626141764511104,6.9510557048634904
1.9489925103983363,0.04423158414487839,0.035887111975990274,489.5409085239094,69.0,100.49417673179705,102.77379123355902
1.7892213748395487,0.07374580586169777,0.050656268826955037,483.2330765775545,200.0,27.413738138107973,5.774866686548508
0.7939721553901828,0.03946324143132636,0.08718053570692147,85.49271526447433,200.0,1.3578563005915028,0.032728309064751666
1.2804148195456382,0.03314426285387908,0.09461837664949137,288.53149652340977,69.0,7.4702617771432225,1.2506084607383083
0.5332294947152383,0.03609298179281842,0.06031048946907079,490.1227201377986,200.0,11.944329638588343,0.18770506859863856
0.917503686018899,0.04240383447472816,0.09063064813678343,272.02954157075203,69.0,4.299518633981717,0.3858513599298082
1.4177253015773288,0.04997985419657721,0.09399844836943996,88.49649086182141,69.0,1.704641417059993,0.35217310126468643
0.9198978044497425,0.0651723358886278,0.05118944249320864,419.63371598682846,69.0,13.562417865696883,2.166184960596964
1.6708801133463145,0.049326004035903176,0.09303799064541439,229.76553477262829,69.0,5.394917976101439,1.5641368730798946
0.636301958200717,0.056986471327663824,0.0803665614192953,160.23800815489827,200.0,1.6621013734765735,0.027911770547678207
1.2581132716571668,0.09993283080221302,0.06014047627071911,412.09467301529685,200.0,8.606490201306874,0.7550530186749979
0.7780651771685982,0.0675801075129767,0.06855936154504716,273.9863321514218,200.0,4.026648497804298,0.11851891250579415
1.5998859602427367,0.033758416368257285,0.08029424742020692,366.5170630501049,69.0,16.16529171968598,4.978939156687993
1.4009769524492266,0.02220527219458755,0.08001789460540726,86.0510891050992,200.0,5.087545084225733,0.4159698727818451
1.3952444772660733,0.046886020823867794,0.022031288517816012,448.653168271887,69.0,165.03996751261002,140.89951753525244
1.8974270632865622,0.0332877232641291,0.07244718668129414,493.1081019972827,200.0,32.13152486838708,5.322537595586897
1.7107121959804226,0.07872702292989261,0.04197461300421601,259.11460846297746,69.0,19.174447995635894,12.916644971779581
1.3968443343218406,0.02104988982380034,0.09157292944405475,385.5232913119815,69.0,18.304835893906592,3.7683775126875956
1.7736937570797184,0.09126655839030705,0.030889626930304486,159.814965723958,200.0,19.53036382409572,6.630307807198883
1.4866511951142956,0.06176303171086241,0.056372434309771735,176.15621662705033,69.0,8.005641255237006,3.032544304355097
1.3489525460717728,0.0916880353973943,0.059354494283284445,188.0111503653799,200.0,4.710984160332065,0.4814266467651577
0.6048320350750696,0.07228486749324163,0.027534216463922095,24.05734886941986,200.0,1.5930924089914127,0.07055317499188002
1.8095717331330639,0.0657237571017691,0.09499557296735595,265.3661741126423,69.0,4.857843305244938,1.6178989494132086
1.9442624322081876,0.05737858700167153,0.07550596157131015,97.61632286014324,200.0,3.4810979584120556,0.5809296145235122
0.9726614952514053,0.07258470879686243,0.06535983848931853,383.93079647063564,200.0,7.22601476317978,0.3486503191303121
1.141696101049122,0.06798704122698078,0.09201757840836346,326.75298371792803,200.0,3.888244704808176,0.18359572750774553
0.5267719954054486,0.07465517247451416,0.0782688005304264,495.88107052295317,69.0,3.4270007492958774,0.11738984484302213
1.802839887273589,0.09931716099852841,0.08076888195675518,64.18758179820993,200.0,1.0716352330720984,0.14374606808971588
1.9383848133781163,0.053318781759577466,0.06316060665558941,331.96584397309636,69.0,18.151471866124346,10.432903767593471
0.5194707932534701,0.07043961580180501,0.06464721659602404,241.42132855744055,200.0,2.556061978804808,0.03556497962243885
0.986311726426427,0.05591439193915346,0.0696241662844488,114.24973803955464,200.0,2.494462836502224,0.116178072985444
1.3432713433926855,0.07197976199722092,0.035405124379217154,143.5811381125501,69.0,12.825365086867215,6.31525311996876
1.6021727016827265,0.054764183821887705,0.023662752101181184,36.60482771608545,200.0,11.475505301241743,4.149578309944058
0.7051383161250924,0.042280405966756245,0.03791433010863067,135.48081109065606,69.0,9.430993159839677,1.194984635695219
1.83493005152955,0.09357870793125612,0.04284021904838016,435.23910695831324,69.0,27.900903322551336,21.186794707323905
0.9041731947586542,0.07961599686650414,0.037080048572214946,93.72217050279855,69.0,4.644770818406551,0.9894341624281059
1.0892902630799128,0.07646296896398129,0.07601508813759136,91.70077181477768,69.0,1.3564915696602835,0.20458047801999849
1.9226275754085762,0.09468384705305488,0.026413890491321892,45.71716734824634,200.0,7.983348528339092,3.724103958087487
1.7978018519426793,0.08215946509589654,0.0867957434648163,333.69182874631747,69.0,5.815461537316985,2.092324581262783
1.4056198907996,0.07776933302260189,0.03186308645485119,133.3260584648005,69.0,14.241316114587233,8.532135093547879
1.49116227725148,0.09812626447538696,0.04341744144070131,28.548212540203,200.0,1.380833642919868,0.23572502742975043
1.4081195543504876,0.07718216736498576,0.03917844899321191,312.40362993491897,69.0,22.278985118152047,10.893987524568054
1.8101394956433947,0.06537015071850616,0.05437975660079246,190.08873118346972,200.0,10.679862505892952,2.145019458595214
1.0023240095332069,0.03574336651298114,0.08337865299903122,22.462929537704873,69.0,0.5436514802290224,0.0632909504161554
0.7051528752381082,0.02175728039338711,0.047927819014338804,83.28518650337152,69.0,7.050539535130951,0.7067419947415495
0.5362678670828025,0.09610637686377065,0.057436503981614775,399.86701626598375,69.0,4.058078158415659,0.1963159608232032
1.8085463702411952,0.06964936036326018,0.03061783492266807,389.5827302385496,200.0,64.74623344650277,23.055687315702635
1.9308801797523378,0.06351033296113243,0.03516847164495901,35.0445879300412,200.0,5.168638436435333,1.8264679348705646
1.5235757267067056,0.07252236633093126,0.05661926438627554,215.70581528310137,200.0,8.481579505385158,1.159095847799296
1.2819856654843211,0.0382829749413901,0.04790681516934242,203.0811351630095,69.0,17.778852325934505,5.8929453164731225
1.8701708871363008,0.06251508249874849,0.07649980793422023,165.67203286708497,200.0,5.081316486549217,0.7743855316060595
1.9972849856261152,0.02395821782680767,0.03848054543926943,400.00597536706874,69.0,135.12036784116265,135.33786600744398
1.3246807498314968,0.08246155108099097,0.06431146037950386,249.07053155382232,69.0,5.804389936411373,1.5302074409980797
0.5318197957577385,0.07388718585928354,0.09357889326355998,302.1327097272601,200.0,1.490007861983601,0.015011303251331074
1.5452190721342531,0.04979900156942842,0.05835433893435804,278.8536398417855,69.0,15.24581639457604,6.027223576168057
0.8256301950776346,0.05287258444909751,0.09001933017459811,205.84062783017967,69.0,2.379938980053034,0.17412488020854955
1.9774402322480593,0.08856020226776318,0.0953736813086292,182.93141685088366,200.0,2.6943078857830707,0.3682172694261405
1.4348912160666774,0.09892117612847623,0.04365535943116788,135.03018115504528,200.0,6.166470665035872,0.9694285390915863
1.4350727777097292,0.05344839114535918,0.07778472934688507,333.1771269256156,69.0,8.871090884991702,2.2692909777759525
1.290051552892286,0.08705682902296746,0.0635656266260461,45.30848931212501,200.0,0.9969890509126377,0.0870083500747432
1.301929227889125,0.03404636335007172,0.06695379606667339,135.52061645836216,69.0,6.9362199408453975,1.6966101254156214
0.5938690665799635,0.09424493590972369,0.0856390895997587,139.348028195038,69.0,0.7183575745238701,0.028583123944611783
1.5996716945852878,0.0764616304237766,0.04975999800582058,421.46427031933405,69.0,21.366756995556933,10.61645754158863
1.4846654515758142,0.058151454058289295,0.05269084829027146,38.98066727829345,69.0,2.1507907622957654,0.8693203121736774
1.9823695017381893,0.04173219655103428,0.09022590589390854,447.6794157646654,200.0,15.673617263171776,2.275547716046287
1.5308164715068453,0.035621410404843026,0.03921361382564057,359.7090690836665,200.0,60.31716463357187,12.015145905012888
1.4649519260652224,0.04421481774354759,0.09912777940975946,441.8930102156752,200.0,8.939910300476372,0.6451538231399296
0.9472503898969349,0.08291731994676643,0.06688414504218841,454.59866479965467,200.0,6.9655045866467065,0.31148542731656487
1.1098153860853113,0.05848537037336539,0.021220409873018403,305.6548577298736,200.0,77.28202860508729,14.952195733239465
1.1692106274176923,0.027383821331855716,0.062344392213686664,221.2532392290846,69.0,14.582930258239072,3.089531033616552
1.3494308267896176,0.040002849017002545,0.02345325196715655,148.3667922591645,200.0,54.59357353467436,14.129228639380454
1.299963405623946,0.08265865048780927,0.09858971008163357,131.36495625494078,69.0,1.2752942844532695,0.21120331373432044
1.022920013638085,0.08693731966243605,0.051188133823930386,165.09358887850797,69.0,4.44813843436626,0.8785207018747427
1.3158075340731643,0.07048320583845458,0.035136833708462864,49.845309403270704,200.0,4.522275533600762,0.7427760279940002
1.148404901756289,0.08833863168407073,0.07111968911393861,352.2727315554339,200.0,5.432440118622592,0.33579476297926325
1.504124786109125,0.06778248717271156,0.055568250602359634,88.3097089664433,200.0,3.8077867838584702,0.516764151804244
1.7750227870939184,0.05548295174278041,0.043374282174046416,344.6938553542568,200.0,35.16936815020276,8.515671037442209
1.5949280665736625,0.09095891325859212,0.044047209882187785,372.11590355889984,200.0,20.17848293581972,3.8844635853095824
1.4609294418922534,0.04125876623354173,0.05969640807572078,28.02615973262469,69.0,1.6708268538054662,0.5771668502556194
1.19015638574644,0.04773421634187356,0.021157623439294095,444.9097913496525,69.0,148.68381001004818,96.17551277059506
1.635691889093187,0.09575656203920942,0.05823200381316804,351.12966634173677,69.0,10.61275795942193,4.71117433340616
1.1056294616197841,0.0703329735826062,0.0781867300193779,201.84508472428323,69.0,3.1142534323372044,0.4704351429702646
1.9186550678442729,0.05553388174413337,0.04760600883004378,345.58373917885734,69.0,31.609663897533615,23.61628415460549
0.7841012825354114,0.051863784833642776,0.05950675158766672,160.70125694617505,200.0,4.116669435504639,0.14177603469100378
1.8810491734857695,0.08129934509797802,0.04088201267934975,242.42278011598393,69.0,20.13600184290047,16.838403856806668
1.7847108912165972,0.054250834405319734,0.04311575146860218,300.43061377036105,200.0,31.89958017310047,7.85531311258336
1.2099334581050347,0.06812155165808856,0.027512336268589073,175.202496637224,69.0,24.66684209420442,12.681443923689347
1.0139118659721285,0.05191250558405465,0.09597460702016636,227.214588007639,69.0,2.89069979355852,0.29916219464098026
0.9529815420969512,0.099237597621501,0.09613302440808474,498.7593322879664,69.0,3.10960567840818,0.2838319907452066
1.3377850729534322,0.09503757444926311,0.0743608378845353,442.7812939854967,69.0,6.763055761571171,1.5726462195277477
1.457930062940831,0.08967535883431925,0.07722199068290936,329.7938560708956,200.0,5.394800551460668,0.4949787199174403
0.6198124256473223,0.029017613975756387,0.05488485200682676,40.85940934271203,69.0,1.7383487881800368,0.11756136739072216
1.2903760644972389,0.03127649281147412,0.06553368079770289,120.3724955921875,200.0,6.93821323584071,0.5876170982008646
0.7492459111831415,0.023359058752978994,0.06351496029734578,331.84771732042714,200.0,15.830953222897914,0.4664000014782721
1.0094051903209817,0.04007389350176385,0.036853217611571204,345.03608282252395,69.0,38.394492873817775,10.256147104637984
1.8040123474101302,0.07693417447808013,0.07329907951540304,87.19846753648253,200.0,2.2834066886618034,0.33794226048908516
1.5217803460713135,0.05639803561174053,0.0714971048542467,300.6264730217424,69.0,9.5211531978644,2.979646127042293
1.775950487732756,0.06928864195527842,0.05627775922301789,96.59679353415778,200.0,4.690392332676784,0.8762193244208929
1.5134441055510024,0.09711899205640527,0.05418479312045782,104.97542736167524,69.0,3.343076251375585,1.365404360803756
1.1319848532298056,0.06218150316106966,0.04244089716915836,283.4946619413016,69.0,17.191209130062525,5.014905448150913
1.0466438513612524,0.07545477185605194,0.0863521416254379,259.12026121156293,69.0,2.892135346949462,0.35448919602886975
1.0555126765032092,0.08918575967200934,0.09140219078204287,472.48722884294557,69.0,4.016021706852585,0.4729617326613724
1.935669816929885,0.02418673073601542,0.040618150069020406,301.09687672637665,69.0,87.63373656306992,78.10402158771063
1.1695411748178874,0.0883353445860801,0.06849468830096768,396.82270856509535,200.0,6.7191600923915304,0.44726804664307
0.5036903328689115,0.07623845241180009,0.06389308399513247,472.08364480442765,200.0,4.584078504799659,0.06067421581973861
1.9287454810304405,0.023355252249237336,0.02708585940894153,104.33266298673904,200.0,70.46552018935681,32.259871324350115
0.7491142981655532,0.09555096086131365,0.08762160855452009,255.17173136395263,200.0,1.563415434511524,0.033376292406922914
1.5758992295828458,0.03799567241937343,0.024755209873130575,235.42895433526172,200.0,95.60315118531675,31.969896216385656
1.2054072623534164,0.04078425837792987,0.033571292864354584,251.28877430096694,200.0,39.5393421402547,5.704370498485856
0.5596866579952657,0.09257727648996264,0.052067032434352,299.11066567714164,200.0,4.002193223121763,0.08026087316206272
1.54176466779098,0.08924088266295833,0.07434395523631732,167.56890508829335,200.0,3.1427337445529107,0.33494758361089766
0.701177710530155,0.06659854902065425,0.03656428427026573,108.65819968165862,69.0,5.134083606810734,0.6669936729587174
1.5356767936387967,0.02219527665993164,0.040214939215663895,19.36808403926799,200.0,4.971670487273648,0.9718367287007684
1.5356034834674674,0.03180320381642047,0.02541978280866748,148.2758448867904,200.0,66.47926401815509,20.556600214646956
1.9904966625043008,0.0872416562476997,0.09276506838057959,291.91582983293233,200.0,4.643842805555052,0.6611419191487269
0.9350918987410267,0.09731302308532919,0.0976573035871598,373.4156882890722,200.0,2.257447623767312,0.06737523425554062
0.9273167865181566,0.0685803670728984,0.05115475656243504,13.540218800292424,200.0,0.419791078275104,0.02352242922654103
1.4075337720330525,0.04852533888501969,0.07806606126473015,406.1595384403533,200.0,11.59881490721492,0.9811778675985151
1.6387532582313367,0.0732170307225465,0.03450060628505803,425.262093162177,69.0,47.979522841330116,36.08410883685195
1.5540134895213171,0.06916533791599362,0.09905160992361904,257.93386880630464,69.0,3.5440743688503034,0.8348539508649107
1.7812875785807547,0.032504655840106075,0.03551009918561778,105.9818123116838,200.0,27.63549759930898,8.23118243866806
1.4268768838271078,0.05496171014414239,0.03382004721946123,92.00990480354749,69.0,12.5303637146515,7.288230885592837
0.5268801493021305,0.08539553312440283,0.04381561960294979,76.66095845873558,69.0,1.4782376603759457,0.0904895915658898
0.5554938277643249,0.0893707826253855,0.0671689739097701,199.19029381468627,69.0,1.6465149233379583,0.0730827840264099
1.8727196332278107,0.08071428984934213,0.05081449525621018,135.2333901844935,69.0,7.29091923440787,4.861830890065385
0.7803917997365699,0.027549204077337536,0.06252742655291547,147.85858251703883,69.0,6.427769881526168,0.6048877790514814
1.721312536931168,0.04050261290570403,0.06895262036170664,342.97802715722327,69.0,18.3946991307403,7.6369689999572214
1.9861037072251366,0.028943135574988954,0.08788734247092374,390.1737208512751,69.0,20.797586713927423,9.018828021788336
1.6113953864296868,0.07471815031129656,0.09079979889277247,148.65767082831297,200.0,2.333161518314794,0.2224041543333508
0.72630423055066,0.09212506708760772,0.021537238616533793,452.8959257322594,200.0,46.1860032070807,3.7708239308177243
0.950378353587352,0.08051102796676467,0.04744565373999236,274.51937240686414,69.0,8.637191365039197,1.5886522019727236
1.8647920929154682,0.07382826449793822,0.053228180216354865,409.30766658166704,200.0,21.894027136785414,4.76786134090749
1.0565246926966905,0.06044445496605462,0.061978299572901505,297.2404996524945,200.0,8.115272458434882,0.4871935129917974
1.1879240638644455,0.07605469829691971,0.0943904026930115,47.14186197100053,69.0,0.49586669137924905,0.07162656230506874
0.6626146299184591,0.03559669196608674,0.07206380141730775,291.6540357422339,69.0,6.272436671783182,0.36923325484136466
1.2221755588137069,0.037887720585907426,0.09573578780095852,405.7478790000951,69.0,8.568286789819087,1.2916549659259087
1.7201512160215668,0.030294445141218936,0.04375444555676599,333.22605279078346,69.0,59.29928452446151,38.745402088961384
0.8354555554604584,0.08595124830197069,0.06699764218044846,255.46917834628943,69.0,3.31926469239165,0.3341094196348645
1.4774504443506224,0.04884987123596887,0.06910667155229012,103.5067875580439,200.0,3.933051451214379,0.41410859339392453
0.622266432870695,0.03202391707474431,0.0895833350988783,52.99246617037957,200.0,0.7698619402855023,0.01109218532611726
1.1649302565632222,0.0679977225613026,0.0513785511506569,36.426131667591875,69.0,1.418424274767462,0.36197935569343154
1.3498049722163579,0.029293519954601246,0.07350640686901726,272.81092252228507,200.0,13.959249817976985,1.1533408589966494
1.3125478825447134,0.09856380276339484,0.020278897285816316,284.9512099650058,200.0,55.36442445591104,15.6781751076428
1.8350067001965837,0.057649652964430795,0.058345511782921605,60.26709124778644,69.0,3.3810962275051923,1.885319833841502
0.5525758267345638,0.06729474848790228,0.07445464739613711,69.60819744553586,69.0,0.6186410343357744,0.024512653514291927
0.9601819203449546,0.05659426942948695,0.07582052758805967,224.3964330868967,200.0,3.973513214476533,0.16105479273485918
1.6972536959048454,0.05281647805250392,0.09813558058104146,308.5629947546471,200.0,6.177594877620455,0.6044567050181471
0.9814093980370019,0.08978718529635268,0.07008491193743294,216.2634775931227,69.0,2.887494887757798,0.38340411274595315
1.986716741225236,0.057304999068701984,0.07510387182726469,116.67752219395281,200.0,4.302860201237574,0.753781644348285
1.6641671644645184,0.038713821639609916,0.09728965632156682,193.0881749189409,69.0,5.261438439244567,1.4470761034892412
1.6217217872816876,0.0875701390403909,0.04136691747035945,15.721466954835051,200.0,1.0208414833508848,0.21633988674377133
1.839300368202687,0.09541038441084775,0.04252089076994957,269.2511426011284,69.0,17.225074523233427,13.241089507612271
1.404276186739686,0.041420666566944236,0.05879292969765944,212.76500099832722,200.0,12.520932779209552,1.3998947662568866
0.9357111478036131,0.03638618640594243,0.037459485337724,328.39939292395104,200.0,36.11064510554013,2.813427921371203
0.713301207086227,0.04883117147064245,0.04825534360201793,367.2016141767591,200.0,13.821043155336948,0.4857581253762842
0.694971414207184,0.09808461520206573,0.04323058031239418,67.05705569071162,200.0,1.525385624124105,0.05680691591911392
1.3330219548732554,0.09702089355884666,0.02464769620517375,57.64148872659808,69.0,7.8217837827901775,5.448334070559354
1.0065148682289151,0.031868998716741606,0.03369174745728328,346.5139033481588,69.0,57.84643746975947,16.80556509852135
1.2658299519952787,0.04848231015183399,0.06678634632226438,437.2770640372206,200.0,15.35764557315624,1.2281924862278757
0.7961710327962374,0.08769743165638241,0.021897223603263044,426.9763646362051,69.0,48.50611333398815,13.566874864347064
1.6074258760656979,0.06821645194846336,0.07053646091028576,234.4237817215824,200.0,6.66142917506261,0.8133817146185506
1.8500221872925862,0.02338221784907087,0.04437647348382062,333.16124780335514,69.0,80.314025001353,59.8483427352138
1.01059600505385,0.06882145561439373,0.06703906001042269,430.5264069795942,69.0,8.440126111268583,1.2423267141170125
0.7958356753751568,0.05224139749902264,0.04160836110589104,343.81409887376725,69.0,18.151910018032286,2.6696121950676335
1.4357933193757504,0.07838778591422141,0.06846210833134973,318.4831427377515,200.0,7.4675938990144495,0.7495369111554223
1.7019100551991198,0.0680739240697366,0.059531158920322874,448.0662315861505,69.0,18.96533894838652,8.915570327580381
1.0895065275203015,0.020726674394832445,0.05974720764077317,172.89094180284857,200.0,15.275255265369518,1.0116010747656685
1.1508783128212658,0.03685901435744948,0.04973077574151144,131.85026723180926,69.0,9.987745923139624,2.5701632821000686
0.5404141909297067,0.07896504586037938,0.071512567450318,185.1958739284933,200.0,1.486995550646689,0.02024228492172184
0.7172589935077359,0.04615438602694699,0.029774914786133568,292.7172828739037,200.0,30.7865898182792,1.7731350242872812
1.298704950486443,0.022719299058629225,0.047646841559120676,75.09405027712567,69.0,11.344989881005857,3.8801689668892827
0.8638743819243477,0.06727304322435802,0.09595111788307495,309.6824645044572,200.0,2.591655717247286,0.06719039667475753
1.8024841474654896,0.08341702961233007,0.03951680245750842,275.075558275795,69.0,22.837911956007208,18.141665552618772
1.6465711786339168,0.08264057753104495,0.09686704069812713,364.9143297211484,200.0,4.649189728534772,0.43375151166686604
0.8319621573931377,0.06773710280349507,0.05421213566646832,431.3387639047427,200.0,10.815675826318206,0.4603021840336557
1.6375840192565416,0.09141204707927478,0.08943839963203742,115.48902306393255,69.0,1.5518297583278098,0.4495591997256558
1.5655173009456753,0.09851342100771704,0.04767703190059697,425.7776734927217,200.0,17.859865498471606,3.060296187780472
1.1929693064491036,0.041902445296015174,0.03964363841917228,126.30348306916044,69.0,13.72806943369615,4.761613610061755
0.8212431894313639,0.07880130824585493,0.08916661888353702,11.89452418555667,200.0,0.09354747714675049,0.002358588018259874
1.0180275241799126,0.07348405694912283,0.06397138275827648,183.48119524510773,69.0,3.726814096826349,0.5833519873061996
0.7227198364071393,0.06736672330566192,0.04924798048992353,201.57015877540343,200.0,5.349647755138325,0.18912783716410722
1.377003896146436,0.08712222906805761,0.08074088972198654,349.29797476176816,200.0,5.081201842660449,0.39776081748273473
1.695445854225091,0.029475056195726747,0.030372508218080112,496.52700181098,69.0,185.76422832464215,169.86696572079975
1.4473427736573181,0.02289694005166078,0.02310430598919276,138.91485146551764,69.0,98.69792539522649,86.46045979579321
0.5773134845251657,0.07824642362636373,0.055072004846890746,464.5825750223547,69.0,6.781091405364861,0.39650782732091755
0.6099179187123587,0.02831553555231988,0.08963429312554261,175.41544090279558,69.0,2.821741896057693,0.11314764625859806
1.6322731492344333,0.06311292080307111,0.03618940375974859,405.9881631343801,200.0,48.103460863111536,11.804818491812684
0.780589444440838,0.034692129622878785,0.039013238094270444,50.750075050285844,200.0,4.501483438075855,0.23435150782749178
1.7513607327001273,0.042753361531008255,0.09280281847545421,138.2737455726673,200.0,3.946153603191466,0.43475319414334807
1.770839744883793,0.09843523108734606,0.051752215067007945,86.11145016251682,200.0,3.470427396556871,0.7009568545392988
1.369386512550212,0.09132181943861362,0.03919364080795765,305.0132399626204,200.0,17.864473288081594,2.8490852564155236
1.9786501533159455,0.059182870738544766,0.09565997091148162,177.56494326444806,69.0,3.892431460555508,1.5391764359557112
1.0193254346791467,0.08379443965010427,0.03148099613195462,497.9695570887458,69.0,36.67370369163305,11.694769813888195
1.4797427962932237,0.02367376908721977,0.03144224957639079,471.6281358244291,69.0,178.91327359620232,120.3818658918327
0.8924972275129398,0.02993834276960378,0.0796915784659172,417.6463919827767,200.0,11.762895679768697,0.3919171903735386
1.3063355151998595,0.06651196227869702,0.051663977293895796,205.44350986803605,69.0,9.070327663582843,2.894704643515376
1.8743382835664844,0.047576655238946684,0.09567799064910662,486.8040645551227,200.0,12.570004206766082,1.5385020307876245
1.7297081719233196,0.07481230201362479,0.06549452347506005,429.7380850254423,69.0,13.897764240902179,6.134021277594884
1.8816755952680047,0.09908706892876157,0.04906216175978014,96.89294012377901,69.0,4.586461952717473,3.1980133318404387
1.8702879103360455,0.04110134734079661,0.07963017757119056,161.80708062876963,69.0,6.967000026354847,2.956954972746195
1.055285089706965,0.0810652360682557,0.06631040799261145,409.58582881323764,69.0,7.2755850635156465,1.180552966395743
1.9413311125988049,0.07661914920318738,0.08456351837455786,244.27978853435155,69.0,5.193199268542816,2.2362009259796243
1.1741597427379749,0.044031189677690805,0.06985123633836783,425.625590009241,69.0,13.957175943197761,2.6615674596788343
0.7107314232374664,0.0340238394709885,0.0543910381652785,327.1459974208437,200.0,13.859908443467143,0.42906470681065023
0.6261868694774935,0.07135774313199128,0.09347150587041309,104.79621922492058,200.0,0.6315405441042115,0.008830975015847347
0.720926979808235,0.09910842302907652,0.08774657470354535,81.25820070677698,200.0,0.4606157886691095,0.009094314122581326
0.6089784229410644,0.05446053119261525,0.05752711789537565,330.5671105072772,69.0,6.701710931983831,0.41742315414411707
1.0570236466591485,0.03360279871545199,0.034097621813621554,215.76481340134146,200.0,35.02619375989208,3.825753705175659
1.839430255861802,0.09372643067796203,0.09558960723760455,484.26502947312366,69.0,6.240713589305411,2.1342725366548287
1.0013870394873703,0.03240732074800974,0.020451083340538096,355.8997348127486,69.0,157.76298556629413,74.73987730172222
1.332355232397308,0.020261820600016016,0.08751351222692129,468.861341906231,69.0,24.153886138875674,4.733818631022904
1.0233458570171678,0.05347828293945528,0.050728639591600865,400.9280749524393,69.0,17.887772733639824,3.56785810660901
1.256909895082452,0.03454073834142181,0.030380020044797507,458.05952855983213,69.0,108.36014773418637,54.44393077293312
1.7952155438182036,0.04876884571710717,0.0756036201003417,39.57094837738556,200.0,1.5290322665591929,0.21726311614239358
1.1341169298071487,0.060732054607926494,0.058801833686892166,62.794325620649964,69.0,2.03483768413267,0.4300453140705451
1.2265157819798986,0.025520945937364328,0.03089750710282579,468.6454470838584,200.0,141.55497725904104,22.97347702537177
1.2421245224411064,0.07366380579680576,0.07514861847609293,409.34667720952774,200.0,7.333503457339324,0.5018795698325766
0.8255431998322322,0.09473187021951816,0.09247805640054473,190.98969693981985,69.0,1.1676898245124525,0.08314345375271022
0.6722574484339108,0.09105683386127371,0.03904447372594765,497.63092421735564,69.0,14.45980851387633,1.6170887812504624
0.6259551888381778,0.09592554791189242,0.05766792221946361,381.14941335144755,69.0,4.487318060430265,0.29457689980603147
1.9613818778679755,0.06514936768445934,0.09383939651296638,175.9258422963705,200.0,3.608796812367437,0.49315141806303836
1.3269605927743342,0.08669904433145788,0.07756110177983547,185.5556178623745,200.0,2.832573147372175,0.2143541818461963
0.791460763140235,0.07221873362062871,0.07083913287959791,202.02222959748872,200.0,2.6471799091833326,0.07802750960880911
1.335500006651617,0.04595311133230436,0.03638701851998881,392.9407590304764,69.0,51.75047729438412,24.508420725725475
1.5439372995539555,0.09727763040011964,0.07423485980057726,422.43327045447626,69.0,7.2997881568968745,2.264755552540339
1.6352761807166216,0.03966102460550082,0.0408439558659404,238.69533727777772,200.0,35.3970256607863,7.725025817276535
1.99028673748618,0.061227488279549214,0.06575701732120785,402.52085988497316,200.0,18.156186527388392,3.645797756940713
0.8669285542024066,0.051877854573522536,0.03557973789118931,11.656795771823163,200.0,0.9232647390688228,0.06500830845260246
1.5068594241616076,0.09775522815376306,0.09733615353798612,245.41015398120854,200.0,2.395676446533327,0.18628513696535157
1.8223224868404277,0.08033473815527979,0.049293986910383114,333.379867879877,69.0,18.673450787665004,12.154602341687982
1.4540986299685135,0.024946534435226334,0.06173238656465506,333.36515129036377,69.0,30.593485435606844,10.124259575888393
1.990916884023223,0.047233108271372705,0.08659072765735822,267.9095427355233,200.0,9.036562539866699,1.3788495254118471
1.3617600152222507,0.05799015295137236,0.07667225480309138,163.99102123435105,200.0,3.930440027064598,0.3168712521087004
1.5161122354266678,0.06333300357962751,0.08309556003931835,226.2575065279886,200.0,4.706519650673815,0.43397379670643293
1.0676379510975278,0.038024368451232984,0.026945993551697755,211.11352364111377,69.0,48.98249416873387,20.01955181141237
1.9685603250722716,0.05443640594057862,0.06498004995443668,409.24032430603654,69.0,21.029496404890175,12.117302167798323
1.2922460895994472,0.02343366765367012,0.05335211201787435,457.0881307574212,69.0,53.13160341432571,16.06761472665664
1.975125342784763,0.07123228586929581,0.04274449586554675,344.89455581518314,200.0,31.40472328111524,9.553947267758264
1.374856605209402,0.03664565115726776,0.06070092963470673,295.37684342013716,69.0,18.04562682547575,5.429390628310539
1.9427500966579474,0.04940014252135911,0.09768510317589524,473.08932070051196,69.0,11.698399629926886,4.367084973571188
1.361489805044189,0.05323428619146611,0.03784356067771193,128.38374529211382,200.0,13.756256518794567,2.2460313101746396
1.5554937298329996,0.030006957874538536,0.03099485787607513,130.99378157374173,200.0,42.41006398966042,11.035564498159731
1.412381183209,0.08188348228743497,0.0736791983866539,487.436271972582,69.0,9.292550473937915,2.430824095342334
1.8696651407534404,0.08062909393009103,0.078188072007427,408.42363674496187,200.0,9.295080629691638,1.385220991241132
1.291415800291831,0.07343283392069488,0.024134900386929958,498.8187275260884,69.0,90.36053341902094,60.32885972469358
1.029924263908906,0.05753101544854483,0.06450227077235943,258.7470496175235,200.0,6.680052856973659,0.36617966220332326
1.3296048815733619,0.0926522939556426,0.0706686245403476,158.97186921859497,200.0,2.740846278947837,0.2285504008627764
1.9889065178222345,0.0992550529483617,0.08185638918802868,459.9582465039705,200.0,8.253273534572733,1.3294779626715483
1.3633233047553306,0.09449730357310661,0.055509468352162014,359.21489577830505,200.0,10.091387767128097,1.1263160924106486
0.7523249365555649,0.02336891362397018,0.037263064701974574,404.7442117817863,69.0,56.30431635970027,8.262922580678474
0.9627774922418937,0.05086616631249344,0.053329710539333705,108.49399973691587,69.0,4.332269244427205,0.7275414159461306
0.654237383275549,0.05184885261799732,0.060731960111876024,286.83575402948765,200.0,5.8877064026720625,0.13831787392475717
0.9056650430093555,0.09250708996922621,0.08145226011597345,139.1646418980705,69.0,1.2321581769498013,0.11988316066443866
1.7136279866400248,0.0865202593009486,0.03713039861686905,82.48002739635275,69.0,7.109508169575656,5.432536949547499
0.647067112381245,0.05684812148219642,0.04885871585165729,136.69006220931766,200.0,3.9105451443375654,0.11170501083369791
0.9460976082952348,0.031042901303058076,0.05777074155640073,96.47217826639528,200.0,5.285804435084383,0.27299442821158626
1.0681732871908616,0.04608487703143748,0.06802337176203384,417.5854704150821,200.0,12.550574309571912,0.7017260766341373
1.0746055560800052,0.026491147716687476,0.06306934328910646,63.45464980845165,200.0,3.8826334483699174,0.23696542908415888
0.5466356307359321,0.0407795502944474,0.026635113919855975,483.55695968539527,69.0,54.82078823243789,5.942185976545758
1.8743658361948354,0.05171282167029792,0.07844074780619503,261.56519939088855,69.0,9.24493550819073,4.000649742300455
0.5087663473935415,0.05070983175355379,0.07966774259754762,352.30868894033836,69.0,3.3414563246555717,0.10489376682092305
1.3796905482772754,0.021196874031460606,0.09330241481345714,429.9963448267515,69.0,19.290350390588436,3.802509087105471
1.4805359123186477,0.0317734372611294,0.07275209489763944,484.54401162298717,200.0,25.59459259452732,2.5705103412208663
0.9915509371427527,0.06947705826534488,0.06487657585283099,441.09464957348536,200.0,8.973891367462056,0.4533166721150146
1.7298859517649365,0.05380661233511087,0.08742371726378233,346.81789416123434,200.0,8.753385027952543,0.9987584162051465
0.8603185951198988,0.05198466212519161,0.06432395144716943,260.73823991821746,69.0,6.257410309256958,0.695665054659407
0.7215636048352798,0.08641480098768411,0.04524235205805905,298.25391918493426,200.0,7.300179606161711,0.28003760497850844
0.7672109378610711,0.0656725403709107,0.07948730151639714,451.7842649664508,69.0,5.012077917535501,0.35859917175481776
0.7207834386523386,0.09940962456423488,0.0728597907648814,85.75152346915122,69.0,0.7027382959070948,0.04841444418613113
1.733805908023091,0.04250749649100114,0.05047175895726695,221.46628747914602,69.0,21.27634119036685,12.243599444871421
1.0094148535647876,0.027731190998279462,0.02704375202947066,117.50256010718307,69.0,35.08858525510141,12.773148033144935
1.8963419054213764,0.040946007056153685,0.0871783164615794,137.29024098762812,200.0,5.019714848455923,0.6902121482857351
1.1466918328452675,0.025537356807632375,0.0354409123000085,91.41445416784597,69.0,19.607720618374483,7.028704843047932
1.4261998633822006,0.08823219921877648,0.054404273699627456,116.81111054845769,69.0,3.8275657154830807,1.3826430350028018
1.590098394485631,0.023987497941789445,0.08804521415127847,427.1159022443079,200.0,21.91414505267392,2.0977103513845985
1.2364382249681465,0.061937621760103784,0.04774010252944916,136.87684195007793,200.0,7.193370499614585,0.7678434313517986
1.7440327337773218,0.08699007402628066,0.02322748549428433,28.44093424033615,69.0,6.3412612389695875,8.02310288834029
1.507748245754399,0.09344403001973513,0.0831508328453611,379.72687297098264,69.0,5.316999847528111,1.4044858181565365
0.7794888793008485,0.052408641765501585,0.06791877288414058,302.20668414467116,200.0,5.846321222640953,0.17433774954480008
1.8063682118830087,0.09433468295475267,0.059723128925814425,488.08931055426564,200.0,15.72172985431464,2.86318286490695
1.1701387956751,0.04931820114940108,0.08874663144632382,23.583735008196015,200.0,0.42627536272467126,0.021922589783488645
1.2126706927842827,0.09905582607947869,0.03034389686518833,365.6217182115628,200.0,29.167780710354215,4.711905172659081
0.7092902377065755,0.07836272138716026,0.05186979140590993,204.22806851286725,69.0,4.122419180694923,0.38631828448859046
1.5425767791658687,0.08254364951091625,0.031368009962898166,408.7138879665276,200.0,46.575747548323854,11.777285175878342
0.5136420621600398,0.08803130279962407,0.03857277812666638,404.73375122539386,69.0,9.523186422624779,0.6293354252533289
1.4893876207201728,0.09581823769738596,0.037685737422777255,285.4858380366297,200.0,18.74741291142201,3.678396594927029
0.9882228890677887,0.09304793592544827,0.05267907013252128,94.08225518206105,69.0,2.160383908123134,0.38695663791395496
0.9762260798571191,0.05947485044474106,0.08568853968964908,224.55429325644624,69.0,3.0119251638881614,0.3236546841444966
0.8414896251388586,0.06494034541227951,0.06581791195375684,296.0359851060925,200.0,5.313023377682675,0.19053462232787213
1.0960929466887332,0.08013521378551612,0.045694144511634754,387.58563189334194,69.0,15.234275349864488,3.870041894826505
1.0143217729389762,0.021323975377835893,0.06786896904094544,349.8059086074037,200.0,21.674219268250596,1.0952227380388841
0.773884473678194,0.05725290340175623,0.06663777063953867,149.42034389647543,200.0,2.728969497085309,0.08175404211980031
1.0544894386346257,0.02843239006940159,0.021481613371835833,134.50551209943103,69.0,64.86141317682976,32.43871408036291
1.4464065947360694,0.09377929557980884,0.03554756752433539,243.26232126675063,69.0,17.815160866349366,10.130253122875489
1.8421407546500257,0.09380450054808982,0.07876524472728359,369.9162718960618,200.0,7.025618571868939,1.008960833719402
0.7785373755068992,0.05511113752621473,0.05378924456380468,229.90687506484028,200.0,6.735229683063345,0.2529849257779328
1.670600645714563,0.04320229249808352,0.07004544976300896,488.75570037461375,69.0,23.112614810633723,8.897624904617983
0.8957957419898209,0.06666319400256251,0.05334996159785596,449.1960829872138,69.0,12.724533353207832,1.8492064135426725
0.68055600927291,0.09612900471417701,0.029813582709030888,158.61363513580991,69.0,7.580063768266513,1.1377480168694025
1.016805896349489,0.04089589525121548,0.03914770061874925,45.48910352948743,69.0,4.427967737458052,1.1298842417650363
1.1620972404110022,0.05808838878653583,0.06910366746227822,364.8410694938153,69.0,9.170772421441914,1.7316073057048809
1.7232221503279859,0.0392918611135034,0.08661228603571781,206.65849582363384,69.0,7.249101482425953,2.401302456735314
1.5472461720663804,0.028695456603425942,0.08373266169093818,368.94352939429626,69.0,17.024236039601206,4.702742715402335
1.9137625383265962,0.08366564376095147,0.08983124657549588,189.6559246585624,69.0,3.2255494462801844,1.2706092884429079
1.073891318460066,0.02414567118080889,0.08988802075035048,250.62231244624442,69.0,8.277294304167858,1.0260461436921848
1.1594607715068252,0.0870396833373662,0.036250770620203605,393.88246637326625,69.0,23.956433863808297,8.583742795184953
1.737717036791885,0.06643244193075548,0.09713035590103032,315.4923842774769,200.0,5.248425210058437,0.5438897773606209
1.8015239228160875,0.07998552694933361,0.040782602165555806,253.18340744624984,200.0,20.571466295672806,5.456939364941291
1.4340277383326245,0.06696885540438353,0.0886483418730914,96.46705869339182,200.0,1.577152648401638,0.12195425626746981
0.6392902855290361,0.09139754005318049,0.06875168373962794,489.11523444409215,69.0,4.342695326634703,0.24942034931241752
1.5345656265878485,0.03894571105488066,0.08550683639593863,362.87621688627314,200.0,11.733671003887409,1.0771662703605889
1.3910252652229416,0.046403801656225534,0.09553557127465767,286.4682867056907,200.0,5.645196291832271,0.3811208639501872
0.923867813546889,0.05802012700110881,0.03985213660696336,426.73751183158004,200.0,25.670836007472662,1.832680763679787
1.3394536703836533,0.0635701329895979,0.04390376119202691,296.9386099585873,69.0,19.475519153437123,7.689575394063411
0.6450127112129282,0.048902354813641455,0.033602235794316856,192.35696473693068,69.0,13.482217121118337,1.612832768883312
1.150063502313042,0.09211337721213082,0.08920481357358111,450.6540356095994,69.0,4.242453108543462,0.6077599160607028
0.9549216560902911,0.054353424320911906,0.04920379270107074,86.91848182364251,200.0,3.7844873199747453,0.2337882632589116
0.5206687579718102,0.0946415179964407,0.05914718574047159,228.80711612669677,200.0,2.158899513562319,0.03298375733862628
1.9049810430821907,0.07598758370866933,0.050352749863039115,372.5707278477051,200.0,22.103528996385055,5.310048481026952
0.942782834395116,0.08040423913486701,0.08390931711350764,313.27863474133693,69.0,3.130360642151654,0.3203813088314883
1.5744570298371876,0.031390973018507656,0.08051868611286224,140.84431829286058,200.0,6.537673959805442,0.6709141453729818
1.056691266714623,0.0575368786969923,0.05240525897385029,277.1096247860923,200.0,11.118723683559473,0.7896871070674147
1.8663019931706726,0.04892635037618756,0.05080107551648843,226.31098583172647,69.0,20.0701293665912,13.295380010647829
1.8188502200541703,0.051513502507722506,0.0515274703920658,53.19002715800186,69.0,4.24404201939034,2.6326575866262565
1.0798490234375884,0.04036693220852673,0.04874600002317414,114.9272350193297,69.0,7.763070577772978,1.7942389494649458
1.7406381833113842,0.0987483957529579,0.033475384806229115,78.53284731429399,69.0,7.411905871047639,6.481581402859741
1.247200728687577,0.02238172318631814,0.05771069098861861,252.25505169331714,200.0,25.323364711310987,2.2751843547857726
1.9984771003002995,0.09884268063406498,0.08938031689593608,142.85812382504542,200.0,2.169337249384458,0.3231188400842476
1.4742650464871394,0.05855978681153634,0.02754795485869443,344.3816110782255,69.0,68.54701704863977,52.25285034502829
0.5069403861101369,0.03958271289711371,0.0821026521799259,146.37259839193166,200.0,1.6685836928433875,0.01740938125833922
0.6447120416718854,0.09566479828827473,0.022972188662286105,36.83465741522197,200.0,2.8223882698254874,0.17022552926427734
1.6103282289528633,0.020160598448892716,0.024588225731153088,208.89949293513519,200.0,165.5942451400916,58.21375394083285
1.461256879363995,0.09234681487299351,0.06856065289109257,473.79978531968663,69.0,9.569756086651541,2.8796434093375787
1.0129864995413236,0.0815858216100649,0.07433469678569157,101.4289828012771,69.0,1.36747418932279,0.18238727244715394
1.4334841492886907,0.03349658303078885,0.08690411991261915,253.4497204511285,69.0,8.61697282512757,1.9686105036559198
1.0815820315370703,0.07312685051939416,0.03740565476954059,224.9814721173586,200.0,14.269411961811569,1.4875325842185931
1.785694138098616,0.02535690057203973,0.030213547556850823,475.7795130921952,69.0,220.22390045846413,224.56213311807227
0.6571981708647645,0.06008352482644125,0.058312647475702084,396.74372513653657,200.0,7.657319025674245,0.18905380354554616
1.8237003026771437,0.049242828740931194,0.027633351669297167,485.9120401676805,69.0,141.4009281013378,164.4316014657004
1.4484983253460522,0.06366679151936627,0.09200358361839815,462.26409919349436,69.0,7.454816574813545,1.6425850410392213
1.4926422100474226,0.020205911750988327,0.057953239570549486,74.78440645303475,69.0,9.869249595669583,3.6658737350358948
1.320376902531382,0.09514601544993082,0.038539867786855905,64.7441944780328,69.0,3.6294344274729577,1.5862959717017087
0.99237671050369,0.02253906172297475,0.08226621491509536,173.76741267778505,69.0,6.782929203482585,0.7845281758432
1.2740810533853586,0.08160848526818908,0.06232690326944393,268.5769682531481,200.0,6.4763551893196,0.562248065671096
1.5463081825013212,0.084411510777777,0.03504531768749011,221.98856565893743,69.0,19.86626543266443,13.095979626875268
1.3105239331086673,0.024575139568736165,0.053964766299671424,50.52452356405266,200.0,5.551135643473391,0.5888981598893445
1.046860412826377,0.03935143255101968,0.059052038355018044,410.0129444623146,200.0,18.767536198605356,1.160990507141385
1.3152124645382328,0.05698813424523824,0.024769697414376807,320.83030393102126,200.0,72.40969329181996,16.855691892383998
1.0210604130051941,0.043301156029079926,0.03884568159141741,470.0951938413017,69.0,44.076136264188165,11.42939648556872
1.6568078251464249,0.03560928205177331,0.09846217079424507,36.922583042223835,69.0,1.0631962421847094,0.28638347257818775
1.8737936887837394,0.0318644016944641,0.0682989194100895,496.08822836176074,200.0,37.52308270814865,6.4299406907938215
1.8432592971480184,0.05988816594692996,0.08521556712907292,138.32694618159343,200.0,3.5177549446740346,0.46751791237167756
1.676684615139437,0.040927248633126675,0.065897689612665,52.90270310848454,69.0,2.9945224018416496,1.2342973225286562
0.8684302579389138,0.08351053965380843,0.07836961762565597,468.38624464824244,69.0,4.7583193270638295,0.44242066051976764
0.9887666650464426,0.03884989002517013,0.029977602327140362,337.04237067062024,200.0,57.27247952110256,6.226091078143565
1.8162212546614318,0.06632693498385266,0.08975068325805587,485.7573645676778,200.0,9.907724963898422,1.2138148084050082
0.5781510894714731,0.09419372697626095,0.042042545280883165,63.40558149680267,200.0,1.321052588509467,0.03501003522957694
1.1335420938842455,0.06739613015050482,0.07787720843109387,455.0567964194308,200.0,7.571794112159067,0.4164304426370391
1.7336966980620265,0.06627927948149083,0.05282045831665157,325.1487804979957,69.0,18.29045009939269,10.056066161059457
0.6813421324925415,0.07951030588695868,0.08323748475168438,453.37966530269705,200.0,3.36447427827734,0.06254714635548844
0.7679557067033844,0.09510269068855141,0.07916410152773729,286.3887857154387,200.0,2.2140837875406785,0.05498153417839552
1.3640306715119808,0.06641314349222124,0.05565483724423671,404.8972358410469,69.0,16.10869383294118,5.203137852695549
0.803392875168674,0.031130501629685305,0.03076525196629721,80.62608028052011,200.0,13.190088256688433,0.9224055816089787
0.9095160445142312,0.06608351533616424,0.021556328838715534,461.5843880979201,200.0,82.029485781229,10.492878975784746
1.5972294331092165,0.021005718793611933,0.06409076429993635,243.9905791274608,69.0,27.099617698661007,10.422261674822847
1.7683079680579794,0.07573622531307857,0.08900317530544537,431.19125622296633,200.0,7.625431810501509,0.893004184402744
1.8645128286160102,0.03828605754401418,0.08704630338241391,155.80959497219263,69.0,6.008547682457899,2.318513245356302
1.7264512892798594,0.051339687699180084,0.02187318398632854,257.50775565759807,69.0,108.59720780091993,142.9798911908534
0.8367399547572072,0.04377153408348074,0.07280907273046357,344.76332488626053,200.0,7.459333939097942,0.2390971006545199
1.4746665479980703,0.04993555862836895,0.024914401559490623,499.4997199755074,200.0,142.583573672609,41.484459699562976
1.2761975253142563,0.020103931784305473,0.04477183675895004,61.05144847099671,200.0,11.600435549497725,1.406643117078464
0.5851279048751508,0.0851822500162933,0.03666189343980961,227.8909909240463,69.0,6.987958682050429,0.6305168660999269
1.658512596866641,0.07132257356995793,0.07910733265439639,184.1776595640294,69.0,4.106260398249931,1.3795166438090574
1.3064988732945968,0.09937701340865177,0.0643744811256696,65.41533220465054,200.0,1.2451636027942252,0.11005492956964927
1.5762542575652225,0.038660181815119835,0.08871459062422597,84.84605507457977,200.0,2.6372735540338184,0.24620190984347393
1.0599765843486757,0.046576772739347516,0.09040981277185725,323.5111262735646,69.0,5.4042596954316355,0.6488926182476037
0.8802121128150957,0.03704686871636592,0.05088067546894676,252.7378607445555,200.0,13.917193115251136,0.7064024747869129
0.8911357244230802,0.024875061258107865,0.03502387747092668,470.53649843915855,69.0,82.45097816536159,18.062545172661206
1.1488907157001758,0.09358539346301202,0.09518638473424908,273.16025753007483,69.0,2.220699264264231,0.2975308523533825
1.961799054958004,0.08325664982019013,0.044157610011911694,94.41283261716217,200.0,6.845524808229405,1.9887902233055592
1.2814968623006457,0.0959803815662916,0.05270241007766337,189.8337629139042,200.0,5.475185403445969,0.568698645337357
1.9877364262381847,0.027497049790879052,0.08605421251440373,162.54727896739126,69.0,9.520491752958652,4.223422113882112
1.6685614969672862,0.09986901584243123,0.05692725263914375,67.141481984175,69.0,2.0768884505964804,0.9813796137716753
1.4141452500276637,0.09350162651653732,0.0631830411023027,76.79368424419279,200.0,1.7456234071168788,0.1841691208193355
1.790526893519981,0.03251250175698186,0.024598579381364515,23.545845352424816,200.0,12.85807470246932,5.5860698292694595
1.9387848665546432,0.06845136664678741,0.05111202379930482,276.73730688708866,200.0,18.00198119464504,4.413013071711035
0.8603813107022114,0.06257835765927147,0.06469330974076219,102.42943548535337,200.0,2.0189431758436096,0.07700614922799012
1.2588329923802233,0.024624138107975986,0.04615721771367419,382.59584811043555,200.0,55.083222159803526,6.303687761239214
1.4299088272342362,0.07690542078562895,0.03385801523213885,17.210311017148687,69.0,1.674820899071319,0.9771994640357959
1.8144684830815039,0.03954574080388085,0.023259310728742565,265.10933376616856,69.0,134.90632163774882,184.4989795946983
1.8024703672832876,0.030253655148802672,0.0879564781279786,280.2134991565258,200.0,12.947768396497942,1.594197425547908
1.8122440064344487,0.03466346897069366,0.039777788429729025,41.02428537854071,200.0,8.133091479941559,2.238345449842562
1.4673177961760484,0.07523355645144636,0.06793421541284406,246.13575098343614,200.0,6.241103920066079,0.6593256400297001
1.0826696358924779,0.08497424121514666,0.03636294116906744,213.39115227744526,200.0,12.337248542931983,1.3256533382119873
0.5480123137610782,0.021446120141720072,0.03487566874219125,213.92154910367432,200.0,26.965115188700207,0.7739967113458167
0.6305433328337285,0.08692073315553692,0.054777141882105834,226.49973797012905,69.0,3.2855779478589078,0.23041032305129633
1.1953464425229405,0.09524901116565251,0.06466412166904723,35.25853294349416,200.0,0.6349244334937778,0.04676543616743754
0.8184732777700338,0.09182394349117172,0.05707441862448581,455.86299700944807,69.0,7.484299591635635,0.8487471462775406
1.5367334076404238,0.047633419857981196,0.0784261053785858,392.39697737749367,69.0,12.349301002983761,3.5928446828959295
1.4358662096033674,0.05323839822432136,0.040641719179154906,72.4953328201666,69.0,7.102416749880582,3.481141543269806
0.95242491057064,0.03386083010928785,0.09960239939655981,119.39898360049239,200.0,2.0311660273346988,0.06166175202006008
1.419290773406729,0.023661763407351863,0.08316323129825022,138.94179384092814,200.0,7.2301234562893635,0.5837620547173404
0.8124193648997664,0.08396362500195959,0.07429488707506682,145.7047424438492,69.0,1.5324847818162857,0.13153987573481235
1.2405329789969024,0.024121773531340873,0.02263306614497119,105.23380983913813,200.0,63.389720564360815,14.367156367329162
1.5352571477750816,0.0580411597365042,0.022440134017298732,122.10713439511957,200.0,38.48455273417479,13.474169261121608
0.997460048383342,0.026962101588931135,0.09236808038922495,66.03919673286316,200.0,1.718109998701448,0.0616877332189833
1.2490544250423565,0.07736579742811622,0.05450916211009213,184.31800557902687,69.0,6.0091404705930955,1.6617482296393402
0.6887906464165614,0.0622594668631198,0.022029143636988397,95.5255690848024,200.0,13.066446606124162,0.9380221862643328
1.6032939584196488,0.06850122392494855,0.08897317839099936,452.50464401065,200.0,8.027326092910585,0.7730665068427278
0.9458141332832617,0.030774191287426256,0.06989610690514757,258.1921660929399,200.0,9.745575445618016,0.4157620498382822
1.7157801845324065,0.09154501216924765,0.09528256043477376,319.8018280734293,200.0,3.9612505771184594,0.4079631509932631
1.4548212180949398,0.027933469712750257,0.0843589783228944,193.37356575095313,69.0,8.491227474193142,2.0583445190281293
1.766498432231805,0.0246835731898452,0.02357507206116062,396.4258125091902,200.0,306.2755621016901,135.13398209395248
1.5708505891543711,0.05895401273781567,0.057576187705650705,247.4687444661529,200.0,11.93458446775775,1.7049549213002457
0.9466525166614839,0.09889174707291125,0.09638706138517177,103.17753763346639,200.0,0.6378660300080481,0.019768361172929273
1.7337789479462296,0.08136395430119227,0.09907747028802721,242.90119523213406,200.0,3.1636815485599596,0.3199514245410915
1.4417652604810276,0.03514601345366297,0.06340765654071132,35.11088121143456,200.0,2.1494535320478287,0.23488442355938835
0.9866565330368045,0.09272707765336038,0.08622977383247406,12.08279394637303,69.0,0.10374413371142377,0.011316130403815565
1.2887331623178557,0.07940994755884677,0.0379221217018353,111.33616317420625,69.0,7.538593761111787,3.189946295762472
0.7278096967061416,0.037431287702422926,0.06879700640142562,227.52601691249114,200.0,5.608236274269808,0.14393658062658723
1.8885316189378867,0.07763986631991106,0.08764833962903307,282.6853168246969,200.0,5.37039952885505,0.7284339334525196
1.237884102218877,0.050553990928715514,0.06420632621038355,42.155557442319974,200.0,1.5023633632689228,0.11951870519290211
0.9256073385322787,0.02151147031867638,0.07197832612875528,91.89459720123197,200.0,4.579250871877394,0.1816874868237621
1.1384487997713835,0.036703170829350436,0.03745109013875159,351.93049938860423,200.0,46.69701788881483,5.3867948426311
1.9617912217498985,0.03485699816955848,0.032582904058373795,394.2182250154258,69.0,125.39238781232699,143.1022977014246
0.5582888881035716,0.06657212604244704,0.051844642556608006,468.43153243650625,69.0,8.769122971014028,0.5093659311200247
1.8311625563738438,0.09023673563392584,0.026343623260254346,380.3108893230938,200.0,66.72406863223301,28.30997966254049
0.9052331294525928,0.06510806765977117,0.0683940652361386,185.30324882707527,69.0,3.304631825815138,0.38254734531074785
1.4966946183791274,0.040806031040061794,0.09469847310570538,180.7670956286659,200.0,4.436020239554213,0.34978057053945305
1.4749918427963378,0.07873647917537646,0.045214907210129565,260.7940709737699,69.0,14.33835418303044,6.665865513858737
0.5865852267571458,0.06609990032288705,0.03866042985567572,339.89041315835465,69.0,12.108410191086882,1.0412196093743065
1.695746103843983,0.03516720543215901,0.055630529480589705,474.9046077783149,200.0,44.39706045305649,7.649647513448475
1.3258530347955104,0.0927548848616942,0.029719832713512053,382.8369479354058,69.0,37.17328753173215,21.243938459103298
0.8711696142107507,0.07699849621298398,0.0982213330250801,24.516831738399112,200.0,0.17251403161755774,0.004443270817014535
0.7461485397138661,0.030972140017520397,0.07252624394940645,344.7140643688717,200.0,9.472703850639839,0.24238632024592033
1.1525472754099115,0.03294713404402781,0.07604403732784887,347.29367284287457,200.0,12.605465684166193,0.7339897078522372
1.071347021260494,0.07598957605770923,0.06426525648486113,358.55609035927915,69.0,7.343988846703603,1.2672892373586617
0.9557217459939626,0.09423539990305016,0.021757652423655537,304.8909775440179,200.0,39.19125255075933,5.484269524023237
1.186561518001953,0.09890733871300753,0.06156435540998459,87.22097051381631,200.0,1.656438189460853,0.1262714483949347
0.6785579759880311,0.057414124213756024,0.055410262977749994,142.63340578426505,69.0,3.2942783738489383,0.2644865876715719
1.968097822790324,0.07533686526428243,0.06310413346609832,10.549510194776179,69.0,0.41524753884906196,0.2462647611561775
1.1775522236086813,0.0359404785059476,0.03806616428885039,228.01448024846138,200.0,30.93369257906028,3.756053301032882
0.8651017437618866,0.055891680509478986,0.06275754743596351,20.95614868520928,69.0,0.4941409149419682,0.05693494127492331
0.7899145738929787,0.049438253573798586,0.09633533782706986,200.5803624317834,200.0,2.071979330029977,0.044734109080884384
1.4274444159648536,0.06600856601478665,0.09211318739810716,120.2223435991285,69.0,1.8384495942842956,0.392923477333584
1.3521916636570552,0.030093588198442527,0.021545995874327498,416.10701504421667,200.0,241.65034726416016,68.3559155914828
0.6079329724904041,0.07106518238453727,0.03946182884117037,117.11221863145119,200.0,3.860093867293223,0.12050659079090868
1.1548394725325926,0.03801661519125193,0.06865191389110406,111.93466028314705,69.0,4.3287121845221845,0.8124730254952638
0.8651735629530957,0.050488137873251335,0.028123173272071977,215.1638542022994,200.0,27.970859218007817,2.481571030168358
1.4251382537056025,0.036964088210862375,0.03978583436748158,433.76295915943,69.0,63.390440907428435,31.26575695979711
0.9536125604884916,0.0827931660669537,0.06775700619699983,399.8062583360746,69.0,6.018245407711299,0.7804035927439734
0.9822560131351348,0.06096635762453605,0.033676311534855626,415.59470514744595,69.0,35.42473956741995,9.805984222429135
1.7577878774205546,0.021940476999716668,0.03818223368541834,290.11551787309804,200.0,95.65770273045355,25.803005258675817
1.0704247835965612,0.034310742982504694,0.035600382817606496,110.8070809639666,69.0,16.365733005188243,5.089237931382041
1.145255434735753,0.05020766677836665,0.054992174081689285,48.9352331530673,200.0,2.2146416071843023,0.17607027125859814
1.7555481709718022,0.07008158246530147,0.09072149978248244,177.131200395268,69.0,3.234705333415047,1.0617191603780407
0.9697776814496484,0.07562093241194826,0.08334135569411576,144.36719271371064,69.0,1.5992958026998296,0.17437019648349356
1.3683485617720623,0.0821342806941766,0.0609038398300962,392.9448020002186,69.0,10.58926291332694,3.1453877199141527
1.2278903917003583,0.024956668481107676,0.044855344528992674,356.2591486159725,69.0,52.27112816036816,16.975654552552644
0.7055523985942611,0.076970663018374,0.08969154268622272,312.30080428522683,200.0,2.1351353471440766,0.03950128347792089
1.6827576326511138,0.08971446003261453,0.026961561729120113,117.91945589865665,69.0,18.25600512307764,18.525225048087655
1.899393866638405,0.06308257893745145,0.09904441864511622,133.32571544921296,69.0,2.4553349759583543,0.8641128350120156
1.7265350774635881,0.08238464627231636,0.03027185129637444,71.34673439969845,69.0,9.789860703067689,9.314252212847991
1.1215047311158926,0.0303377755542643,0.08181607490520663,21.614261602720397,200.0,0.7161957653482924,0.036700676833880404
0.5635529979003251,0.04783318367320201,0.027905842819818123,459.91795027205654,69.0,41.749069452870245,4.590720321409129
0.8494317994706342,0.05721728430093351,0.05750650107539115,133.9741109135648,69.0,3.60860643995079,0.4374609144023089
0.6218368504023166,0.06951614663947504,0.03552010420615319,278.5162123519156,69.0,11.847972369959619,1.2461845473927282
1.1426918224896052,0.05531502005449293,0.05742490542625654,459.2294633925057,200.0,17.261020258639935,1.3082873970424242
0.8433176121569073,0.09012719977900668,0.042623769676366385,131.9480614381633,200.0,4.077423711138192,0.2267749468243433
1.354077367056714,0.0667444309865923,0.09555331234782503,195.1817587005464,69.0,2.602120646189006,0.4824233170495399
1.6900514976708707,0.03184944718184068,0.03340189892601506,297.1978420251039,200.0,84.81108644704801,24.174644198228346
1.171204239011739,0.07569993094343448,0.0601344224753715,30.96587938701928,69.0,0.7949238581274092,0.17519725957339694
1.3908966077567553,0.06431670707432942,0.08321788201186948,481.7489627726579,69.0,9.026300107785087,2.027414072529506
0.9802248287915025,0.08141400234481715,0.02386153694790713,356.51019533694745,200.0,45.232747769963225,6.071342037837333
0.5809151684939342,0.07395478133444804,0.04263002445977408,434.8409293272182,69.0,11.27708778866849,0.8625146153984484
1.004969355628166,0.0887379632430884,0.05376991493850601,30.882997795639803,69.0,0.7258307523617371,0.13172290608419038
1.6820847245879913,0.08373287818040691,0.06420362914128835,306.01736149702504,200.0,8.948083107058192,1.3144525420984854
0.7125985670254207,0.08278192368762329,0.028372387686234513,301.01492602816575,200.0,19.31332019210105,1.1522048256224813
1.4982081443631086,0.04326706258758603,0.047217519289021966,241.80339827698725,69.0,22.533157869879894,10.349582967627095
1.3624792164638397,0.03853239546103631,0.059301616485336175,320.179846652331,200.0,19.315949279803682,2.015524316750321
1.0139883250811426,0.07702255855482813,0.08788747643241966,15.061129920859647,200.0,0.15401741495473367,0.006006029899681626
1.5244513099218686,0.04046448442413887,0.05476438721443837,379.5866368392928,69.0,28.609169242213458,11.729885699567827
1.832407680259803,0.029686218452798487,0.06721956709213793,267.901112341791,69.0,21.95844435153209,10.597653481889559
1.2722857431075902,0.04351520372199652,0.041023797556125174,347.82952416846484,200.0,36.256811766857425,4.768719943661415
0.7254079270206162,0.08741404203830226,0.02315102083329255,305.6012144883842,200.0,28.390113527551947,2.1509995666649275
1.0192316284876959,0.07046334676857807,0.04874829894586377,281.2252770677056,200.0,10.270611398661284,0.7295605821034153
1.1466583896339733,0.08818853429789947,0.05660900764127935,335.4000924292032,200.0,8.165170787944918,0.632159374460247
1.6225275321761417,0.049540774585804276,0.0837034316169146,296.19660553689005,69.0,8.307571414094742,2.5244956117134616
1.9585220140259445,0.08177828897955129,0.0522680252043093,312.02681414904623,200.0,16.411996712342432,4.014772952004547
0.6112420576898336,0.04439815837446287,0.033753742589137284,41.59808920550845,69.0,3.015984027181412,0.322547151902689
1.4124210141951394,0.02773046832307447,0.06265132193089828,433.9335647294741,69.0,33.784771253996674,10.393904804934879
0.7779748540112104,0.043637873914168734,0.08965613626099043,398.8702368180631,69.0,5.307925518154179,0.34620678178674713
1.2778191738676699,0.08980204870242561,0.06351916077675526,184.9721544553282,69.0,3.9140940626628726,0.9721313706358263
0.7894278765094693,0.031128703218527447,0.062879485984302,180.31304774391924,200.0,6.9392393594627055,0.22924852342650934
0.693501531683018,0.021369609352632157,0.0475541704273783,114.02634837975906,69.0,9.818159624529692,0.9593917468454396
0.6686608220402566,0.06332739943377537,0.027423399808652514,479.704191753998,200.0,40.410702207913914,2.196168220878794
1.3444488887338033,0.0822445723405842,0.029432152386061707,394.99217853108746,200.0,44.72318755029536,9.15541561872184
1.6139034032285224,0.09035778064142619,0.057527117520920865,117.13138992555398,69.0,3.793073882318309,1.6593324770098663
1.058256244524968,0.05665167954092809,0.08546627276262167,282.6992827858421,69.0,4.337749596035266,0.5491753599479545
0.555732968392437,0.05099844689896431,0.09974162198045086,107.86617814135718,69.0,0.7089129344565278,0.021208426458476037
0.9848037422180493,0.02483573355150199,0.09527344468377497,420.62388829344246,69.0,11.024887002625322,1.0843295914400772
1.5562724045034724,0.028296222692106854,0.07500711871563376,339.73755327640026,200.0,19.927232643554948,2.1448379570964202
1.69632041486543,0.02321319251689392,0.0670805955925849,193.02984872884034,200.0,18.808532695124388,2.6893822192643624
0.5644123209807089,0.09530663397280678,0.023895725373941436,203.04502329166613,69.0,12.635036971676527,1.627454742819925
1.679690752782141,0.060865675224785504,0.028206315506563426,338.7836015347113,200.0,70.50790310642157,23.50871264172075
1.740624206998204,0.05253781902808195,0.061085670269463446,360.9132128464655,69.0,19.22685821314694,9.213797608716128
0.5178677460097589,0.057986343128078,0.02857321126074072,153.3016253852321,200.0,10.061738993546141,0.3147969140926982
1.2144753315931438,0.05257097692404955,0.07053716961028131,66.69116598356356,200.0,1.85791633404829,0.12949835890802466
1.8942727617221062,0.09302795798409413,0.08027684482746984,204.19990316697817,69.0,3.8712856614665316,1.6718973267125086
0.7859210593741677,0.021811671330489297,0.04593090047191338,312.05640242321647,200.0,31.97896542332617,1.433494553778344
1.7117332333635593,0.0744988849365381,0.08867380436518407,337.6709766368637,200.0,5.920257704940861,0.6520729441197017
0.9134697611630072,0.0677279311850503,0.030591403912690177,455.9275793480734,69.0,39.425268808924244,10.390184412134907
1.7990378530567264,0.07092039413236202,0.036516353958058745,479.2073453905725,69.0,54.69769955426077,46.84054139611199
0.6522889458673795,0.02481132259861469,0.06611792909418655,51.81237650155531,200.0,1.869546973485936,0.04010291316477198
0.634154803525601,0.09962046272959053,0.07323592175389299,461.45049822345555,69.0,3.2860547675176592,0.17434153622747006
1.6252399763158931,0.055005350896615776,0.0241900358598749,57.45751239196674,69.0,17.40754802933069,18.36520297347176
1.9714054034107298,0.06869188004610847,0.029910982737038117,192.1387793933947,200.0,36.98072772385368,16.016787046962868
1.802428130151653,0.036135935137872145,0.05702236608213401,345.8420914257372,69.0,31.83151360801508,17.52215911674158
1.5322543426429687,0.09782527223366894,0.06344728891176354,425.0907209256286,69.0,9.923994894201034,3.5480916919689864
0.6920397970030745,0.08530396675937414,0.06483174442807459,333.6167329543248,200.0,3.8635408093311012,0.09513464063670826
1.1175806354107634,0.037546933612785605,0.04263698834846747,468.05314262599427,200.0,45.980931754131,4.489807572327144
1.4049941362723821,0.020532576932754003,0.07300138973976433,85.32672447502138,69.0,6.573627968334348,1.7174443256421386
0.967095255511258,0.05789875787994653,0.07250550881821584,141.9907599940682,69.0,2.706882041224708,0.3373622478507073
0.9611014805199614,0.03738810351253863,0.0797323563087303,413.2786842196784,69.0,10.026765744637123,1.1223399253495876
0.7285788495959764,0.042275820149102264,0.06195024445722892,339.5487735725691,200.0,9.148541988213347,0.2613007918446059
1.9295536843153531,0.08937664441254417,0.023150486012555548,195.78530758991366,69.0,47.31991361476002,73.5287550223226
0.7240104092382791,0.06852847015939152,0.08789206445716673,389.7786882361624,200.0,3.198481053757581,0.0635861430300166
0.680880417371444,0.08629159259114326,0.04415790672854726,10.578413517148645,69.0,0.2568367667032128,0.026052538947590975
0.8952018996339133,0.028390699545301254,0.0713614672569959,266.5155496748093,69.0,9.901275907365607,1.0743085499876266
0.9383712197081783,0.06411536475944313,0.057156989448897855,415.1432838899501,200.0,11.158945005063421,0.573035985159585
1.664756843797858,0.027056698480402055,0.04679193083164171,465.8966460675655,69.0,78.5551945813778,44.95367592963483
0.6677745480546167,0.07405727914405316,0.06877671481434591,121.00881749769087,200.0,1.3840364327076664,0.02991193885564339
1.1472170271357376,0.07449851936996962,0.044948825252561345,125.07825935842762,69.0,5.719977629944031,1.6181799030080242
1.5693824083776644,0.02738766689833537,0.025221211656670413,99.98282942711589,200.0,54.04039598209148,17.590933286270477
1.1555314519688213,0.08286208786770397,0.04954432727716213,412.6264995975774,200.0,14.065215586767186,1.2635567276633672
1.8716348410900454,0.06874791566432703,0.05277710178766812,443.2372932094963,69.0,25.993098635651958,16.669186654590572
1.3231792143459282,0.032988456843556835,0.05262948148026329,178.25209495173766,200.0,15.487609155580369,1.7173996666672458
1.1480791721965644,0.0339640298110758,0.03091747721837603,155.07222318226508,200.0,32.90256755927977,4.675716402985604
1.3004762578164337,0.07205756671514699,0.05557938051656297,394.846750535097,69.0,13.841248004632687,4.069359462216972
0.8890831312708409,0.07598379806775199,0.054301543641392086,98.09519192494422,69.0,2.3355866964066556,0.3284945799542977
1.2478198582220938,0.08900352802075231,0.03172366580963076,46.32511128376076,200.0,3.872091934042115,0.6334973826543678
1.7699409692211268,0.05776361897449478,0.07732294945915266,33.60214448478418,200.0,1.0332509407740613,0.13953838979762223
0.5321410688996497,0.04697272432624373,0.08662379396995762,218.43131154439385,200.0,1.9786672702679435,0.02156094885831249
0.6916762579463562,0.021863961586586607,0.058665698453205614,280.307326298869,200.0,15.459349691376044,0.4202342621040663
1.7219127003649346,0.02028414627699888,0.060815522192000065,262.1805174768034,69.0,36.10581743860021,17.007663337690452
1.9965410817156473,0.07636156850082981,0.08371487250827228,129.90087195929965,69.0,2.907779609382092,1.3377501813231023
0.5482569992187549,0.0811753701731242,0.0731116662308758,470.5415536596904,69.0,3.567268312769469,0.14170237003592598
1.8117275856756136,0.03579984863866567,0.02533051607024663,352.92629810563335,69.0,167.01631672880782,209.10302137954875
0.5241098964826707,0.03968890245991325,0.03752528422153613,304.2815675088788,69.0,17.121120568788452,1.2109119529679295
1.3876266829288344,0.058631553256874205,0.029890523139656785,398.21205312419676,69.0,63.29069463271699,39.392294773606054
1.4002308077021142,0.0728018180710779,0.02192206398194152,204.81735061986592,200.0,49.18271694008754,14.662535547404612
1.5968246186558046,0.024385155482817115,0.07449023925012871,311.4497606645379,69.0,22.053229859329715,7.293683679311625
1.494351186273126,0.032388174773501595,0.07627846473359193,21.521311005675024,69.0,1.0239583355475492,0.28963119618806754
1.6340295573944594,0.06339965409469552,0.06345198971274733,294.91217709403975,200.0,11.327302142121242,1.5888386694402958
1.7781515817963678,0.09623180900064766,0.040425594332734766,258.99251854167255,200.0,17.57016227865076,4.580740243401413
1.9807854486336431,0.0947157532023711,0.0877225389005408,71.12996875276235,200.0,1.159836314938347,0.17291757205455835
1.2282443582156453,0.08407199541840603,0.06922573310329684,297.3607098598285,69.0,5.43917623348661,1.1452354239014482
1.2545005928545134,0.09621347722095856,0.046931959544364604,493.1369328154987,69.0,17.51525098843204,5.674780521501293
0.6995498121110749,0.0676796619474823,0.07899708723993684,498.4201790655694,69.0,4.953192127267863,0.296463365410468
0.8253965728465701,0.06819111912860894,0.0771810376354831,215.52252316728243,200.0,2.6275895770204243,0.07731272579214465
0.6323459795597912,0.03775859868689747,0.03845420880115768,214.31322431321857,200.0,14.563016910851449,0.5047725648396256
0.9515718116079879,0.07196323847883514,0.09499056652148632,221.21462644569212,69.0,1.9450689571973434,0.17914195606575126
0.5697439856247826,0.09865340667950093,0.05226384820062982,419.66843575088166,69.0,5.323808820896031,0.31947745533882455
1.2885457486820981,0.06666086102994162,0.07139829662216374,304.63873690526503,200.0,6.930899449570002,0.5372546433425086
1.8842391802367136,0.057232069648199116,0.06205042004505254,177.53841490594382,200.0,9.108580811889118,1.7372278999581552
0.6206862069105523,0.0378565597584266,0.05077749033578959,246.91741124473396,200.0,9.42087954449601,0.23825561963830547
0.8135689323041971,0.021919900153624567,0.04548801719512215,139.42389884514677,69.0,15.005492178210826,2.109607205795853
1.6463210029106856,0.03509447339744802,0.07135024444992603,80.87857080250306,200.0,4.471668255092567,0.5662156825675937
1.8106747340996345,0.021056450159925664,0.038430832308406174,366.9865405144619,69.0,128.2026762683453,105.67149078866944
0.6449879417640153,0.06069625237284751,0.09712426178580938,472.05258583456344,200.0,3.190625914370272,0.04555437510330606
0.8420276093990708,0.0711140184159269,0.056421896497291776,81.30076560763219,200.0,1.8143523766315997,0.07599856063589128
1.5658114770105689,0.07014062508707995,0.03716801515914227,396.5700929493974,69.0,38.45052821985612,24.50594954474107
1.8691657123193228,0.032320226476064216,0.04040178171766308,315.9348864989495,200.0,67.16162719746754,19.359540660153044
1.798021656407129,0.08673522904502182,0.09506811730768147,120.39020674840208,200.0,1.6568073499374807,0.18780437321615023
1.7650953483082785,0.0867198333030895,0.060967101039110794,462.90888977210017,69.0,15.209166614954151,7.509410812239012
1.9943948760591368,0.0837010667421933,0.09573848206679565,234.75231383920672,200.0,3.6615773572123618,0.5070872851439997
1.0193607707569257,0.06843732529908458,0.05842543418775695,459.7715000878821,200.0,12.037167077958314,0.7136034115724279
0.7104936466667175,0.04824470797533499,0.024468671659467464,162.03862384110246,200.0,23.914402074118115,1.6445545222500433
1.9049531381630715,0.08313748131882275,0.0438221273959324,232.61545409464995,69.0,16.652917623300244,13.323708419711233
1.4226314873683792,0.050892596409084195,0.032534287609844836,129.1774794019246,69.0,20.468841449225348,12.302586978982857
0.5591795688738521,0.02974635686291939,0.09702562567250983,368.69096181494086,69.0,4.417314784694566,0.1375416205207391
0.8996491088426394,0.05121318338707068,0.07341270061777856,286.9491371476386,69.0,5.6118383693434835,0.5977779782028945
0.8982953830406003,0.06002282026370677,0.07766461355082968,69.57437002917194,200.0,1.035754745635044,0.03587160647881013
1.918518008764254,0.05861035479237223,0.03916057634804038,250.64876484752472,200.0,32.10038189475559,10.057073635124315
1.747682502561187,0.09489445677589012,0.05934027047191337,474.79429503110447,200.0,14.899764135454825,2.55642875393029
1.374413088535281,0.027919014677761426,0.06128793906410282,237.9155382770068,69.0,18.708596885606536,5.571349644626643
0.7901691121363902,0.07119427763117772,0.06363332432701496,298.21815836019914,69.0,4.904458579511863,0.46494995188622407
1.300867456982095,0.059735470877210095,0.021443966501708173,208.1920477524469,69.0,59.15696774013373,45.105191773559355
0.7084462519408823,0.03572948929597432,0.04854438396560827,115.11835836396322,69.0,5.811629881601951,0.5805403602473538
1.4472246440732242,0.08232193350029304,0.024308318122620298,72.48932002528633,69.0,12.940046614468383,10.772400175414566
0.5573636931028294,0.05723876268486168,0.07202742188008214,352.1413249836206,200.0,3.965709906646107,0.05701369232803744
1.3944995330910692,0.09308680102805275,0.09736213803762458,202.79658435505823,200.0,1.9229232442993405,0.12802280505248165
1.502400323969868,0.02197816857024318,0.053695341974312805,369.2312423916009,69.0,52.52555321241262,21.333642342898393
1.7694892952886134,0.081397145750569,0.06360931467421858,165.34454463688263,200.0,5.330137973515723,0.8745655362388598
0.9592460277537348,0.05002976355180569,0.04319474395263012,455.4579443918341,200.0,28.08272733662916,1.9941009643687533
1.6019277238079117,0.09410718447549725,0.04456544300814318,295.05945730228456,69.0,15.173454646488842,8.44173526087516
1.2578109981814385,0.07332690096439783,0.027618684676666616,278.4937438411453,69.0,37.576192117710015,20.79697653391814
1.2330363850633024,0.05783226972973318,0.021260527326110515,491.3519424561164,69.0,139.05977367996275,96.08131108252515
0.5629804704185417,0.08179281787989344,0.0729544145632988,442.9791323031327,200.0,3.4372373643726246,0.04977638488679235
1.0157403495911055,0.09595893682081262,0.09846981208780958,454.5866166991366,69.0,2.9775492598689834,0.3014261356514205
1.0143635154767772,0.029314915518955223,0.06667224801015881,285.87650068545753,200.0,13.351943433634712,0.6868554850088668
1.3354412053512785,0.06983946033889345,0.04836910366396961,128.6690263369369,200.0,6.309763529440731,0.7754848790483938
0.9933297786667699,0.0906283174594301,0.09651324825352206,478.4743710903215,200.0,3.3780463453389564,0.11511828920208611
1.0552404616482405,0.06100401714176916,0.046483100831142016,67.26147410953713,69.0,3.230877181753122,0.7478041624203717
1.4868356986404956,0.07783075799344763,0.09362431899541518,131.5049687600307,69.0,1.7196013965171784,0.3923057985555186
0.8145666612771486,0.0792647902113091,0.09827884979062687,221.14100558290932,69.0,1.4117139851776024,0.09208726290604788
1.8790743722258512,0.02111542437225319,0.07047655866954027,87.6204498125787,69.0,9.419145484317122,4.559470440161944
1.2448676211971685,0.06705625315625341,0.04825598108713447,84.96671215092702,200.0,4.064261585695267,0.4350664462525588
1.137756528646406,0.07032656316069098,0.06288695544093838,338.3835072832581,69.0,8.305566134705575,1.6518362545175496
1.9190902318035286,0.03604457685782904,0.07969494876363913,219.24591200467827,69.0,11.027488831672619,4.923753140447999
1.2905908298843891,0.024160779702431218,0.06621767630687246,315.13776911188285,200.0,23.03464179650043,1.931360841272325
1.2643543080356217,0.0659962752343204,0.02049369326905678,167.02930612811727,200.0,45.71437971830741,11.886361386585087
1.139760792501599,0.07530152119560601,0.09735178160053988,134.84437998686388,200.0,1.2921301408201875,0.05747361642115008
1.4361998945478665,0.08912845635136586,0.08926572164740737,315.7972589673434,200.0,3.8316750543023828,0.2951294018098762
0.9782991276721666,0.09684272046170463,0.027335521703610786,461.11426800574753,200.0,37.40328638097932,4.36520328554344
1.840012622134158,0.09207134771791278,0.09324608621549225,295.7307256362886,200.0,4.078333873077784,0.49359700258848455
0.5852044695035696,0.09465266013804358,0.03376933037889389,140.63789622755445,200.0,4.574920210564308,0.1546518391881911
1.5174351050128947,0.059208072663284886,0.03645921382037637,222.45528540290513,200.0,25.734076209248965,5.417516995372249
1.6095857941746532,0.08930622549239978,0.0978576401430097,381.0247240422553,200.0,4.302762022126698,0.37971660948116676
1.214697187875361,0.0786960280190455,0.09522781136340439,382.73078549658914,200.0,3.9086992385548935,0.2018753295414173
0.900371767664726,0.0629282213434241,0.07951252408130519,36.124485325615126,69.0,0.49052172908437597,0.04831990790893681
1.4191810581061848,0.09681176639794091,0.06795401982499485,352.94885241876267,200.0,6.722679100923482,0.6641735646813741
1.8407311146924423,0.03923381086673838,0.06884083935356622,147.0069648219395,200.0,8.732260979278227,1.4326496637338662
1.3773834325480747,0.06322038553949014,0.0811404410972583,337.8355591059348,69.0,6.70779214006348,1.515345250113027
1.1462556200627931,0.021551807131474563,0.02054512220289549,34.43744062543637,200.0,26.0352916081822,5.550031127344602
1.8629717639438201,0.06704959932389057,0.02138425534600768,157.66045368818715,69.0,57.47723195114826,90.13094166778068
1.2382588368629417,0.04631437930747863,0.08609375668317375,437.9141143851406,69.0,9.477471000858422,1.6308098575392431
0.7330226722927304,0.05098199437090284,0.05562125613039434,175.09473119030733,69.0,4.882512118394282,0.45571886024440855
0.8977246243128346,0.06589454002234083,0.05322148428783456,468.1659035185955,69.0,13.510479838236241,1.9766497295153904
1.2086676672488874,0.055852210801311725,0.039317236587567424,420.5133628465616,200.0,35.32088818643133,4.374628565352046
1.5043327339399257,0.061387222419186815,0.05700331066565949,404.86598910586963,69.0,18.320119783370497,7.027092835347216
1.8383807900743285,0.0896745436019048,0.06023500630698808,234.43947779419042,200.0,7.947863022751569,1.4864527380732204
1.5489674862868243,0.028673478347130202,0.0626151521977261,483.5505470759204,200.0,39.97570854644818,5.105991392675488
1.4603762893657186,0.09790854488178848,0.036132995563753253,347.9134243423644,200.0,23.848368756640326,4.692054005536963
1.976828897544316,0.06682674360523298,0.023507243276872494,130.45214530666144,69.0,41.900369638620305,67.29982960291652
1.5427653948132807,0.09069233136937119,0.07977862764113654,386.6129177178516,69.0,6.199887531692281,1.7871321917123184
1.5612419742949768,0.044570819020925495,0.0828330613462301,21.847587690268075,200.0,0.6692169328040445,0.0656420887240211
0.7803002122794255,0.08528881123829067,0.06605755377211806,294.6891800610347,69.0,3.707149758724288,0.3301419742722968
1.8417252724800077,0.07148619947027102,0.09688450958790203,75.61511504775693,69.0,1.2452421598917083,0.4212198374607637
0.5609908808560158,0.036959946203335495,0.06214848168576219,417.4972888230489,200.0,9.843925879705893,0.1661606416160251
0.7133985135953402,0.06310365513456986,0.030594109373670006,49.79951287823335,69.0,3.608929512701029,0.5800489370660996
1.1839395138803805,0.07924704364786311,0.08512013653038594,104.28519497731187,69.0,1.2901961169398437,0.20527785444361854
1.8770037069298229,0.05148040722558993,0.06477434229024312,71.48330442439352,200.0,3.727116805195603,0.6757390197212604
0.8981349350661862,0.028681246947095833,0.04191255661819644,97.1954540427155,69.0,10.395669354858644,1.9330858159469464
0.6054908735047152,0.09460357768568534,0.05687340173739537,83.57451527009627,69.0,0.9922171903829217,0.061797711833840197
1.9455943642384288,0.03317621351110968,0.055722105072805186,265.49256318939047,69.0,30.086665893521236,19.747439766329414
0.9679061099429966,0.09616765790832212,0.05833534670245463,367.6882721660582,200.0,6.5248668491448525,0.3492891362874581
0.785831864396398,0.03835081717153786,0.040628386894786976,96.22539668969068,200.0,7.166990258900211,0.3631158863397743
1.5176350310683564,0.07287715370893454,0.032152222707976776,322.90803093091245,69.0,39.02869536283253,27.012660991191915
1.2692564374035737,0.07716318812909465,0.0460353256105501,326.04521079649976,69.0,15.183987897139781,5.133966485822789
1.1409590633242643,0.05189752289626354,0.0979281113603142,369.51890382426075,69.0,5.082724697987165,0.6528132846357512
1.3295601583870886,0.07927270647392122,0.03999745301357959,22.975761689543777,200.0,1.445242756222857,0.21291349784911456
1.7135728246303215,0.05654403615926787,0.06934595273719374,88.39550562397588,200.0,3.3423733260588326,0.4717563069408959
0.5298288274427793,0.03004546718997596,0.04848942227596562,304.5204693555528,200.0,13.703463394532648,0.264443713851566
0.8278160874470127,0.025269445175776804,0.06761004843798392,17.924445436169012,200.0,0.7707484139232494,0.02604041264933145
1.7140696221449452,0.09581582633756737,0.035793767921332896,17.937129831178574,200.0,1.5027286793696553,0.4111580698101522
1.7155764526793604,0.07805313928308219,0.08858578924623174,20.0117507722534,200.0,0.33630081507747234,0.037244552426360406
1.9895136732128864,0.09436126282460006,0.05576879767922559,415.8976393635798,200.0,16.916414822427136,4.002115761327347
1.843771225687681,0.02628166964569946,0.04675354278545361,67.8142265056727,200.0,13.05861424767771,3.1650121299569034
1.1251211250048463,0.05785567012855204,0.035281507394661904,24.267144102666492,200.0,2.274725552405554,0.2720565443579537
1.947812765495094,0.03603671107537157,0.0617230622943233,337.2047097215842,200.0,28.704633921045158,5.881359256059579
1.4452861941525517,0.05402876455861019,0.09143541749293022,248.10025315564366,69.0,4.7629757528434,1.0513111657145224
0.9480935089539138,0.03682141305833895,0.03500503930463546,221.9453070891082,69.0,27.98251852384572,6.942537383185411
1.4505232368741598,0.0703004024242155,0.0768008506459368,136.07772005044086,200.0,2.8560979223547394,0.2608165759804134
1.423496067985524,0.03876725378339731,0.04166920230699917,232.32803414764612,200.0,29.479066670966212,4.778480649823379
0.9547981426411395,0.024967995841201497,0.07707618190735846,34.267439084274194,69.0,1.3234891823589945,0.15124568183091763
1.5254841135665003,0.057300387209004405,0.09522836274096583,328.75640545144273,200.0,5.790858740163181,0.4717053231618158
0.8515295259697002,0.08417157645893462,0.07597050993789235,122.5629131079996,200.0,1.289004674364807,0.04100979691400116
1.85936335233666,0.07399609766644531,0.047873962817159596,60.078256002559186,69.0,3.9520757588275446,2.757490766774076
0.6542595467539524,0.035736375598239056,0.06692977094441699,243.65059243503367,69.0,5.97474822758237,0.36919861017850725
1.072996125729749,0.08624892533444854,0.0744056243032224,420.6403483218185,69.0,5.671463091974675,0.8479013038705896
1.269395660752879,0.02703801453967242,0.06119064173398271,135.32759394204453,200.0,10.180985224396734,0.893670790651689
1.0651982080522115,0.03293365433925159,0.0554467240819177,296.31692896062935,69.0,18.704514253244433,3.698205555581489
0.5844155010259844,0.08396165482977308,0.025807218210699298,358.6205925191375,200.0,22.48768883133404,0.9920323342538536
1.4069587827983556,0.034073822214592875,0.04962053640202828,54.60351844528736,69.0,5.4942635844265855,2.1177292535196655
1.3214157221526048,0.051147876214817714,0.08165035489022944,19.245861125049192,200.0,0.44749100384679086,0.03189950301189689
1.2656927364029529,0.04402131743787277,0.0436697720820286,229.1339951440955,200.0,20.72736901667643,2.534536645836439
1.1736533824121833,0.03905450216049349,0.0902200356612001,206.5251675224204,69.0,4.57495675541293,0.6748750279950699
1.6003404174473845,0.09481142616047282,0.08164283289289795,64.68655581065497,69.0,0.9828355149339569,0.29788399751538924
0.9093299518957668,0.07360579300579381,0.08401333661658332,371.7029573436766,69.0,3.903554981020759,0.3712057632328909
0.865290349716616,0.021501890194581305,0.023680412234443303,492.2738977046633,200.0,211.9652962565328,22.339732563187304
1.0992735212701983,0.06136839041616089,0.07359557126675438,217.19916632156662,200.0,4.309898845064922,0.23588790638174156
1.7097066080445977,0.0911569692975309,0.07379678590667897,495.7835028477726,69.0,10.244721103556138,3.9207172490153757
1.8213806064576534,0.07169770941324968,0.029101356765413755,439.496668370485,200.0,79.09987372364493,30.056798119623313
1.6590484171306994,0.09541520680035766,0.036986352693159294,254.82450795828007,69.0,19.433494239345308,13.972919611838218
0.5105630454328309,0.06624695536851723,0.03788346708974984,241.30910394152085,200.0,7.775153537229586,0.17833506941120575
0.9886480599507739,0.042252047892231345,0.025543709998415782,78.05525751945922,200.0,16.794977117031348,2.1421882049719176
0.553627693448485,0.07045825393704447,0.07645033505716302,51.80941766246135,69.0,0.41791417757216265,0.0161883644859587
1.9351740773648438,0.05735754230185637,0.02183065960239592,101.49958639615998,69.0,43.11330443930723,71.45690121317304
1.8991736825941277,0.08239437612980524,0.05807574803331879,28.55556363416328,200.0,1.170899110888297,0.24240008967679214
1.4231343927436402,0.08434735510591482,0.05514653626157329,458.0130299874192,200.0,15.246390878632525,1.8664629954046301
0.6976887904126634,0.0813173221478655,0.04213711214924747,142.0454685225131,69.0,4.11839288226535,0.45966998586794433
1.27239521855617,0.08916879615309602,0.027031543630615388,154.72566162354943,69.0,18.129299785155784,10.490927623809744
0.6651535582018846,0.03628441071046727,0.02957207333667622,334.5453915686249,200.0,42.07698348692102,2.0983861233334613
1.4112858672709088,0.06468511360281107,0.04801847653038388,284.37078940690105,200.0,16.144705482215667,2.2321865138592685
1.2551208904105993,0.09012943007946714,0.022597639877754122,312.97932639836034,200.0,51.21057692015865,11.899985894745448
1.550522916082387,0.05100739227418345,0.046917321774646636,154.2049158384825,69.0,12.776976955013671,6.325734025078568
1.3484014261478403,0.03261058312736459,0.06631333509505638,199.8021774106461,200.0,11.272243579419541,1.0302120989826036
1.161923693319796,0.054169630886676826,0.08229295481233874,208.703018738377,69.0,3.9662163441595553,0.6286785011283302
0.7432810969699464,0.08495623051454453,0.025662976115231634,242.58547963796488,69.0,19.335698527569328,4.021783357691939
1.8076408001993822,0.085617400793326,0.067018236587188,60.23449581778732,69.0,1.6988719010715307,0.8002976794535597
0.5373552024471406,0.04537980897907442,0.07822979956369223,85.39960168092665,200.0,0.9914286271667159,0.012198063739932905
0.6252473683978739,0.057800581484815775,0.06533629736526451,354.6536066648526,200.0,5.392203298799459,0.10754599175950103
1.7022153595208058,0.07351667128518075,0.0669042190579405,398.28781263852073,200.0,12.361464518455115,1.7845313260295776
1.0776097068131683,0.0759467976164004,0.08659742344403602,60.777565485587104,69.0,0.6899802154687558,0.08939522197106027
1.8201486650223928,0.036917690702388456,0.09482742303888811,214.1280823804902,200.0,7.04416167724998,0.8203285656544126
1.0458629577284186,0.09482446540020222,0.02382623366560325,492.7767030058803,69.0,57.444043603997144,25.47996456625014
0.8315895765659165,0.09281093707285698,0.03445080655264779,22.809292889394683,200.0,1.0331756543203174,0.0691308010793114
0.6091914930314581,0.071559672654637,0.03279087265803792,375.0711589412193,69.0,17.81740518333628,1.9483132857966665
1.9194663580644034,0.032199391102001734,0.05652119616800941,458.1786849582884,200.0,51.297510464433024,11.14614527570703
1.3815073773199338,0.07926003783296148,0.025795757771769158,27.782903818237845,200.0,4.366477620606034,1.0768819820202404
1.4513329390273657,0.020872715229240484,0.06784559178974452,155.77562061712118,200.0,14.118728099043324,1.4611230393198786
0.8029955047789614,0.09151524409875623,0.03846981303303898,123.98347914536805,69.0,4.410568687459242,0.7142666825858014
1.0129454295133635,0.06745001007362268,0.09322611706340697,293.0574078943639,69.0,3.038314965798171,0.32309255116090696
1.394419985282158,0.08205730496446739,0.05865498117337038,247.52831662603936,69.0,7.3357190277330755,2.3495497013411755
1.2453751780301165,0.0843264040497848,0.09207982697887603,99.33020886129516,69.0,1.0381024937540422,0.1689412879516327
0.6338509326737854,0.05577594762954077,0.08709870212596799,167.42393557952252,69.0,1.5048236425042332,0.06706683935556826
1.1049363147645503,0.0780173913516614,0.021717311160255014,483.3235684381383,200.0,87.08090591667444,16.31812007301465
1.0219789329784943,0.0739602042837175,0.037296218363476116,127.85965432782864,69.0,7.620772901248304,2.061948233694626
1.0806425310543428,0.05640308363545653,0.05348104665117344,407.8663591219946,200.0,16.39262667784773,1.193140281167406
0.5736345325593812,0.09465763306715913,0.0884016405314039,423.7754987256831,200.0,1.9717238603867269,0.02446442925262246
1.7760720574514073,0.08098248758609419,0.06546793233220377,44.96113074963785,69.0,1.3803864711231313,0.6426179951777046
1.40776263497166,0.0927585050340852,0.05817200964334003,491.06803167188184,69.0,13.214187701471362,4.349555953577659
1.4694809999708447,0.04154375134647975,0.02590735849173286,145.72429608341764,200.0,46.07816887605433,12.802028006697888
0.836628770172267,0.08412936785922424,0.09081424790815555,399.60640115050586,200.0,2.891085096980905,0.0742764638841955
1.907255576597072,0.07512813682310522,0.09251140702695188,153.05466550323177,69.0,2.7240402809017192,1.0348935399695927
0.6262281970553144,0.07544736860397792,0.0797261171997787,303.73348375759014,200.0,2.379749343174498,0.03901886070091423
1.5527811266389455,0.09048659088337203,0.08254064355392228,37.86544749578399,200.0,0.5722484963642365,0.05572063310967832
1.572041857296739,0.07529092749159685,0.04454677790041575,322.960717290247,69.0,20.38871317083732,10.928520734613805
1.422190729839941,0.06057233217033604,0.05211778090826093,38.8906084596177,200.0,2.017008390145109,0.2609253178181658
1.942187612419569,0.08541476184230663,0.022145067832504087,179.52892872332498,200.0,49.94475711331464,28.35789534505707
1.363566545926405,0.08754721710534194,0.08986719133146744,335.1853280469953,200.0,3.878536700112912,0.2674842143259866
0.7397709237178545,0.04035523911985063,0.026816973328100006,69.49813768704675,69.0,10.629240411712328,2.0957845546304545
1.7176487097654802,0.09652364633695974,0.09036881157090454,118.54865490173145,69.0,1.5499274392536844,0.4889012426709865
1.0504280818442722,0.057908443013577865,0.053307715740868775,394.7705508427071,69.0,15.11959948453573,3.0237265341635546
1.510535215381919,0.08110345368089043,0.032136707478308456,231.92763451068606,200.0,25.095306000940784,5.939249506639284
1.7060341074895073,0.058539059523964515,0.02968168871611951,336.7871666791205,200.0,66.84540223533179,21.8492784284145
0.5352722580980873,0.053758698247636835,0.04518212269039317,31.486645163950563,200.0,0.9214470221821763,0.01947744365234027
1.6650725598062162,0.029399310088288652,0.0920045154682728,434.44553275709467,69.0,17.440716635754058,5.077865125038778
1.1238801617222762,0.020699157639361178,0.05066797099284215,197.4037866053332,69.0,25.049959971368214,6.0335537189276005
0.648184188936285,0.09351188455569592,0.026260054698683206,135.83957525768423,69.0,8.192528035757142,1.2664231080807709
0.5303423814683781,0.08491824017091999,0.02049499423348035,405.08884434959833,200.0,36.137764383388834,1.6531219624717344
1.589345302594479,0.09784147320616116,0.05048700681013271,227.4115102932736,69.0,8.695603421810665,4.203550571056906
1.3962529944682514,0.048178175292699826,0.02308423164273278,152.6694526094512,200.0,49.81800381916898,14.024192949178273
1.1287433094347534,0.027736355217452973,0.09277267134720862,142.47385480670437,200.0,4.041960820015627,0.18502957904685158
1.4961235279974052,0.06941810786453596,0.07233505436545841,72.24340296305937,69.0,1.785445103518703,0.5338168091768216
0.5361887550168004,0.0991880180092823,0.04853483653191429,34.61228340411115,200.0,0.4765767468829274,0.009410082389246007
0.8069277074068317,0.055455886773265226,0.028091021217969248,343.61955706401693,200.0,38.01728007043128,2.9373893493855463
1.20605675038579,0.036578181613117766,0.09166391012463247,449.8044855781775,69.0,10.590681468724098,1.6237556111267726
1.9335520288279948,0.07424287609862552,0.09730823679490519,275.6475853379943,200.0,4.548909652713939,0.5825700835293585
0.9704150830914775,0.045053206945024,0.03911248343636868,430.64144290883655,200.0,36.38045412683309,2.9197559034965694
0.5280062151186993,0.04548954756762453,0.08161742254506797,16.005740699653426,200.0,0.1673357339476874,0.001905296771885757
1.9238932067392183,0.07556906675554259,0.03210906338607171,80.15277745691473,200.0,11.875487689679105,4.56314725496803
1.9397070917434014,0.028364511849882597,0.09286482491338864,390.64435538409225,69.0,18.58622349102721,7.27565116206686
0.9981528896376248,0.09596403949335354,0.027436557849010397,399.81546920013994,200.0,33.14668814396449,4.012207633555998
1.727540954907516,0.06648372138720594,0.08368094553194957,256.8203651840062,200.0,5.717953026053755,0.679750371769435
1.5606805416693494,0.06859443139473745,0.09473378673434474,334.50260787625376,69.0,5.088222789533284,1.2640053232340884
0.589090723586686,0.028679308209448973,0.08568615906952957,435.70048333400786,69.0,7.3136041984382345,0.2861836349803654
1.1545120984630843,0.09157920264865795,0.09401541943072673,466.477807081347,69.0,3.9919555038816723,0.5468185398236823
1.1329991635861303,0.0888332770149482,0.0780575101185119,336.80171005143086,69.0,4.230094369260931,0.6721314093247487
1.4157488351885803,0.08898782782479692,0.049157648909030766,421.61362779679945,69.0,16.654794971873464,6.561154483368613
1.5888298959562168,0.02592403690968597,0.07089040425403659,493.47490506893587,69.0,36.109060475523556,12.423477907499239
0.7493588906064255,0.07928634073881397,0.08154088026647296,386.65464953342286,200.0,3.297730690122315,0.07570041568495862
1.6894604613204862,0.046330690848884595,0.02403708000842629,70.23020363547703,200.0,26.59445019167504,10.526502967469339
0.7508426907190193,0.02684963573286277,0.03627386496696593,156.44917944689226,200.0,19.950208343853674,1.033547078038665
0.7191044378342117,0.060366382282562664,0.05310014996454261,104.82669198287341,69.0,2.6572257688485768,0.2500208894799549
1.8015074940885212,0.08741091574147215,0.08024754991762353,314.87075293955075,69.0,6.046310038901984,2.362601240588741
0.7756971080835682,0.06361012910043398,0.061905855614679414,194.0163748120314,69.0,3.7041798962062398,0.34785987356048786
0.9149629177928322,0.0898163795227661,0.04174376275419906,311.8660405668936,200.0,10.939163115199753,0.7312708065854845
1.4255784027886471,0.06674142701888483,0.09721901073456754,296.6275528683112,69.0,4.022128702444961,0.8123564452306326
0.663350745182268,0.07055142017134292,0.08812678814686445,331.7426225628708,200.0,2.4097617169326413,0.04010803141052951
1.0963488014724618,0.05048426076456711,0.06323371073790507,420.59925795985635,69.0,13.706139917240202,2.517234267665316
1.5774029959877542,0.09392320668802852,0.07895061655035104,272.40307706818885,69.0,4.4037429136368464,1.340946355756361
0.6945546836575016,0.036666401078852426,0.03122031380188399,215.63554631932124,200.0,25.144050226812716,1.295059152351812
1.2229755425898123,0.07147286486874907,0.09449761038909611,86.12654841012032,69.0,0.990200684001702,0.1514250025835028
1.1302140224857051,0.079376080425544,0.025565205204380225,53.6127058156022,200.0,7.007957386299038,1.1671919862227271
0.8954698509389909,0.07360919216330773,0.08137456079877273,425.2932939088506,200.0,4.6879329003587475,0.15398322508642928
1.4211474315778845,0.027424159756555922,0.052633148777960215,289.5344079882132,69.0,32.4966454442046,12.048059365707443
1.6855785258160627,0.028558064895534682,0.08126465256810717,247.4904387888963,69.0,13.271699009725799,4.483141746507985
1.0726204069596346,0.06338365995908299,0.0736139879842257,136.9628533521354,200.0,2.5662685157972254,0.13369421198394513
1.416941371842922,0.07525711810146003,0.08333059092989666,60.603979160197994,200.0,0.9859338216412514,0.07918188032471363
1.742271985037569,0.06709415045398766,0.06865914575782843,397.0756379974906,200.0,13.12378166189,1.9340658333511564
1.4404754943565419,0.06687588266207542,0.09888844199045872,14.448062334241476,200.0,0.1909440523609685,0.013355221482979322
1.6067826747188958,0.0936881319126507,0.07362108231902106,202.8959651529011,69.0,3.8520580759285705,1.305162415814779
1.6176091713024865,0.0722842494079968,0.0536037455092354,116.30669443841964,69.0,5.434950771523802,2.5633465798382824
1.0999713301496126,0.07011944281572047,0.06910204778182068,448.0852525469473,200.0,8.832282983415093,0.515493904822392
1.2688326095882672,0.08352342819278069,0.022705325606269186,487.2118074522948,69.0,86.14094002458808,59.01333874679454
1.9214463876742962,0.044149183257263795,0.08916320736892486,449.7960606537343,200.0,14.774103273945377,2.0391573347033027
0.5746575320852374,0.04861428711386052,0.07528827047742455,237.7749271388956,69.0,2.9751430226196685,0.12608353731337402
1.3666697300692372,0.055437938613809204,0.04235110895849374,335.51545022105324,200.0,27.668824136162623,4.067539812558331
0.7768762831590263,0.047376416122601885,0.03942886388828011,340.89967002496826,69.0,21.574411754831296,3.1907154594332985
1.2996968138973009,0.020327810923104917,0.0821662959645271,422.08300935751635,200.0,23.98353213104572,1.6435476046494144
0.6345067712726307,0.07202667787894922,0.024297849631686495,189.32119710954248,200.0,16.94953113979895,0.9361406772160193
0.8540020425084409,0.08630633173361622,0.09142465424981662,28.747062222682718,200.0,0.20418992863049612,0.005429596482107795
1.1868923262611895,0.02061147945100421,0.09554901434624359,223.71766378975735,200.0,8.466448274290748,0.41607961339255345
1.0044190934432915,0.07503401658900453,0.04062259899983911,432.7932396954317,200.0,21.064592990835582,1.7437893915472635
0.8302183860256664,0.05093482072789027,0.0568472619431407,82.935686397126,200.0,2.5098695834993925,0.10143901961017047
0.8696869457965228,0.09084351742718928,0.09103340588785003,104.32255940282158,69.0,0.7230975836040763,0.05804725289263494
1.815292840470792,0.07359879918282076,0.090058395649905,169.3138789878678,200.0,3.0893802389054223,0.3768072872373136
1.2719588212380275,0.09497227983545169,0.05629431574299927,71.10025467687939,69.0,1.8028911442955544,0.500622902905569
1.0878482743407532,0.06276250179184867,0.03039592837395815,235.10230951282986,69.0,26.46338537328964,9.954656836179172
1.0217978679859283,0.09351223006983261,0.0703226524881896,339.64229250566905,200.0,4.502763169730588,0.2228397134404995
1.5431435416734538,0.02387570141377135,0.021495171493030974,194.7737034582485,69.0,163.47446709671735,174.97714144923916
0.8311373081985212,0.03942013140626567,0.0369261918869329,258.1882034279988,69.0,23.95373889928342,4.329562309263134
1.7996947307512756,0.06642277267642509,0.0358188727894754,69.33353716563056,200.0,8.785219623547075,2.647994897327064
1.5995208009830924,0.08115419320236139,0.027047871619161806,328.32882061189343,69.0,53.07292113875065,48.50419823505528
1.7040098652415914,0.07584986294780789,0.05609965341355182,364.0919932200634,200.0,15.594064521907931,2.6904325179226376
1.4806661929492546,0.03060959248937029,0.036690231339394336,165.12853654554533,69.0,35.60181137969107,20.553965165850606
1.3101888881493722,0.03426838005084415,0.02380824395238718,108.90109765637933,69.0,44.072645155679666,30.702180933595198
0.8588605191433728,0.05357018719210292,0.02709470802544555,170.29063730014738,69.0,22.31374910811323,5.869390419093243
0.5799874660146239,0.09118380082785538,0.06030911570407273,384.08493870881864,200.0,4.030078668158754,0.07492841138837208
0.7219088828967899,0.032768465561024224,0.04538387454462141,255.66759019408292,69.0,16.407789237360824,1.820425542071251
1.5635856571583306,0.06646046398028654,0.08914359604110395,191.4181040285308,200.0,3.4002611293983818,0.3108452408280804
1.5167230843860042,0.03220626639556096,0.05764504459978935,149.68581230625148,69.0,12.72840090135488,4.907768963183805
0.9482576507911971,0.06903823192831629,0.041137406018008374,258.50072475095385,200.0,12.588555647553482,0.9172135395143077
1.9286115407873674,0.05944262798665066,0.06126269359607937,241.85779479895697,69.0,12.54486300428118,7.359003470562559
1.4563640758105432,0.03662582346982278,0.020914348843799696,474.34908633402404,200.0,258.72785223169507,87.46161577118006
1.6354500204920623,0.0726521744740163,0.04305210282396971,108.9697530960916,69.0,7.940669835448494,4.7664712015787645
1.126002817656413,0.04698080559863709,0.039627651698154354,335.66176768926164,69.0,30.73799043818543,9.502015592640316
0.618966996733321,0.08500577509294897,0.07968927561457649,345.2602808669981,200.0,2.3752929142493615,0.03806545502569864
1.934998750619177,0.08744613954831883,0.04968295595717376,94.59541648079316,69.0,5.087993379866986,3.70476051007156
1.2678057491580592,0.0837294068581799,0.06768734821996401,135.74496379352186,200.0,2.6917497311124863,0.21306462851662794
1.2645652642862342,0.08828016474003889,0.06437115406364885,466.42378618594773,200.0,9.67447625414613,0.8011196961951602
1.869850131058946,0.08447866905079714,0.04192269166779573,90.79654484102767,200.0,6.860914240879217,1.9073270822062873
1.7398384770380817,0.029390343990629484,0.05960657223706532,436.29523151845365,200.0,43.61618569440321,7.383293672564986
1.6651804676353237,0.047350984738301585,0.05777157166129407,191.93725781395273,69.0,12.134292619411172,5.627072976229548
0.6114705458751191,0.039180177466248925,0.07546344448938974,471.4929460096131,200.0,7.752867192591035,0.12804291414535984
1.3713522195763856,0.038016575504541114,0.022373494173193606,43.03388278748003,69.0,18.606735023327257,15.11102887658977
0.9704752259644225,0.025160892592678143,0.08152170585715636,89.2191800854262,69.0,3.106857756597337,0.3467980670235305
1.6635967680108794,0.031790059557060116,0.07432258892400516,458.07656820086675,200.0,26.03780650334265,3.2319039635439832
1.1634716683262982,0.04024921408125859,0.032207413330258845,47.3013435693942,200.0,7.9088154454478685,1.1080158278602337
1.1408136925109762,0.037575745967493114,0.04021026636572475,328.51077258178765,69.0,37.01127786249212,11.574073350250341
1.3514592043683036,0.07531896602428073,0.07764749352051525,93.4221396820279,200.0,1.668187140302241,0.13079825620415902
1.97682695091598,0.06890688891044336,0.059715672312892876,69.97440030543109,200.0,3.377690047458663,0.736796441984767
1.2370921006339746,0.08473148776071525,0.04030957826634035,66.08263774310488,69.0,3.5627004867473695,1.306877185366072
0.9975975522803631,0.0698077670914694,0.06324653920255073,300.77348313069643,69.0,6.447166576564047,0.9801725255936228
1.4396975561776881,0.08530199929208324,0.061718652732326865,311.1388360885231,69.0,8.271507274049295,2.683925174568758
1.346256241403588,0.06536073361662786,0.08916330006062509,38.717669724789445,200.0,0.6018648838559012,0.040779986317683675
0.524777040719256,0.025404059951849557,0.08804817357130462,495.4986447323143,200.0,7.921815352438421,0.08259100700078241
1.3861847176148432,0.03672799934989646,0.022999752864301035,213.70897264572093,69.0,91.48533915384101,73.84654756623792
1.9730302561482176,0.07078528809121677,0.031052517995962578,258.5182865760205,69.0,44.8373168930406,54.308765947529864
1.522467274571373,0.08068427036752952,0.021148041417714928,404.71901895134965,200.0,102.45275699379994,37.430719493568105
0.9271143694868649,0.0648075972865993,0.03181178665932089,403.9317873194616,69.0,34.26025183035406,8.94393768135599
1.3871987200297595,0.07016334388072046,0.053346363276466566,134.60874200507948,69.0,5.611038911766143,1.9555794794740644
0.9432973171778151,0.08364591906145145,0.05985481870409444,13.343631565124163,69.0,0.25201761366400016,0.03619833742291424
1.4643199775644316,0.02634120716263169,0.022409893985966888,149.25986093406615,200.0,99.13225663720529,31.617382312082018
1.7068894864995083,0.05870793088460338,0.023271016978855075,441.5865845916247,69.0,142.24762514342217,172.06800302780965
1.493154286483979,0.05078113798983118,0.07274439909541867,182.87886963059455,69.0,6.097024131139563,1.8054579339198145
1.9741682693363518,0.06043821606283967,0.035013594044066454,206.6987636291625,200.0,33.043669928284515,12.260231283155374
1.9954334900501778,0.09640522315827894,0.0545971754356452,308.6887301680561,69.0,12.860811319473132,9.06217313986466
1.9838424627408258,0.050985805643944865,0.03210419630468803,272.6905750650914,69.0,61.76688066824149,73.15902025903105
0.6399927823248055,0.029270489005378535,0.027738410275808284,196.35268220443663,69.0,33.4788130141017,4.776373573004094
0.938992736268109,0.030424719922789657,0.07168804775626415,35.60151691466505,200.0,1.2828086795098133,0.05259183773823468
1.3315394517235513,0.06197274209830776,0.06968586963476302,272.4274153958588,69.0,7.23212523603907,1.777824722345066
1.0011729681925605,0.08649164558862042,0.09983024971747075,116.17495057464266,69.0,0.8096072467349131,0.0785398576432294
0.612435398347096,0.08116290486294774,0.08604521326651593,147.6185921902966,69.0,0.9026961315917962,0.03801850941526177
1.42940407296881,0.035488886490083436,0.06864921008097279,255.42882436858216,200.0,13.098232902367705,1.2994690490807073
0.6408813823323161,0.03151705852325277,0.02194451334925021,364.50488435571657,69.0,92.34952618325588,16.700277148131466
1.440488676304403,0.035985913444125744,0.03769506296539103,201.44184410700038,69.0,34.049388000511094,18.10940513857269
1.9571979083587858,0.06619876714534362,0.08155307360565824,310.18482448377245,69.0,8.273246635144648,3.754609493462594
1.0498797618898585,0.07371555275252778,0.04230838213106315,51.19701542113411,69.0,2.4441254633690597,0.6152276643336174
1.0873881329414752,0.08565108798188652,0.08768896931771004,465.59179798423935,69.0,4.612308475200487,0.6009000061719554
1.8192877379590855,0.09607615109323663,0.08742386285147401,415.2896537608446,69.0,6.17345339336853,2.258190711480993
1.7360065718982454,0.04595681083133285,0.038526489423096305,25.642322665908704,69.0,3.9155359703553705,2.959335204998545
0.7893613627637699,0.02216355288392415,0.04158302011576031,318.98008487051993,69.0,39.420238507788675,5.707088397367168
1.0868301344018176,0.06818640639843712,0.026179913442719905,286.9855706597442,200.0,40.04412128302288,6.022442332022461
0.8898656234486173,0.08355684213893727,0.08070514499535633,420.90695572506814,200.0,4.129308407101051,0.13505283434980073
0.8973238877136416,0.07583149264726585,0.09011820797346828,377.3884045127497,200.0,3.2992432208432243,0.09826050453922379
1.8582408645959896,0.09051885083501857,0.05232456516208031,227.65681766826316,200.0,10.241973079282221,2.2529977615033854
0.7661307689837925,0.07604463462670659,0.04147952468966138,308.08279411683594,69.0,10.82394257339592,1.4798481969467607
1.1724239246266168,0.03265365851737845,0.06343585223356366,478.43942674399693,69.0,25.613060747731936,5.362356646106442
1.780514295775146,0.052057593155109536,0.09355504325449489,304.9080960286545,69.0,7.149030973609393,2.3406180775737893
1.6725570870723967,0.06473419663480341,0.041716088281058814,106.18206365527624,200.0,9.458939408086408,2.1143628068108966
0.6040310161355078,0.06934756352905795,0.06950745945564137,58.55139022918652,69.0,0.6333644220414555,0.03212183733290954
1.0182707326974163,0.09832063526526603,0.027671379732349052,263.1956390145434,69.0,21.359294139771606,7.7328975291929005
0.5690718694933703,0.09224089146093123,0.06664146630643644,252.3100013476269,69.0,2.1030047530282765,0.09873919817857799
1.497700775722524,0.08148880514660192,0.05566048940979337,336.0256022834602,200.0,11.960702330018677,1.6067137715912005
0.8161413048288061,0.056822185694241634,0.06530737980066162,76.40652763655743,200.0,1.5438482755165994,0.05248700822460628
0.6455419250936171,0.05276981803662038,0.04938647210754281,129.7005647981294,200.0,3.9031565148456053,0.1097831314109469
1.9876254699488825,0.07307466772496853,0.027910637045094493,308.7491026259617,69.0,64.68225617981945,88.45943633775828
0.5769594108979037,0.09439324342260598,0.05095931627794987,265.1981898150558,200.0,3.7452341388484993,0.0815501284642827
1.11977170699768,0.08317346371817616,0.06802338092472668,338.20958050090934,69.0,5.904259419859076,1.0515401217004419
0.8234148213143644,0.07508255299404235,0.02637224410886132,135.3767837931535,200.0,12.807988150357831,1.0976147517807322
0.7114455522211321,0.05446704138005756,0.03946610048658389,197.55843508098494,200.0,9.940455292370665,0.42495617231832133
1.2172526017848808,0.08871066814894486,0.021636782135546026,432.1901305059657,69.0,76.00560363001226,50.28911739629659
0.8406545771687941,0.089865352008005,0.07609731033192235,221.25185119468662,200.0,2.144494081115113,0.06638492275264579
1.9905074037102497,0.021708952594627816,0.06896861824448751,251.17482621858878,200.0,29.05020741049541,5.562935854194821
1.6117044410694974,0.07449747486163621,0.09031088309571497,403.92836599822783,69.0,6.4286425042665885,1.7865272373355818
1.3399082721551592,0.0751221972020271,0.09360838196743942,248.62901009127998,69.0,3.036549469424053,0.5626980486926776
1.426160926931596,0.06388661330624365,0.06055197919937823,89.38788638971519,69.0,3.2653662526610985,1.0597423121648333
0.9515984144053709,0.06812238261254151,0.020405914684453963,314.8634799321577,69.0,63.376067674108086,27.172918856159583
1.7341736555030653,0.08156658149501145,0.0864810888683084,84.99245866576614,200.0,1.4496717243827237,0.16803990723862072
0.8868499686556304,0.02489614113286093,0.037327016051611414,257.6141506087144,200.0,39.51777971720826,2.775545286762235
1.300795156250916,0.07127551860420549,0.07509759866349117,432.16200080266844,200.0,8.391010272641653,0.6302092453004731
0.8736139784309298,0.051201169088938805,0.028133616636044946,92.45508511853193,69.0,11.958332360097357,3.134323749981401
1.9050023329036836,0.07054124227476644,0.04281668178933711,387.4979357260426,69.0,34.2489323268401,28.04688953704448
1.9928812543825538,0.07434035034130015,0.04387663558479932,358.64010168453274,69.0,29.964033928572913,26.205319290633973
0.857596371887273,0.040448330130716095,0.06652273033298879,255.76696690845336,69.0,7.35254870350391,0.785404462186779
1.0299702011853213,0.08949646618455312,0.022515526693521224,115.7991380373632,69.0,15.772884695123897,7.180223917610674
0.658653491621439,0.09682032188404115,0.03637164340032812,23.33857353897354,69.0,0.7200956477128404,0.08298525037227325
1.2411530536704243,0.075993383355068,0.0628805683475819,220.14654280870496,200.0,5.456067855239342,0.4455461856230346
0.8842354625213946,0.0841502825187846,0.06614892905882475,398.35199718591736,200.0,5.739644109244536,0.2261396674627141
0.8202540224203395,0.04656880990058497,0.04199468367015413,46.138702982441146,69.0,2.764911488977294,0.4279995443578375
0.9944943912459746,0.08384069714509833,0.07691265527708131,365.9176253557183,69.0,4.402368849143116,0.5469567021765692
1.0687144228820231,0.06902377389580738,0.05163918510081035,36.98605369853663,69.0,1.2885267990221567,0.27535759920435193
0.793828399753268,0.035401571568197,0.0975913763149837,460.5852259643582,200.0,6.506425448928602,0.14004352201470693
1.7489256977834058,0.04350159672823227,0.051231629392937364,76.46090680461701,69.0,7.027170947246274,4.053635721373847
1.8355217164188566,0.04718633397799386,0.09289401039652742,467.8227628147315,200.0,12.65320267765643,1.5297150923623544
1.0610933778998994,0.04618773023856186,0.07266673126022231,228.18457164335183,200.0,5.956529006150488,0.3076405575012047
1.9641406272938504,0.03612172030545936,0.040933814360850376,477.72049237186775,200.0,93.0175387141637,29.221770872133476
1.729642865339978,0.06483986043391979,0.05601667810461794,29.533227809658882,200.0,1.5064052919166984,0.2681736522636403
1.5136396953994715,0.020908539062580483,0.07637295169838101,347.21576819869904,69.0,25.856536992476414,7.4943755192571695
1.5747888334463347,0.07900144355467681,0.06820143951465586,285.463010070614,200.0,7.340088702562576,0.8896745461556235
1.3412686081932743,0.08176325340200574,0.056291723559005066,415.0650311537338,69.0,12.892463193321943,3.9809115164758144
1.476282742002507,0.05855601239710678,0.05619089720667812,37.95974648485054,200.0,1.818614583106937,0.23512160279045827
1.4263513695308887,0.0965662458733617,0.06536754804396037,407.83429218612713,200.0,8.458858815431201,0.8775692026709012
0.8668863153824833,0.0954393260271349,0.06355951029630773,251.72236683843585,69.0,3.395836371057404,0.3879271339160568
1.1575172265191145,0.06960696107863423,0.0946626306595133,239.95237180526985,200.0,2.6717384975128406,0.12605179962048746
0.902727974198431,0.027833717033634867,0.040976037883235214,351.38664872141345,69.0,40.725110765856044,7.825385898114247
1.5846319246184204,0.04560451818558267,0.04044648848678221,380.97831636133344,69.0,48.55236536484347,29.123664704196777
1.5939840522144828,0.07171188072473263,0.029335778795382364,404.9158505148042,69.0,62.749987422455966,52.51019306427702
1.137949149706466,0.06533117157102135,0.06386465453296514,170.01042011938796,200.0,4.356202557892411,0.29442315010434594
1.9658755986840022,0.03368139955282298,0.05892777685452147,219.73414247515402,200.0,22.160246269312953,4.844459559845631
1.983586140041971,0.032245608714053395,0.03729053805195641,27.529737550107182,200.0,7.306956257983174,2.5699148460549814
1.4333837831920122,0.08961984812985807,0.05286858012030708,142.33947434604872,69.0,4.886969150477921,1.8349598847968873
0.5776799008702652,0.0933442066438314,0.03707065910481882,321.8447145418156,69.0,8.69634788789729,0.7563812635329997
1.423645923066546,0.04502329245024954,0.08716892084234777,378.39062408590473,200.0,9.44785058129331,0.7322410457884582
0.8397689234535968,0.03853450748763977,0.042203659865098914,451.2286391920803,200.0,33.12513558820742,1.8450404579465935
1.2760029306089689,0.04086227854656522,0.049532487971384334,261.79441985532577,200.0,19.992193295283812,2.1905460546496944
0.852312056331877,0.07914214778397102,0.040117361809070023,191.4522349423049,69.0,7.686661564657842,1.344814268857182
1.8224596632446373,0.025122392071880873,0.09199161790824752,123.79934025303189,200.0,6.367515372287328,0.7663309041113283
1.6239015479936543,0.05662488620122233,0.06800870043108301,279.57955373354184,200.0,10.401118856009715,1.344354236205722
1.3573905315737835,0.08395050176707419,0.025077082863558652,72.59683959073845,200.0,11.199443786688402,2.742886363952121
1.6963211540283596,0.02484499425507452,0.0493153417560548,450.7582282309341,200.0,75.92765667324905,14.76769964345766
0.8042985453022795,0.023438679576060606,0.02304581599661833,12.987668890502363,69.0,5.034802274053875,1.3654774934918907
0.7196499532050684,0.031941270046817294,0.06501181891783317,267.88686025504006,200.0,8.56815174623241,0.22751821966874652
1.4587249330296619,0.05874553926893955,0.06475016058868037,388.82084529686813,200.0,13.817122310099803,1.5135692979692887
0.975674311435888,0.09869081565683249,0.08499083130041589,172.9454286740208,200.0,1.4201830190650648,0.053022563986562014
1.461029474163149,0.03189458805254925,0.03611138429484044,139.04316986709563,69.0,29.30586985357211,16.737403433689668
0.7588665691682925,0.08925755093604633,0.06648787897837749,197.57026548291338,200.0,2.279860796960822,0.06582266157819248
1.4491337011617713,0.06625724943404304,0.0985319352588758,148.6439370991908,200.0,2.009182923304608,0.14273751245515579
1.9938572839366469,0.0570241542900599,0.08239314566899009,197.55404169055282,69.0,6.105063952641788,2.8460788130920958
0.6620890316401247,0.09663017262806639,0.04951007757368024,63.32137821259469,69.0,1.0619841464745192,0.09084831225190089
0.5581408855759535,0.08051457908224519,0.04054221759888331,354.82479377666914,200.0,8.978825248842059,0.2299738407773243
0.7881415910132399,0.04649734462400388,0.06951360942909444,443.1573026636633,69.0,9.327077303545835,0.8052743752085919
1.6027206672282062,0.09212529295176511,0.06174485952456761,370.64778095245083,200.0,10.148222867183495,1.4072900242371924
0.7576122185513137,0.03101143068193611,0.07617737353151353,268.85424322359347,200.0,6.791118734734822,0.17056425221385452
1.7240123457059444,0.057604051184740976,0.08701785319349889,408.9321234480883,69.0,9.697797081301275,3.200406333127799
0.9413577946973612,0.03882553398202331,0.09369589772490322,211.45348261881793,200.0,3.5039848922462897,0.11046630810648388
0.8197815597938631,0.09167027651013888,0.03547657730973407,60.80239142847036,200.0,2.59213781595921,0.16367841458264965
1.4451240530402647,0.022478743934390505,0.07067707647581585,108.20158233616229,200.0,8.355275954931459,0.8229457862851366
1.656531437955544,0.06352171793490573,0.05004797426290694,249.38224391809263,200.0,15.57834145560306,2.8471662381784104
1.7338189235027568,0.03632428474557274,0.08374494593954937,296.01666054628095,69.0,12.088067026172185,4.192425756489983
0.884995867492067,0.04659743569063049,0.06558100464618835,109.09617480772252,69.0,2.890572509541233,0.33354001070276384
1.3291279462879637,0.08603189559069027,0.08255516478283023,279.1614377327404,200.0,3.796867808652001,0.270827993964567
1.9015924449642736,0.08551766133375982,0.07209887618922135,347.0689936569019,69.0,8.907825560440022,4.316559633884643
1.4410678598081839,0.04039683283163199,0.08342594271663267,300.23506727030025,69.0,9.233099927191791,2.2206234798666133
1.0124838350634127,0.0925052108843938,0.042411296768454426,238.43047401749033,69.0,8.705060822159922,2.0329472258300183
0.8887237171544992,0.023106199028280833,0.027474834434336914,352.95031851522003,69.0,107.90285128694222,29.970295675420374
0.6886171007561244,0.08063657328110828,0.06070387343561501,48.191737538172674,200.0,0.6700956020886512,0.017448364142208583
1.4299228679486116,0.06793951590005354,0.09651454157811254,241.654004960673,69.0,3.276045362895255,0.6705667698288279
0.7555524924672858,0.020930544374720767,0.09669174584158184,402.5608665507688,69.0,9.325843427218512,0.531970627182176
0.9050705312418375,0.06596323366776967,0.024087881493746723,428.0607862445246,69.0,60.73513071319402,19.95564934983332
1.054113431478191,0.09280856042844743,0.07459492332155047,485.56263040221404,69.0,5.946717023138609,0.8558592435133753
1.421605248012629,0.060747267861159554,0.040382894301275334,349.8394052958486,69.0,30.121553037914765,14.564567880079435
1.429506468158004,0.05343818027356384,0.08444628430792855,194.5892164388281,200.0,4.379690220498561,0.3532757631906945
1.1825039420175567,0.033649746751943044,0.03199463682748925,443.52784250015685,200.0,91.3563134040905,13.308996796689623
1.7429780796349212,0.06880390623951647,0.036364214777666076,68.08761051838354,200.0,7.8261784296732895,2.1794059231533143
1.047813550995691,0.09941480863221072,0.04005410046135392,45.14504636155268,200.0,1.7795095296737435,0.16259234773716036
1.272468987858093,0.08715756676039933,0.09210081075994721,417.66118624047994,69.0,4.313110362389874,0.7326240666889858
0.7410222149286487,0.0782654598144319,0.023406380419515153,163.39948977758465,69.0,16.9431640027712,3.8404521744741267
1.9225006342464237,0.09120614831151795,0.05146466242635653,328.2013091950157,200.0,15.671684458266391,3.7516151337729777
1.1990978652078863,0.043823747128559465,0.032369063998612474,314.3548331377365,200.0,49.25566995789865,7.293132337758378
1.9996380532908147,0.04923629032701832,0.083850370259934,191.84828395034467,69.0,6.6491368089040614,3.063534108640529
0.8986216762316347,0.08463135306554549,0.05449540784688146,74.6147300073475,69.0,1.6006692935908078,0.22916861353909618
1.0632431281375243,0.07809395469219521,0.08606798370568557,191.22353626048266,200.0,2.1087471374651265,0.09232658910547442
1.639026154454076,0.05029442826150429,0.0707199640842532,422.31383247917665,200.0,16.510814660187222,2.0906290643457432
1.69959450287421,0.08168703680873278,0.021511329653462887,423.05681106877347,69.0,114.13204678858314,148.0780326316709
1.0621154791522578,0.06712633082457475,0.07215529922174314,499.0182409433964,200.0,9.099343010918007,0.4742027043043117
1.5705138996139683,0.040065135931778365,0.029142051751607438,199.53319694303096,200.0,55.258784152120995,15.589906624828206
1.3299210848900533,0.041653754649351324,0.0907427746232347,367.54339731803384,200.0,8.55081447328775,0.5555535376610305
0.980426944731045,0.056464042545172025,0.05860132535949579,106.766044484635,69.0,3.2390137883428296,0.5133286279830132
1.701079188299761,0.06917307752191301,0.03784755616223553,486.7647250688891,69.0,50.13974232064597,37.03846402761782
1.2383711210889854,0.03767210273075851,0.040532230925734804,228.7235971163899,200.0,27.45947060861051,3.4631557885622954
0.7003872483157625,0.03774699155229329,0.06735140277317336,338.2983685153601,69.0,8.302593005596481,0.5842560454808396
1.6309013410247237,0.06386407640837337,0.06892945323129211,248.66184421609336,69.0,8.01902906416026,2.9897300999537606
1.152986957298811,0.053191480431602836,0.0986124739927631,195.48898746879092,200.0,2.6145211250722107,0.11748646455881906
0.9907581149636803,0.09981206496813999,0.05523322002231748,286.4230573626694,200.0,5.591690158397223,0.33125066405500536
0.7848236932967128,0.09158538984479045,0.036271863289724704,483.01677805520745,69.0,18.8764204622137,3.0970886598162366
1.325250250938241,0.09205569847573207,0.05322705407642901,183.80567638095533,200.0,5.603927743016574,0.6163602635428734
0.8316203185210502,0.09530977650931331,0.07494364258039121,435.75837709558266,200.0,4.061767310447957,0.12494220633141417
0.6266895499282648,0.026796372515567296,0.07557880310051349,431.54340090973056,69.0,10.601129911313024,0.5322512653868485
1.338406995983863,0.09814533581319895,0.024569969536319188,383.9674047208768,69.0,52.042111092662886,36.659482817613586
0.6157265237594824,0.0672498974766832,0.022719024605894395,198.7854838451405,69.0,21.156936830371563,3.4111316579491224
1.3905790059889886,0.06636993271015242,0.09670572196055392,125.83400925983813,69.0,1.6914892129371188,0.3267894655218978
1.6611072121049517,0.07859525818706434,0.03286616897201507,337.52175272046384,69.0,39.62380424822925,32.141198251737755
1.608790862493404,0.07697636449676666,0.053864191270098186,128.72825330958418,69.0,5.563742661306754,2.5830078311149376
1.9400028580189448,0.07268572262135205,0.060280757668221635,70.5963725958328,200.0,3.111211171848568,0.6474917989261537
1.1331687103953272,0.07995615650935572,0.07659577278027936,203.40000287972194,69.0,2.9480528538093607,0.47750647129433804
1.9897847560678104,0.09109294861356737,0.047990490677602665,169.91345689083607,200.0,9.669187558835457,2.6590453128011027
0.5854265893248154,0.09963452958185663,0.020175919132732947,142.44144843410612,69.0,12.33626083760204,2.024672352481888
1.5257434784567034,0.07476878229138073,0.056732413844348115,398.08944639099866,200.0,15.143651435240706,2.0712910683554724
1.8622528677711707,0.038199305545275675,0.0940766887302958,127.955836425356,69.0,4.2289299250847145,1.5062096286961448
1.7066365578875113,0.03278593852171109,0.022807128497857397,210.88226774447116,69.0,126.62035270718142,156.23367500122774
1.1944683428336162,0.09604964329679845,0.02244291745559698,327.84795231505734,200.0,48.56730322872574,10.29183252701665
1.4092406475455208,0.09770644161190083,0.031198515414512025,78.6892758293741,200.0,6.996178897959365,1.4844857927263992
0.6509153165010058,0.09166324364382483,0.06913652650359745,324.0615850287779,200.0,2.8886369297778387,0.05900830366619098
0.5853359281017101,0.03776692619334129,0.0856450329220416,390.87602131659276,200.0,4.955408490796346,0.06607944541071055
1.6789677143037778,0.08956656847292199,0.023227999955787892,47.88045280224002,69.0,9.981188913335437,11.703474120076798
0.7611852298252371,0.0538030319617613,0.07914079318154608,258.1078264439786,200.0,3.498124233834076,0.08536783763998684
1.1101530962720028,0.02853389498942953,0.0870926911208502,456.13855600909665,69.0,14.038038501774835,1.9193320623946655
1.4052823755781858,0.028533762214291523,0.03170086430627693,237.9707955974624,69.0,69.97409147846744,42.11657192620425
0.6285107050800209,0.03418272476725556,0.03765466368262525,477.7427974502546,200.0,37.171822413742184,1.2998677960083336
1.1879518304239065,0.07793281757812032,0.029825602167951333,55.23226404031003,69.0,5.678637001874812,2.5960449001997414
1.6350470968662068,0.04074859488530625,0.02322138112251501,268.0950293919571,200.0,119.69652677057404,45.93384295660764
0.5557716078342541,0.05859057554326082,0.05533210317292393,268.19995798290813,200.0,4.9856776101659195,0.09277233182317332
1.2925097937349184,0.03008131323058489,0.08580495907369122,104.09123564744469,69.0,3.644833449384669,0.6856344564253809
1.8733970514462077,0.09156355093866451,0.07152180605786013,325.29836850000356,69.0,7.806626397260253,3.7012143561550848
0.5954333999088988,0.08955964475453224,0.055128209857481694,153.85326746120634,200.0,2.0194403238419443,0.043291463050222294
1.6329294127466052,0.030652831605859687,0.04144980517803916,364.2556166000771,69.0,67.76560695839865,42.11931626917036
1.5065978606226584,0.0413936308231773,0.037310356063416344,348.10158784602254,200.0,54.60875706039394,11.07404633129697
0.6983393657095152,0.09438474026347185,0.09340464476819495,445.2828962725305,200.0,2.2657660082161577,0.03943286913503324
1.8459640622120104,0.040151201113477246,0.07267920059516633,74.71836798693326,200.0,3.901962077972089,0.609815040126155
0.9683784989701367,0.05401789883322393,0.03383492109327843,62.17030466575782,69.0,5.841324876554662,1.5642138236039427
1.520626598736196,0.025831976507803233,0.07527544736562246,240.3893357558791,200.0,14.98389438341698,1.5342469513620378
0.6892640089028755,0.06134171372509037,0.09810939067028361,205.51408575842362,69.0,1.4394659083597783,0.06734752788766257
1.46249263146088,0.040477899573807055,0.07376952338675394,254.35197265889735,69.0,10.13230194829125,2.8384298765927465
1.5008479863644455,0.02801529554260018,0.08400162382844595,79.86142210512435,69.0,3.6379307309040674,0.9425400389119011
0.7702265616345352,0.06606585394259615,0.05646483646483744,229.04205543473967,200.0,5.025181728110445,0.17599058114757268
0.7396787909169774,0.0992354210520018,0.06023740351903528,99.85558715499113,200.0,1.230743588787643,0.037262021842217455
0.9115095771718076,0.08223107891193475,0.08150672726246674,443.01015656184114,69.0,4.435098509984385,0.4368093618622827
1.6701832525341809,0.09954541042610035,0.03732697855479419,289.61680270765504,69.0,20.925325084353076,15.109054083360142
1.8831581849479202,0.06287450126125882,0.039362275637887745,67.66188024353968,69.0,7.847786241682296,6.8312506657561025
0.9806347159289768,0.06019895133354587,0.038313995888467185,236.9663168296265,200.0,15.777613392038875,1.3200097370074613
0.8588670254609463,0.03759046078582717,0.059965349012553806,171.49345194025312,69.0,6.53802144833772,0.7770652425619546
1.9854271178173042,0.0763328923632325,0.08835430041979186,344.18327875970783,69.0,6.880624593293838,2.965976596256206
1.1472664189394486,0.06938994614194989,0.06540458020460614,244.33529515512222,200.0,5.666160388809066,0.3800913708178419
1.1069408483080068,0.05337729491571258,0.08042769725503461,82.56068779075001,69.0,1.5881120358964804,0.2337674185429907
1.405159721043335,0.08719130137857488,0.03335204740666399,305.40293307315386,69.0,26.548010922278284,15.18520023167683
1.9410817949776291,0.07581956640757664,0.08056779922194367,15.029686054919432,69.0,0.3556646465429223,0.16070393846625242
1.1845653111734316,0.09582555592651326,0.08552055888989793,20.75805738930049,69.0,0.21051088693330608,0.03337195905529578
1.9723606799117595,0.08492609489069762,0.026610799801665728,31.78604293515668,200.0,6.254852058458069,3.0479689028928365
1.2279959121674033,0.0819734607888995,0.03416419886620356,450.4883557197962,200.0,34.69093363826098,5.1040783745444624
1.120281287710275,0.05188865151389842,0.028424906306264396,275.6712648835649,200.0,44.19766880546792,6.504789252276981
0.7757076189695866,0.0595589142478173,0.07757025542998179,256.2422664057883,200.0,3.327843231622166,0.08604834013475801
1.2836101900523786,0.0698507263782758,0.07836030665829948,386.6193931212244,69.0,6.94232371731632,1.4103753089896638
1.790277602271337,0.0872723812028577,0.02829074041604681,191.99860747542493,200.0,29.525975444156145,11.150117458336972
1.815514090426047,0.0344857086727601,0.0824523791080683,471.6035262075502,200.0,21.912018201781592,2.919827412602694
1.4297238881416399,0.022535301362791183,0.09520659577510131,385.3787305670273,200.0,16.184292619426866,1.1582699192623733
0.8896942700628092,0.05918967554937879,0.07425187826284543,295.8703509878449,69.0,4.839858265283396,0.49850146269225315
0.532933746634656,0.06929324948453879,0.05963742183336365,291.4194996182965,200.0,3.781067509756669,0.06002342317727346
1.4520758811840213,0.03605500988067896,0.0725429620864779,280.7851203007499,200.0,12.893133015511104,1.2491671288675517
1.1705394667415099,0.04398778950705046,0.08045434475808041,214.65968738709932,69.0,5.294886580046719,0.8712422586231551
1.6222708659837861,0.0785492899210355,0.04516373332054666,37.13123151658516,69.0,2.2557555816698436,1.270014250904917
0.915167834713061,0.08751165706269534,0.032960044099854625,461.07828806000487,69.0,26.63086017623543,6.538205336030566
1.8465964952981748,0.07425490271139812,0.06784566709532223,192.73679728206767,69.0,6.247676411658268,3.0338917079068652
1.0013190650747477,0.0301884484057857,0.06778483094451578,151.8104710882612,200.0,6.5753615359790265,0.3241983761614579
1.0859987146937076,0.04347953401941877,0.09097071208157385,470.10061384817925,200.0,8.513013272835106,0.36789093275375184
1.2926779517969265,0.08637918714237057,0.036573750290476256,200.9780799914218,200.0,13.490939078326319,2.0546228509607163
1.6428669109126484,0.08633351037013345,0.024267831885709724,268.4909778340941,69.0,52.05254570004263,55.93393993403551
1.9852096782010975,0.07543354399688203,0.08344925550706721,15.618486256029735,69.0,0.35414990438443356,0.16159840882194032
0.8535100489786722,0.039215590937496554,0.03641342945697153,148.39200639538197,200.0,14.614651575627926,0.9745921421461616
0.6357622503136469,0.0960509977415596,0.030707946744124675,237.508177050638,69.0,10.00278918598224,1.27209475452912
0.6520557966543031,0.09183920903713275,0.03412798537594816,92.14665139758199,200.0,3.370281134062406,0.13995993841594945
1.7097782959207737,0.03892221870496927,0.04385307236160166,231.7526036245155,200.0,31.762745316298172,7.057913827463693
0.5962738144005896,0.023324340365024742,0.06532417213488931,156.58127864433388,69.0,5.628330916010175,0.2959762303020003
1.5609623426562385,0.020149247832339717,0.0892378889382691,468.16265235534433,200.0,27.326438125188858,2.487123418074324
0.9740054362437286,0.061544879199669986,0.022850084855312626,429.1395330167772,69.0,78.0447326998593,31.30676492012162
1.8956368067103917,0.07078843771271653,0.09405117992993772,378.10178836494083,200.0,6.867905171921902,0.8746797096706922
1.0848907029844796,0.09055943090404626,0.05953587730503988,368.2658315645483,200.0,7.468054246963681,0.4921295312880225
1.5497655009826385,0.056943090295073204,0.07992858813547117,340.18331656299233,200.0,8.695307288699066,0.8709505864038684
0.7863583648297967,0.09970678588786774,0.06585976291311049,171.48292760388583,69.0,1.8708010627098723,0.1697102671157168
1.4478646534875708,0.07072744909455693,0.07733425849274013,82.22462050041392,69.0,1.6886873408668948,0.4422755222175464
1.7793800042147825,0.07363693953305661,0.08583309790641734,470.0704020405935,69.0,9.250763066686499,3.297006719923992
1.3400644941123754,0.05484459487965844,0.03421542701401256,393.70827877860245,200.0,49.30304428464385,8.625453096796864
1.7990406134468706,0.0309010911251872,0.0629875397731303,102.22266920571934,69.0,9.000286392115319,4.468309725156858
1.704985603779355,0.0643441256823472,0.0606800283229067,406.37116205121276,200.0,17.546657294848636,2.802004297571772
1.0960716407423265,0.03937860738525856,0.06615703854675992,482.9813840411339,69.0,18.429269349396144,3.2334756420425594
1.3547108893362356,0.0793702153295406,0.04161762376371253,316.22581100629475,69.0,18.697479648642155,7.966337159736143
1.8295621809961802,0.06147933691833489,0.08071959950081116,351.1071719462401,69.0,9.621680994253449,3.8550139531916754
1.1033697696394082,0.0457260541860328,0.07215341797344561,238.77047563053992,69.0,6.640112102640038,1.0824810807006942
1.7865600651193545,0.07001028509910673,0.041155951989827584,226.5988567309289,69.0,20.48327693321098,15.348349462211855
1.2633763151566872,0.07534689545175623,0.09710992690060288,146.64127828201734,200.0,1.5643992602120502,0.08570934606497337
1.6841214833396045,0.055941863233232664,0.022123973469666564,88.14894619700921,69.0,32.529591228910064,40.29229073203009
0.5224929550811075,0.05062965569582684,0.07556659950581282,452.8707657205975,200.0,4.910675572832544,0.05913586955156
0.8624634386944614,0.09760068935633458,0.03628381178582245,497.4728951111719,69.0,20.034692038441303,3.968357621667941
1.6054605048193404,0.04699280384705681,0.03246511207961468,101.90751272701033,200.0,19.819464088388205,5.245090647209674
0.5877185561946492,0.0406356529677261,0.05322911861786438,207.62622715155126,69.0,6.359120767396668,0.3987000168644205
1.6864229068019516,0.05153606411936289,0.06582410489880587,103.0212980515758,200.0,4.668351931096026,0.6723421784955218
0.5797324704547218,0.04903457392470622,0.026051825275392054,417.0806213378124,200.0,43.59334237080047,1.874631921888184
0.7943848545563881,0.024271916737033106,0.05748429632619653,170.09232656816226,200.0,10.107980952740878,0.36987574389944355
1.5199666726206464,0.06968890191142005,0.07207887134917404,70.8629344982796,200.0,1.784945138123979,0.19070574264841894
0.5970890828757884,0.0998334316033796,0.05161588308269742,115.47918072372951,69.0,1.5554331539575452,0.10380204299272944
0.8037363342703994,0.08693590931145505,0.08198008742645703,477.93739484302205,69.0,3.944753851660101,0.300329771420857
1.8303749461653835,0.04069312594055305,0.05888968039331055,146.12084295281895,69.0,11.371140739412539,6.25035396842686
1.7683823928363998,0.05322860252489049,0.04347338543571891,256.3459393454475,69.0,27.037210814955063,18.7910236943908
1.7162208363234956,0.020045650518528958,0.08200571133036993,144.1928386234518,69.0,11.014372439973961,3.8222725229923964
1.7149451099084398,0.07508355747677452,0.06736628921774106,299.63843865491174,200.0,9.048339923680391,1.3167565147728229
1.357524083696937,0.08923000628024004,0.08024097861331532,315.35329336778995,200.0,4.4708778799578095,0.342271251070017
0.8597009402097531,0.08293000040059903,0.08478320347761378,464.78564499419315,69.0,4.021796082720274,0.33873859223515146
1.6348468187288803,0.03924651353722571,0.08583703346028737,189.6841499731314,69.0,6.434412175649549,1.9357441739995827
1.0003313068238486,0.02379505935131552,0.0843425974093513,238.74151728905588,69.0,8.46529945740131,0.9703819873250966
1.9001537886683708,0.026908752289735036,0.08954739348502047,220.01129018803192,200.0,11.624800574230933,1.5623877000512179
0.675782845671424,0.06080997319339765,0.03170081483262769,158.20262604193545,200.0,10.496788316360973,0.5040563445063607
1.9873415512308017,0.07343675029123452,0.07603842047078811,499.7607617545023,69.0,14.03480213506319,7.043327511616444
1.1643795895985227,0.031988648739372766,0.021302960011279213,398.1941949152266,200.0,191.63064417736757,40.65303003179642
0.8298906208320818,0.09027845935192799,0.0764020829988929,351.8434603048707,200.0,3.3245054755633148,0.09989466881401048
0.8081726643986005,0.07657113843694116,0.06917087952193535,325.98604786437187,69.0,4.314621667462912,0.39362927113754836
1.3878394972562509,0.09027744385143535,0.026265165644811406,203.6070360189922,69.0,27.223485810213695,19.288645248743318
0.9573479250931749,0.05046176840849788,0.04022131214499945,27.211819918117207,200.0,1.9147130787293831,0.14543395519176913
1.7085925527858103,0.07035169171094541,0.08303142884648991,317.04547330854894,200.0,6.701187165632379,0.7853531679662749
1.1172985346317414,0.05644708105558381,0.03871013309787148,345.44908578681435,200.0,27.378755861477497,2.943108332031142
1.7769488202809598,0.056719968451870384,0.0944630523813562,276.0562460983023,69.0,5.8151887756657965,1.8780680818897688
0.746647399892902,0.022047209125129398,0.02385885653888442,337.5069532468784,69.0,120.47492338383869,27.198051845274573
1.961343606008703,0.06393110667935421,0.09136353809364693,96.65993248551766,69.0,2.1315394777772805,0.8671365440581541
1.6845856377297916,0.03309830490456957,0.09610978625809086,399.44116536497665,200.0,13.205540727399107,1.2997310981475023
1.2768075301159914,0.0726905409686302,0.03274506127830877,106.03464957673509,200.0,10.422093744925316,1.72957254872663
1.057737525615484,0.028669222015231137,0.09708976450446276,273.03371599375043,200.0,6.411839450011805,0.2462882887734684
1.9228042203311992,0.09435522354280253,0.05887372829336368,495.91890834184534,200.0,17.493953107774313,3.6619743457636798
1.655564093406111,0.09465929725301638,0.09725901402047227,193.25728396236534,200.0,2.1439276221445684,0.20139607381781655
1.8613063673182535,0.09953331767639077,0.06317862606463308,462.27966731817685,69.0,12.99466448781005,6.884783215097331
0.7899394458050011,0.025215775255873662,0.04669141951843437,79.77921915311288,69.0,6.878414644264936,0.8881749637107361
0.8570137055236476,0.06409184457891891,0.048228982642357324,50.73901122139489,200.0,1.750096695221509,0.08883993327961061
0.9295984249732308,0.02400240409767278,0.068109924479888,283.0238762676139,200.0,14.177320707552434,0.5995884642859772
0.9820043849949183,0.0765581523728407,0.02326039752486694,365.59684442810556,200.0,52.00455768897305,7.186705917394605
1.3010407339856105,0.0528514662905582,0.09325278872360653,263.6019181975097,200.0,4.477236271119909,0.27089982124248485
1.2606516798273926,0.09695859403066656,0.04002420299397265,94.70272522324655,200.0,4.611870878826767,0.6104124825203823
1.0765887674220431,0.08769749860072909,0.09402863040096862,362.8677387871253,69.0,3.0230270016536323,0.3600321258273248
1.6791905495703183,0.03186874889203737,0.02252277545051257,239.16206671745928,200.0,149.05093382803568,62.20016007482113
0.6621725260277559,0.09761590158454436,0.06316568755673684,322.2477348288357,200.0,3.2872236734236773,0.0760622360772035
0.7244278591364633,0.07399989522940185,0.09784688123338069,376.340412364435,69.0,2.308884298916078,0.11964791091733924
1.874968758654476,0.033497416052963,0.055806703086475576,248.92772187186998,200.0,26.843213815649232,5.636570731934716
0.7513868007249637,0.07495232819335315,0.04187809944790258,237.09578419935664,200.0,8.131667057801613,0.36542520013635726
1.6935107763240225,0.07828662203100326,0.07949988804743043,198.18070906084967,200.0,4.0698650077831315,0.48940472925764933
1.5353264077641984,0.050790414468352335,0.05238128195662144,459.5800543993075,200.0,30.37939633013002,4.557043789764846
1.9433880930514331,0.09763880250410716,0.08255867451900199,186.45224888348855,200.0,3.2668601706035374,0.4981563316292726
0.656925233429444,0.08125586909935308,0.08743817379144013,76.11532967274051,200.0,0.4829280489571002,0.00794496494435312
1.033392134129556,0.020034102858216905,0.027267719982551702,68.15553495208084,69.0,28.36938901752166,10.734729624793177
1.8121211203708718,0.03350397546556911,0.04484380641828124,326.0800719450096,69.0,52.6212851392427,37.23000338572417
1.7118412918876669,0.05309245710308612,0.03086116233145786,216.2164145923946,200.0,43.918351162536005,13.90079021151323
0.933753948022733,0.06031238058348741,0.03854422541320787,374.542703726454,200.0,23.41854597877076,1.7658111380171875
1.4557489115067754,0.05400253455654164,0.06778222164045712,279.9446845192545,200.0,9.855171996399081,1.0270701379676765
1.8817455551353084,0.040397646302781476,0.043740513981966475,224.36170882301073,200.0,32.774574483512225,8.844101596827546
0.7366012448413349,0.05176421023186756,0.03806166541883414,496.6682783348567,200.0,29.271498433648016,1.3909157019233855
0.9536971585977502,0.0405009111933341,0.08467296101260999,18.50726831534113,200.0,0.36471176376873193,0.013058844398320862
1.1848383949496175,0.06689505393907699,0.034566219608491516,190.6049230395514,200.0,16.953005592491053,2.295048163784147
0.9352556693537821,0.04522211227347504,0.06336637675284791,472.05248687747417,69.0,14.588253303661215,1.9456502295358522
1.5210420858935485,0.09156244195651086,0.05994575493937278,384.7744229073838,200.0,10.672457696436913,1.3729894965901694
1.1175725892095143,0.021404393135686667,0.07614402499957913,63.47386800994269,200.0,3.4296308487614358,0.18751748719354763
1.295525128334364,0.058124244587482776,0.07418561985777943,81.89864968975834,200.0,1.9901098609922119,0.15008170308451757
1.516477060657578,0.08949005946829978,0.03432065879369453,480.9443300191652,69.0,41.514123859893246,26.876431296868528
1.4264229197875753,0.08744897889179068,0.020995081324059316,295.09879390798676,69.0,65.52048872141562,61.35017899227545
0.98286196140193,0.08708569106768484,0.090589648956465,61.478913766983304,69.0,0.5073013375679691,0.05226754907027473
1.3759723155655446,0.08791982659350905,0.050446862780232735,43.89607354068427,200.0,1.6196884000134504,0.20262612817975717
1.0843074836207325,0.03888378272539242,0.08393612666111229,203.27100933954682,69.0,4.827394518562609,0.653323724508425
1.8471011384442366,0.042413448760250265,0.0625906784269417,125.41929074870797,200.0,8.36533545927014,1.5199657420375168
1.3808876488664537,0.09983182183106913,0.08229947661340119,122.84668467911165,200.0,1.5052543563041456,0.11625409375976364
0.7945737227552557,0.06872481843720374,0.0638338500967327,52.102286766372096,69.0,0.887005992227407,0.08476246176231111
1.4965711785979576,0.07849544589294143,0.05250613955869249,225.50107954346717,200.0,9.356913506782314,1.330442244027427
1.5272348614457911,0.02121360937817194,0.036811371906677035,226.8958903283473,69.0,72.32777994539568,44.27865697149886
1.898628419881192,0.021321803478938212,0.03959019528569477,218.84476893625194,200.0,74.59816999330216,22.641188984433278
1.6623854432577865,0.06999779450599297,0.07357352714112583,261.4902823102255,200.0,6.883527022149486,0.8618499182424028
1.5387014387341384,0.02672380257957137,0.03632566028220956,65.90301096573694,69.0,17.25383252780918,10.865267703365776
0.6736762545156982,0.09638575098927425,0.025602782931953644,376.8981149680207,69.0,24.11233516084817,4.12965933602868
0.7131583527051594,0.0293967954194492,0.05277314638284415,202.7578312549054,69.0,10.59714543957886,0.9867508367339866
1.6791614590215458,0.0379629874232552,0.021682125428405634,23.557781325236824,69.0,13.298847567665353,16.709240923865547
1.2503455916042112,0.08645652632346913,0.032867592397219175,191.01165447641512,69.0,15.342905728298193,7.05114277846354
0.7145480415454517,0.06432606668439945,0.07393884894668559,407.28154517671567,200.0,4.965294907745722,0.11429151100503966
1.9356669905889423,0.02947350259245108,0.022020524086885623,57.66233029898167,200.0,46.85835433183896,26.57659966014816
0.7607457382287437,0.09990103074733467,0.08518151043058418,258.0069431352669,200.0,1.6246564131280044,0.03679374498622393
0.8477024630565309,0.04256906307852664,0.09422165443785477,441.8034982472506,200.0,5.946046518575775,0.15116220284999946
1.8169123920568226,0.09705416530170104,0.07215037722514513,81.30940063885191,200.0,1.7544241873521844,0.26757326576587576
0.6198455224297204,0.0629874032658976,0.09360467938298433,487.03148388223286,200.0,3.2820329064230576,0.044904622834377066
1.6017400979928627,0.04280661999658019,0.09792425334408823,253.856852769753,69.0,5.943478756379125,1.5045069277270602
1.0439465380122828,0.09097027326158755,0.021885829841460563,413.7207009477316,200.0,59.471819364489754,9.871507240469075
1.1935872720751792,0.08655089908609716,0.05133528965439692,352.14304537401165,200.0,11.05658293311722,1.0228030497126064
1.5298129638422475,0.03335001223204283,0.048614970246599026,199.24961918094732,200.0,23.20336870824279,3.7233720632730947
1.7788739013621824,0.05040597822214381,0.054531206246374364,181.6053788080113,69.0,12.931617929239533,7.250329386563803
0.8837886987359804,0.03349870783781626,0.028161666753711588,14.411395991930803,200.0,2.8764774965635533,0.26593668979706847
1.0273104336702306,0.0816535835255975,0.04148417401879337,77.22639361255166,200.0,3.387494193599264,0.28726204991196674
1.5705258179948496,0.05817614766087077,0.09869250522581492,451.6353103312046,200.0,7.510535678935828,0.6256848595232156
1.8054095602485098,0.05425394737683499,0.074963258598068,247.35090346089507,200.0,8.788448940981487,1.273778746300832
1.1341432293394371,0.045147081649695886,0.02998621881450326,117.38568407348185,200.0,19.67710468312201,2.81354615846627
1.5533618101075946,0.023848563551935733,0.06722121347242649,97.4529314150403,69.0,8.428375181748383,2.9230914936593106
1.1315230983083366,0.07646616170592516,0.047693942387641845,231.7450977203645,200.0,9.045435762296096,0.8094161471826303
0.751701686351179,0.037903756679595016,0.07629015099236316,57.632348498764365,200.0,1.1782674704228044,0.02909009957000465
0.7009161808069431,0.03879752633656268,0.05571220344831232,275.6071620471866,200.0,9.625052965041574,0.28292003927611603
1.605585679913137,0.04056179583149076,0.03337585166341448,33.60898283678567,200.0,7.165693326800775,1.8448946794362517
1.7355138001024866,0.028884804597448542,0.08916534533405948,213.26656867972014,200.0,9.670311804180667,1.0888781159487453
1.0327718073410197,0.053015319599514193,0.07267257778363818,490.3078487081588,200.0,10.851304615626912,0.5308830788037023
1.4425308459300394,0.05126253913820589,0.05785708240201885,407.7093931658731,69.0,20.56429870076962,7.146069593097719
1.5150304535340482,0.02051462971740696,0.08523240299699997,450.3727924074408,69.0,27.4708192339113,7.147748346971069
1.6649580534358996,0.08193605104437449,0.023149215545249905,332.38586196054325,69.0,75.62223403307662,87.49424090184068
1.6438245277306123,0.08019329738721226,0.08478285963934912,285.4704743605009,200.0,4.8844279831021735,0.5189139043500167
1.1508854010351968,0.040807488107477134,0.06563132160898202,71.26146467815505,200.0,2.7994706186684635,0.1883248679396413
0.9713800895243021,0.05686741688128573,0.07896697192370103,479.96194205447136,200.0,7.888470006534298,0.31419873627841804
0.5020297639229965,0.05196130856676605,0.028702013338521813,282.1305066884439,69.0,19.852991734014953,1.6843493839068344
0.9734298069153073,0.07108402303054097,0.05205752043588763,20.46285608187635,69.0,0.6204162796767551,0.10911102558496949
0.8972474242703528,0.09263646701249255,0.025791022162334958,410.7335675658925,200.0,35.88430797086663,3.7336981660891198
1.7343228026872002,0.04506588687774753,0.06788924401906553,463.2861988614433,69.0,23.21029605369026,9.935717298585116
0.9531270687468909,0.061193907454472396,0.03686906868214454,139.95135006129098,69.0,9.621585116709978,2.290581328527624
1.7163789771565032,0.034094250692937644,0.02617023746614392,245.21445537537517,69.0,108.14688832272846,117.6230368184818
1.7592190100134273,0.03907089368687175,0.04936644177912501,260.7315647340341,200.0,28.903322902725982,6.039966270262408
1.1053974884403375,0.026854990764164227,0.06083709048923211,276.5831098523594,200.0,18.455826557344935,1.2356081280649325
0.7283543245251354,0.07458195787100869,0.03612375490282637,207.7503725003752,69.0,9.32859440241017,1.3236354204581866
1.8936142946476182,0.04493000337136001,0.04665820974356028,388.89809293936884,200.0,45.17373438017201,11.572300827971125
1.935391540026218,0.06185195083967146,0.05282899554090101,163.33722092300576,69.0,10.98770882480916,7.527176776175147
1.189387864892191,0.04664425935460389,0.024465486704351332,466.4341039679927,200.0,119.22274843246548,22.97899449728152
1.8618496298481342,0.04263744085012339,0.07885263212888381,461.21592461268045,69.0,19.43464569349917,8.254851947185626
1.212659300365107,0.034019808236694676,0.07362754132024174,420.23936980335935,200.0,16.579610795564616,1.1037999810485266
1.4495399432568636,0.06996057490668722,0.06681685420530256,467.2175061989493,200.0,13.009934955458412,1.3637294526197408
1.0084176510638097,0.08881583206745994,0.05397224143954418,441.8475074688663,69.0,10.333151595452916,1.8810609783423804
1.8862032914767335,0.05354846849458615,0.06761131569863518,403.81347847469374,69.0,18.669587849592975,9.491874561680685
1.0050582643878831,0.06250560595210496,0.08890559708502517,375.49072444122095,69.0,4.583154808736388,0.5031269167931242
1.667689547470522,0.029209686753971793,0.06435108535297333,121.93097297383764,69.0,10.086531393384863,4.211880415412954
1.137697964765811,0.05044481149745794,0.07401570059367943,381.4302879436804,200.0,9.421698343664987,0.5492095097256282
0.7761426643478171,0.04481826149045604,0.039938828561091294,269.1888213904133,200.0,17.534935686004975,0.8815982397816968
0.9645296600661237,0.08387141284781793,0.02754972441277789,53.29018154533411,200.0,4.844685178493303,0.5453285324095661
1.8722723397306136,0.07928947852054172,0.06352300686420388,289.0460827874912,200.0,10.148683383067103,1.8667899070796878
1.7236049292925595,0.026162983751866032,0.0801410783741797,339.88835710409444,69.0,20.918359884188064,7.492168799876854
0.7529260827456306,0.09598970382479743,0.020218188682994926,299.61648860655663,69.0,34.495318595152256,9.345063348292864
1.1235654571129403,0.06033096266596162,0.06590358308613833,338.1274461289527,69.0,8.699048333460828,1.6099749709114661
0.6770490531765312,0.06397724617341255,0.021504980966313605,205.80433397507224,200.0,28.25675162545212,2.007715570791378
0.7914151899525144,0.049076058606434325,0.08053182374996479,318.2571448063071,69.0,4.748200496108664,0.35680417552034527
1.8138817724270593,0.026318147887549027,0.08408295979074706,156.35524536966184,69.0,9.145372045210033,3.457570072548503
0.5171504117964298,0.04418015782449611,0.03061278269418261,432.89915368554637,69.0,32.44307284869703,2.7384989135561946
0.5532606952808761,0.08758767887049237,0.0937633894992331,431.4272873584475,69.0,1.8598549054325653,0.05866310586942205
0.9158607566053567,0.05929760893287131,0.02602362888526118,475.1709179233574,200.0,65.02160085885913,6.9859817549792
1.0985990246765218,0.030780530484981954,0.06372392033444833,362.7923407750195,69.0,19.132313863859608,3.501088422014854
1.8050583149547794,0.06642641499533046,0.0698934977140987,328.225997339326,200.0,10.954715428520597,1.7022586312175012
1.384845018634902,0.08921309668354364,0.06006543754582663,467.54952805701777,69.0,12.069857479188054,3.7233982774469316
0.7774940272428172,0.09174613626433906,0.09299577314475066,70.38440891141329,69.0,0.4138191430852615,0.025989692476799643
1.4911768957799785,0.021418516769048372,0.039435922570626974,94.32293954113004,69.0,25.33520019034381,13.802263602111363
1.4398015307872798,0.09106061518641226,0.029735677376009885,152.7524732544064,200.0,16.38912923501042,3.8085709537231005
0.9792083104038999,0.09058573006493424,0.07103495641778718,354.1358486776184,69.0,4.551894706528467,0.593649246065275
0.6881551495120647,0.08334037827669846,0.08244023329872198,251.62755481331934,200.0,1.834264328268545,0.0351215910344121
1.8659278378209723,0.04401835847317502,0.07651687885395285,44.827402170422296,69.0,1.9473379589380075,0.8561175914610288
1.420157124028856,0.03945843190805353,0.052283453659494314,495.2592373674321,69.0,39.12477687408185,14.582099243675026
1.674905055013861,0.06747147579262458,0.0737534020043759,235.13081747561102,200.0,6.438232744513393,0.8162886289531865
1.762768595464314,0.04773559997509936,0.05754192974510154,27.00192571910308,69.0,1.806883129551161,0.942748608957051
0.8111965381215993,0.02317294783017398,0.05683786906011544,377.2714052376746,200.0,24.52869089680546,0.9466021917170877
1.270370909700865,0.046401305221963215,0.045305516167386234,72.661704615356,69.0,5.815070847263339,2.001357432049092
1.5445880597763941,0.028368894601265716,0.07742256792490827,312.0239896556658,200.0,17.004910557845356,1.7466700440953682
0.7251394180992783,0.048314824682033436,0.07255286239865083,302.687966922002,200.0,5.178195108834817,0.12509663617150765
1.2700545721333092,0.06694447109438267,0.02859054390769874,110.78741801111585,69.0,15.427818604374217,8.40981652872259
0.882829363873118,0.04083255167963566,0.03967883450138519,384.59253818573586,69.0,31.688708511669823,6.0139362839966095
1.3367305283125028,0.05090762977058652,0.03259917566762174,242.44976552353293,69.0,35.9435337385573,19.035379391508652
1.5402228004493288,0.07958984492499889,0.04970510228820075,359.938956456949,200.0,16.916248232692972,2.6912182492273953
1.258581063091815,0.02835407838128018,0.03859282205723867,166.27574420278845,69.0,29.732589440718467,11.790934670257476
1.2102308166422968,0.0717045227132163,0.060553950154324826,20.783981997499946,69.0,0.5740063646465372,0.13414370396233666
1.871405151594269,0.0524868299950024,0.03872576801849632,82.26644678280087,200.0,11.735224114231144,3.5375756431424934
1.3212446372853026,0.06654668867683856,0.06141246330396158,465.8960578650268,69.0,14.715805473334127,4.04160295169535
1.9996181457880844,0.0852441042548563,0.038570459899546626,57.65384237668106,200.0,5.454470407510924,1.8848233624194934
1.4808776138366013,0.04760403163463609,0.05843531421094186,220.82875032610397,200.0,12.070674277864835,1.509987070275413
1.5564121091341279,0.07847602565150408,0.08496912831300595,212.7860103970966,200.0,3.5071924456980335,0.3332931450284623
1.7089722399038467,0.06144984340681038,0.04516334040619479,404.17781936392987,69.0,33.06479560528969,20.659007483334772
1.3063921184329896,0.08338992175497753,0.08415795437496927,119.43360657408056,200.0,1.5850663328803898,0.10714653216278593
0.7187608823678138,0.05164278281827593,0.02211750628866434,273.04906122280073,69.0,46.611643462818115,10.519298353095602
1.0483391850445216,0.056775576198461644,0.08338605918426352,104.13360744023139,69.0,1.659187753927096,0.21128339793207415
1.929724800919757,0.0369854314210241,0.047338982652692554,259.4044760281114,200.0,36.23727774071128,9.50180572277713
0.8633785662047353,0.03887431787647824,0.041240768649079246,370.3835529605445,200.0,29.01936619455133,1.7484066225046242
0.6754297073032445,0.06452237293407079,0.03701715211131225,26.864120332530206,200.0,1.2313675218329103,0.050585232768041555
1.3834639282817447,0.06081259616233725,0.036002352676284585,477.47915477675605,69.0,50.28265472972714,25.827516466456306
1.6526362598375754,0.04965069716672293,0.09639096644582394,273.45674830958626,200.0,5.8778588468283814,0.5551573801068875
0.9949461327116833,0.08163648650377069,0.0832454637452978,171.3757595176935,69.0,1.8084010562183117,0.20777484249741093
1.2107072532331156,0.04675262304066096,0.08992968378232344,397.68617737788304,69.0,7.640447156297578,1.2032438447994411
1.211068115468914,0.09802577676153629,0.0524777903157589,160.53453425220718,69.0,4.321125908906752,1.166858440290898
1.1306833755286991,0.02535944505467823,0.03422044695204897,99.74694938428715,69.0,22.78666558888684,8.225016256454218
0.9781824367619161,0.061009343560664175,0.05365866399925652,119.86753776336043,69.0,4.004945705416875,0.6900112145577529
1.3443858010269703,0.03146171491978594,0.0837188156222761,85.50380875358842,200.0,3.1277503771413384,0.2250793169821446
0.6692953144198284,0.09732969762442359,0.04709807413318848,397.5091603918761,69.0,7.393745610852175,0.6794485476621575
0.9171229514573445,0.08129873726985892,0.06893527440910278,209.41728448430314,69.0,2.982802638391722,0.351639605451072
1.9105472300493256,0.06957350542900881,0.03186127229949902,205.86568393758935,69.0,33.4135695781155,36.98579568739574
0.9050205423108274,0.05757399272617034,0.03378713008035626,157.79478788773864,69.0,13.036871506152114,3.053504788821186
1.1770880418593002,0.027305125564545174,0.048672557551313306,440.62614504197165,69.0,48.108071567307704,13.231568413490878
1.8740553684268035,0.09659235784719324,0.08069622764633964,385.17753977894773,69.0,6.885657073278091,2.895453819589966
0.527902325737555,0.054061204703056615,0.06390027834708836,215.90820195701318,69.0,3.0980095147210434,0.13054095880556324
1.5061006943968793,0.021758744540921863,0.08632971836934594,38.90890122300138,200.0,2.1682020171968994,0.18990053261112663
1.5050741037887774,0.04664450846969136,0.07563912381943988,193.91623275166668,69.0,6.561902895825169,1.898710389516914
0.7053473909632374,0.04787227147230402,0.08188767751931912,26.998581315541482,69.0,0.35593780360847144,0.020893988002637955
1.271534995820688,0.06787232571028318,0.07505234264224311,281.7071623484204,200.0,5.62155185003284,0.40367081218878703
0.6657148859174101,0.08978852066004536,0.09000229730823249,35.89217990838729,200.0,0.19711122111944382,0.0032352886580394183
1.7078360607849619,0.03911376395639421,0.027069033032726574,407.5530692790073,69.0,145.7157524493042,151.7000661644417
1.2138582946571819,0.06278127808243313,0.04661608541276297,394.3807662589953,69.0,21.053931851373,6.429734540250371
1.1831308584133085,0.07080327988142689,0.06106121359511932,82.56769125696195,69.0,2.22029117915151,0.49177870119531447
0.7451286469796647,0.029305677910598762,0.09654089210451303,236.7148645703486,200.0,3.874660485926239,0.07427858336677744
0.9452938546584,0.021582655789946434,0.0503198992586921,346.83436589031123,69.0,35.996128814866026,6.176029384864805
1.1894336459888175,0.05270977997458905,0.09082441471769023,89.85425344562057,200.0,1.4748019081045807,0.07657557507568936
1.2231484896785265,0.050222655510245295,0.07591436521531997,231.07970256644106,200.0,5.859285118364067,0.3849087455846633
1.719419426541827,0.0833940245862004,0.06393847450092924,211.93115573648225,200.0,6.413105910013413,0.9884359797336304
0.8446204348796722,0.09148665257085013,0.07228400007803573,73.30881232560984,69.0,0.7771895022106438,0.07410842227816701
1.4412713465471476,0.027595875591937935,0.025123759198128176,222.33764653600483,200.0,110.38157448180021,30.421611293934617
1.9964661767354095,0.07051126871576636,0.07142247776345394,124.78514654684808,200.0,4.155734049662485,0.7730640780093858
1.3621209907693919,0.0731217794528902,0.08333385047432625,413.2155540751726,69.0,6.650494627767774,1.4306174543230863
0.6816167289454864,0.0797505092903641,0.02679054812355673,261.28713752427734,69.0,18.66864764032322,3.128033469812132
1.8481916035330554,0.0967979276862826,0.07246036821117512,168.4168000821157,200.0,3.674654583974021,0.5774158702647647
0.5774823836026428,0.04832857660438218,0.08534874409217053,45.06517889476731,200.0,0.44354002458202696,0.005776860860790518
1.0640311827115405,0.0987419919939094,0.05379443191301686,395.24145159659275,69.0,8.830627313059152,1.795653730818171
1.0045683885750791,0.07803729545511642,0.051282968065889833,252.44055636551562,69.0,7.413808639404389,1.4095707701989784
1.402708271588601,0.04702021336372622,0.09398794688612908,357.3179929789318,200.0,7.240100142188222,0.5052262088174061
1.9038205457573365,0.04000422563065363,0.02868800201792377,274.853059498045,200.0,95.3611240816498,40.16075076828436
1.000808194047985,0.03628601629934777,0.06194417260403971,226.15686078223038,200.0,9.753751033529973,0.5257165627708231
1.23233090840548,0.057492512024639425,0.028881849373233168,144.68405251344552,200.0,22.30683598861935,3.9097267279693972
1.5896451717849112,0.02044054572131948,0.04964304958522923,412.98041224502384,69.0,78.19365392193033,38.45679579467793
1.3253826768930417,0.05654998513935494,0.035236098143631066,179.99466396349027,200.0,20.386564880434484,3.3877984726574963
1.7982107951596136,0.05251236005335884,0.08608517030998829,53.76177577257059,200.0,1.4905523478402165,0.18662887420178959
1.8618683501682647,0.060429348491533835,0.047790044734347475,495.7740188376592,69.0,40.12926426924552,28.12427588423246
1.4578480197741843,0.09603803610042173,0.04710908609456137,221.28916769573357,69.0,9.081781068005427,3.9586809566298524
1.8846858070704688,0.02788459074241951,0.02203101692516164,301.88460803250575,200.0,252.2306260967649,135.55637268531387
0.5116780781226875,0.031162755569538226,0.07074721240885355,56.35814209398645,200.0,1.109303059748701,0.013684005669832165
1.8889050513747108,0.08250985379894997,0.053443480785458214,68.04787641354142,200.0,3.2725076109232143,0.7282574405759243
1.511310510502133,0.08024524142907262,0.06535963314573077,89.91441523180794,200.0,2.3784595912694293,0.2770590381345525
1.0613816939005962,0.08873564827715416,0.04457129945720926,148.17358685534123,69.0,5.352848094332991,1.3071711645439654
0.808183102623766,0.06961642011729811,0.0901336452075112,15.642953979342394,69.0,0.13412021060152285,0.009390451494373227
0.5126276709700721,0.031741146762356225,0.0966064656296358,363.36995803435667,69.0,3.7728306695888127,0.09915733836102981
1.7323442864416658,0.08320717540418775,0.0770426675722886,264.61840118800353,200.0,5.569062562629722,0.7230993088854565
0.803915784842614,0.05706426739962035,0.02577598310034359,257.49222484414526,200.0,32.759042801522455,2.7378889097818155
1.4592330876451731,0.09205052157747622,0.047177173355317736,278.89022651838826,69.0,11.91843212829461,5.197520353167135
0.717188539513859,0.06624765031275331,0.07082063624261935,220.71495476276974,200.0,2.85842120012547,0.06920091350519761
1.18094973795397,0.06663481683131296,0.04095405320874364,378.12700939430414,69.0,23.97316506754115,7.8877105280205795
1.8647500616729722,0.07287258402388823,0.07746341215744044,426.35738976293123,69.0,10.909083334267848,4.7314313894770885
0.9215933873085131,0.08674821967595221,0.08791417300311213,237.74535393815427,200.0,1.9607592754391008,0.06314265341756527
1.6413345023410952,0.05489535995946959,0.09725256822230617,216.89294958291435,69.0,4.113921393218038,1.101054352873566
0.8395328933671005,0.07786960908068562,0.07206824478650353,99.68423280644205,200.0,1.24153667577228,0.040473409126727575
1.0290110723860553,0.056030586985052394,0.02751480340979355,135.86055517635657,69.0,19.774553342058933,7.3525843324863525
1.1882268403656495,0.08656550538380886,0.03855470975789502,114.19255035929793,69.0,6.326865996294546,2.2385642552015046
0.868862480710605,0.08019596242295339,0.09917339854877323,168.0336324584642,69.0,1.1105947444784685,0.08168120870644686
0.8620859925294949,0.04878883847670209,0.03037066784005394,292.22251800873096,69.0,33.588170933260315,7.941322624696984
1.3087273830420854,0.077948782319941,0.05507110369273359,365.5074385793159,200.0,12.140589187475074,1.258615591788679
1.3955420470032034,0.07107491552484954,0.05590355000527379,263.27397540803537,69.0,9.924462170276774,3.3405124568446927
1.1388686318188168,0.02061103723147574,0.06782038960680742,117.51457578854142,200.0,8.470249640398768,0.5399604339492965
1.6215656087635815,0.0741238234801017,0.02155041062228519,453.20172141271405,200.0,128.08799091964104,52.09555382181912
1.8839465425052746,0.09886110203479857,0.07622636673309915,412.5712160103041,200.0,8.118632138025509,1.260066715045624
1.7823594248790209,0.04321233175740331,0.07931037849739841,362.63212818755153,200.0,14.26740762682837,1.9049534436298057
0.5926257920249276,0.045647908118606875,0.046448285768280084,474.5065084924987,200.0,17.13222272786886,0.43180121910582614
1.531911811881576,0.037959184958121533,0.07227934704229104,286.30375173356623,200.0,13.269872016104772,1.4361466470216728
1.380221757165616,0.03063190113323385,0.05094526880749749,401.6017467168292,200.0,41.83252167606312,5.214187812922098
1.2232547504302695,0.08202611040128999,0.05005526202762227,74.18661778507597,69.0,2.649367086091876,0.765219220026438
1.3209829985438457,0.020726445126858648,0.06971303215501116,74.07803321876538,69.0,5.828880548989819,1.4096954215501032
1.4172596571724798,0.08548660109931154,0.08659599964526106,429.6313862548003,69.0,5.699056545335793,1.2772138993451838
1.1061282841795586,0.07081368094622865,0.09508884299652635,420.57824510536614,69.0,4.3594053854338854,0.5419613783174703
1.4613049290051114,0.09850476611977378,0.05389645088411235,294.5448228886512,200.0,9.025388679840793,1.1919723740420838
0.6173543735259479,0.06543337220759066,0.03224613088145127,327.0972313899942,200.0,17.807711868279398,0.7015817951851294
0.87108746552503,0.08976030518556825,0.06621937964452868,478.51614534053016,69.0,6.354115052953191,0.7034822527198955
1.1008572440304139,0.037112198776298594,0.07749330635690745,238.04250648692982,69.0,7.05491363837648,1.0659802787916979
1.5804304087102576,0.0728076671397303,0.06876980201079615,373.6907361723995,69.0,10.291206567413047,3.611427712080109
0.9125428953104333,0.028595845001303737,0.07183936131292018,495.3570334154729,200.0,18.377863131717422,0.7100973173089334
0.6123439214060528,0.056444848311738294,0.052202910164802566,12.70033523871691,69.0,0.3033528693578882,0.021052509168822446
1.7196530224765385,0.05646003041925057,0.06503935731384265,208.25772333136808,200.0,8.997039021256029,1.3635898596695317
1.62074523226729,0.024703894433410117,0.07894359564514894,352.9093644473555,69.0,22.291020751019744,7.166419197112927
0.9498147940197015,0.062019444991358544,0.06892334433251032,258.8684904120173,69.0,5.007359946627873,0.6332569698273983
0.8550874230442775,0.027778894221518753,0.09876508675001688,165.34976135196837,69.0,3.130714671060553,0.2239343551718739
1.1109729775611885,0.03730139325963558,0.0790730955748749,499.5287109116078,69.0,14.276858828032514,2.1531315543284983
1.977698233653847,0.050220937088309686,0.09450672455794289,112.18637027390278,200.0,2.96784446878765,0.4094277011171535
0.7293525390860596,0.09852386096500018,0.032244100917545135,173.76009502304433,69.0,7.423296866081253,1.183262785093972
1.8911080184006344,0.0612925548710862,0.03986565629419306,368.7838957017384,69.0,42.95700292889405,37.23294404240921
1.5072546048939446,0.09474526656221777,0.06281184271825754,383.84979705436774,69.0,9.286639652015236,3.245263374586629
1.1625498112884145,0.055298132520308074,0.03842496620213013,184.75445950847111,200.0,15.784117203087536,1.8505835107486983
0.7577889945524257,0.08319724592810515,0.08402267587194978,269.25761156404127,69.0,2.084325617242095,0.13763386170022748
1.1175557166573966,0.05606101072562897,0.061545968827780614,409.82247000452867,200.0,12.940648857383795,0.8753335096151356
0.993557373303528,0.08161473291034645,0.07958551557504744,191.4164711740508,200.0,2.20742966570819,0.09126778007803274
0.9268283558288537,0.05447888223113091,0.02307469010578849,450.440038795245,69.0,86.35502361376408,31.060611745576047
1.1449958044009116,0.0713835316693141,0.06277830625144691,485.5042139785894,69.0,11.85580179312973,2.3921520265994842
1.6350267210212104,0.08200264525457585,0.09670351103597977,322.21527679657123,69.0,4.122018013579047,1.100973846557067
1.2807785813082293,0.04471092576649171,0.039242760845564065,222.32935388377993,69.0,24.8135751874412,10.021611243093808
0.7861417767450235,0.0711574626049114,0.05191919039327357,197.26131003028962,69.0,4.850849077542499,0.5578934380649786
0.811937321936345,0.06610537187509115,0.026351759865049375,52.494048822156195,200.0,5.570931582775991,0.46456015255089844
1.513542662911844,0.04955845170063367,0.044962402156381226,365.0675071873405,200.0,33.09042587478364,5.619800910656323
1.9660804936452596,0.05285873580893592,0.02663607517983354,291.9091035354165,69.0,91.82119652797188,128.74635867261662
1.3925037238917108,0.06470386317615713,0.08048323752455892,131.99421935761006,69.0,2.6312459227711336,0.6125032295023043
1.2545748645718862,0.05347533091737809,0.035155562308721786,420.9595959698813,200.0,47.945369296023586,7.15524533101595
1.0734228429681851,0.05220531371489898,0.08380743962826878,143.63408180322563,200.0,2.5228982193903606,0.11562122562788844
0.7460868643420018,0.0833950307852061,0.05649615134974319,18.52224157414958,69.0,0.31149873525775695,0.029653493269757546
1.1758442252279595,0.08612365117610878,0.05098676838518247,449.2676407465222,69.0,14.156919853345203,3.7091168745825205
1.918744168292322,0.08637320096295996,0.08860647847041452,376.7707443379363,200.0,6.396398733530816,0.8858964127050568
1.2208697101800423,0.07141310052724578,0.02747643548917612,321.23652755946057,200.0,43.64623841888935,7.892304137260341
1.1615856209567916,0.09652557818976293,0.09864544067872624,371.1176922582203,69.0,2.7537067577758707,0.36391736393234525
1.430102193969533,0.09695587335753675,0.04610601836961535,444.7403911281691,200.0,18.515503917124786,2.7377312194007897
0.5276432561741292,0.02989148779258372,0.08074918415076186,127.99194468523467,200.0,2.078980720162213,0.023893064062785716
0.6818289399636648,0.06529270780141466,0.03052162892246437,12.642399589193406,69.0,0.8503076733883485,0.12513502998415219
1.5900267013297742,0.0849292059087112,0.0418908527839624,298.49707505260346,69.0,19.107342186546386,11.141651370587404
0.5315371274711453,0.0897041408296667,0.08708153239401342,128.71087003434644,200.0,0.6034419037493178,0.006526124541761818
1.408788197488831,0.0768150868131823,0.05125916393539254,322.91280589931193,200.0,13.523610717625184,1.7453852319549756
0.6999336856881019,0.09149296870726857,0.066183739572238,316.25493978961174,69.0,3.314020107114978,0.2370157887891187
1.438345451432786,0.07441575644542273,0.05860783586192113,483.9921575831024,200.0,16.340920172291767,1.9227639779568002
1.7988892595972894,0.07019152757969817,0.08358844280106657,132.09316797899993,69.0,2.907092640717547,1.0873795093355867
1.1185024241578423,0.06548805368906946,0.07501434293567673,307.12868745865023,200.0,5.593167962674755,0.31093252702115637
0.8923599896767183,0.035208652604494406,0.04550812856876753,440.4268994807507,69.0,32.33983636008475,5.467498486064358
1.0315101481913838,0.09124302107986014,0.09821727281844594,306.51025803766674,200.0,2.155233707291714,0.0778273521306505
1.965293132393124,0.027888194339067758,0.059748732274430796,50.45989179281838,69.0,5.976502638641904,3.732783002285579
0.964013452266336,0.029529495199491336,0.06261198070086271,161.2123341868692,69.0,8.054928737740283,1.155127966615574
0.9471878616101405,0.09429296998497713,0.020367766200688166,482.3876826763997,200.0,70.08377180092477,10.290229450132202
0.5870101733796766,0.09176270208039804,0.023946934330382943,248.10844319101687,69.0,16.606280985339964,2.3087311631472858
1.2652519140343517,0.0613582693325037,0.0312159752658967,496.1219694722508,69.0,62.99263786064853,31.21235539647662
1.383195490301529,0.05207567231291005,0.03474340954018047,295.53876999476506,200.0,39.018405639853015,7.162142501001519
0.8360784710646462,0.023573188856126415,0.07807080088384555,424.4839498508889,200.0,14.82053768552434,0.4423317889416984
1.9191596806764242,0.03239273163006605,0.08788225721759288,343.4295390856724,200.0,15.807020966721904,2.2082579042869974
0.982038085652704,0.049134191831893534,0.03630967030886599,471.9073872769286,200.0,42.92476528691553,3.8003275576115105
1.191298717981566,0.09929598463696002,0.05817625924328004,377.170916518901,69.0,8.022077442330252,1.8907846013753313
0.9062808268459661,0.06898330742746446,0.0441060020727433,259.2146100817249,69.0,10.503501905574938,1.8898253037384876
0.8643447450400067,0.038343753967316145,0.028663392911092267,187.15511802101898,69.0,30.809888821856305,7.758828928142368
1.0783125060775993,0.07793488469906802,0.07213139553335352,79.5902302102083,69.0,1.2699162687450904,0.19778788512783096
1.1860271958941184,0.09318384819228197,0.029172867762305526,158.07587246069315,200.0,14.184453151116546,2.279825013855018
1.3896476163294256,0.020637850215898857,0.04417808385243914,489.55520914604705,200.0,101.33965157679502,14.765924738475766
1.6706319700323053,0.05368720806095363,0.05155510050839311,49.55839995908043,200.0,3.4812500551799133,0.6282086367214872
1.1152844112437714,0.05494009384050101,0.03409395001379048,351.5906272779466,69.0,36.84089178754904,12.986249076459659
1.4081102832247052,0.024646193249325484,0.06067656971526851,389.3461148144314,69.0,36.25199200199339,11.4457391870082
1.344830108156517,0.04437874499601081,0.06325980290414678,487.11348905431885,69.0,22.131871737826746,6.113428081307785
0.5691172566867784,0.0906645248142238,0.02356226090208601,447.7707355514268,200.0,30.37647675909705,1.3918828828539624
1.9612014900448351,0.0870012576983836,0.0401556293784785,195.8114375126556,69.0,16.424536225452233,15.20025092932908
1.0531613892909741,0.056311596531135974,0.062001063012240606,75.06107014436918,200.0,2.191113220807532,0.1306574826635842
0.5969727085594263,0.020356293574102954,0.02517028637495165,459.5260551576351,69.0,127.62649707717274,17.45907768186905
1.2323792677918628,0.06803854198675674,0.09711455269292575,419.57453896916576,69.0,4.834829165496983,0.7305420795326566
0.6782238309098445,0.07345005752453782,0.0532916740898248,35.20120033059358,200.0,0.6867060949040622,0.019757699473870856
1.7077046603374297,0.02053092823613251,0.09508904340010713,24.0187591520384,69.0,1.3256993383513545,0.3928255602457095
1.7423487533126751,0.09430113374681084,0.05668679927751674,363.6093155024797,69.0,12.544130236818326,6.490653817922364
0.8104610930213686,0.05604752953018309,0.06406881791264826,429.32740221390344,200.0,9.074488049660674,0.3101119551088746
1.867993259905398,0.0334460082137063,0.09460104968216379,177.8014981207052,200.0,6.657723712350738,0.818576303240577
1.4834236178314204,0.061151188112955765,0.08300864720701384,65.519580516074,200.0,1.383999636240978,0.12229867826394283
1.1106860325359704,0.08946019427226139,0.09121277728744115,163.8161727642499,200.0,1.466756900603682,0.06612471705251771
1.7723089664593945,0.020108730761057094,0.04569779134455251,406.38185410193137,200.0,102.90818355350548,23.57829063854329
1.2629382879077775,0.08890724014644219,0.08240557600210406,264.4204295814708,69.0,3.3187769011713266,0.6206480125907959
0.6392923738495273,0.0358160648168845,0.02491185802533205,441.62317368662826,200.0,76.21009814817046,4.16758238320862
0.5010770126790633,0.06552622682047561,0.031130490883336144,137.82699933457644,200.0,6.525336800762241,0.17543032498327293
0.5998447480272456,0.04984902667595347,0.09979153928375695,469.29054149951793,200.0,3.4024189298177094,0.040893146748014746
0.5041963092564394,0.02285243768653614,0.030628482733581732,234.6479513246338,69.0,33.111905913809814,2.6553249168811073
1.9362112180424371,0.06416479201694378,0.021630055231045137,26.941053898488725,69.0,10.425731005326453,17.45878437869005
1.9246507711482836,0.04203628838201778,0.04657314500185138,282.6616301350485,69.0,35.79930148465977,27.510755238193138
1.5736198892599287,0.06645217540800036,0.034627932736424026,273.75788875389185,69.0,32.438099087077724,22.412389078030778
1.4981580605870004,0.07931333747757095,0.02993184768730995,325.62468446417523,200.0,41.19200457653735,10.29611575009352
1.287328632644381,0.07767162934316224,0.04177392879481467,195.59282076838687,69.0,11.146038257768348,4.272221047372422
1.8527706233107741,0.07468743425808472,0.07214456269530439,187.33363336498738,200.0,5.35715129818638,0.8496740688868598
0.5973181913168248,0.07779065609906433,0.04986906266326806,249.5520580465002,200.0,4.623046934543992,0.11025221549247036
0.9663446090242978,0.021359873471156858,0.04337187169456745,368.7370512626989,69.0,53.208994554068724,11.068801386445466
1.0910789404187216,0.049256685878113694,0.08104786127070278,240.19743465713643,69.0,4.859901672132382,0.689696338329874
1.6181994752912834,0.06223345631437403,0.09446244651359592,28.10890580864562,200.0,0.4914563450897477,0.045411789336740976
0.5678767170675763,0.06042655579450748,0.03942781797587881,444.4952794876625,69.0,16.12275073927604,1.2741019284079051
1.578188453249485,0.0791863622969982,0.07478550087726014,135.98157327786123,200.0,2.907401214559997,0.32276321237508254
1.4209557050967097,0.04960296348744076,0.046548386987743676,280.77205209966456,200.0,22.272489880575375,3.220356557665288
1.7681931979052452,0.04875461869966283,0.08166980137349977,141.04244936941063,200.0,4.601421785723906,0.5871765749754891
1.867012190659294,0.0908042645108009,0.024192565615294058,414.3259527958099,69.0,87.33140384578282,121.57449420607358
1.4192861903896143,0.09688325226753045,0.04472172699472805,349.1738551012165,69.0,15.345360796084767,6.678180332422764
1.2727810970767197,0.04975569412645546,0.04227406906964684,66.73389798592879,200.0,5.731397970643814,0.7321038514475381
0.8836624771358006,0.04037611056401903,0.06230389038860715,326.1218419853947,200.0,11.032215545990372,0.46089197457829834
0.9547433386494653,0.08667544828182387,0.039603543066705174,247.00403208408645,200.0,10.408250866383595,0.7985382604316125
0.8913084122234551,0.026475575425328596,0.07981926878035676,372.9096224380415,69.0,11.822843694106474,1.1369198893567976
0.8539527012771836,0.05000812918790372,0.09000861942463376,350.62026708078093,69.0,4.434179548718731,0.3471014737759883
1.096509889526144,0.08255139189507185,0.054227033065954194,385.85650038536033,69.0,10.45763638546082,2.240280764415796
1.1836109472341363,0.06442266536114685,0.08414003545036605,470.06675757109014,200.0,7.319403561939094,0.40622784999372774
0.5409456152144032,0.04025289432024467,0.08792605936532458,397.0761317181041,200.0,4.1413916678933065,0.045942502836895285
1.3399706249712537,0.034884780228561674,0.033300851589955036,473.6314743234843,69.0,98.43292993541807,51.27849596636972
1.0560348186509163,0.045475007893916876,0.02141998833596322,32.21767028564743,200.0,9.783908387838103,1.6979635693362847
0.7489946214613725,0.034557054442672784,0.036154082705938555,194.89142833682882,200.0,19.389708335710022,1.002882544986598
1.612390824474271,0.032612389215449476,0.07516746887467603,338.79035232964037,69.0,17.787304234142173,5.944023164315073
1.4979489931797985,0.04638133117907557,0.0594202249564979,333.55407762849603,200.0,18.30639114934379,2.304311790864135
1.4016798630777616,0.09556572833370414,0.09099582924865816,80.70106124368793,200.0,0.8576975750776111,0.061728981134050225
0.7754002785104067,0.02137544767738488,0.09494868003142808,310.38136656826333,69.0,7.493414591174229,0.4584609875807012
0.7092166110003632,0.09663342061224435,0.02558857333841692,61.62658852342465,200.0,4.144563305061035,0.27156215582301135
1.595148199679525,0.05276096619427391,0.04177810960581173,94.39451931984594,69.0,9.810446139600145,5.773001883323586
1.135369050563735,0.09676313633612896,0.0880950899782335,122.3884909149489,200.0,1.110236595091818,0.05415227205776065
1.1941598122275456,0.05401747814428011,0.023217062733463543,17.472777642608463,200.0,4.29958755767707,0.8802847351324393
1.6268759234915224,0.09266111567333515,0.05653933762274538,437.73392000859417,200.0,14.425036683169207,2.2508876546015477
1.5011202242688162,0.026527488843953027,0.07551869972539905,153.85909812609574,69.0,9.159774053846867,2.640710910256889
1.9549003712935857,0.05518762543831457,0.03604393029150848,362.0388038376143,69.0,59.227719452141216,60.673881338973544
0.6781141734787663,0.06314605455421013,0.09546535140727705,357.91428323339034,69.0,2.5304358435207055,0.1177646237801685
0.7688195632922548,0.060351087610119244,0.05230629591690396,50.436212482034506,69.0,1.4090457939461176,0.1538436741288099
1.1364132147744397,0.06275088374231845,0.034202459409689856,149.52235480965268,69.0,13.888621258212574,5.06680277201383
1.0694603260515039,0.021247585766762153,0.053250536785432526,464.1061842024532,69.0,49.428304446059876,10.257481194493028
1.3251684338295078,0.030979196510041326,0.07786850414480007,471.3257705450055,69.0,19.95031261577492,4.347000478822966
0.8636748423661414,0.0863940543638702,0.0838287563928652,224.42333585770643,69.0,1.9155770757432748,0.16468983584439642
0.6637765464310766,0.051535523679838796,0.09268600230965346,93.81683237223288,69.0,0.8439542875678631,0.03876218318957634
1.2548182315956704,0.07534587446306053,0.04588254136098374,112.23310172946448,69.0,5.32719542223869,1.7663324769257982
0.7381494011333376,0.038755038364005026,0.044268893078562854,136.68852528344974,69.0,7.970803142899122,0.947876190092711
1.9658027703158378,0.09740830230044059,0.06845352612663948,324.0230461221771,69.0,8.372968767111587,4.5669176741692405
1.3019324147681943,0.04626771505439486,0.09549650457516354,302.9259250714304,200.0,5.608195308743566,0.3318113820283201
0.5484425190558666,0.041258658856792,0.07044130968046677,255.79320141802944,69.0,4.1115105971078165,0.16962734947584004
1.3054770557569275,0.05729129558043969,0.05466209777520589,394.2579304547279,69.0,18.040131495848485,5.434399242541444
0.7617323954345705,0.04801930028622928,0.03135774600968089,276.55397835603475,69.0,26.768749463518887,4.785725084660659
1.9506338332314253,0.06539445379545752,0.07308546979076906,168.80804635652004,69.0,5.6561008468472,2.845098173425325
0.5410300729003297,0.09340924987208543,0.025447925452690888,153.35122113587082,69.0,8.229344486815334,0.9145665657116946
0.7391969008847499,0.08571205555131803,0.0895692654114912,113.25032080445463,200.0,0.7304506726639589,0.01485357183951253
1.1731460275987766,0.05686321992503636,0.08683151129224262,299.5821063011482,69.0,4.918503972171958,0.7532158762654076
1.1429432277513567,0.026706997839923856,0.03189351493450882,379.0887894098915,200.0,95.69450705391039,13.06509847408295
1.1184905155987568,0.08823963927526915,0.08957466009485976,445.86186529648825,69.0,4.2261978334712,0.5702810177344234
1.9736182033485097,0.03843356442787133,0.05432300148452708,358.8418253514085,69.0,37.46616747932913,25.95622001989502
0.6355661275369864,0.052956403555855,0.09775549955299855,136.79918323774058,200.0,1.0308479613849595,0.014198865626342478
1.2839489265288204,0.02225119311943651,0.05614791389409969,277.8134076813235,69.0,30.509258106557056,8.654722930364272
1.7371019404450072,0.061347964149478657,0.05934948094141902,176.8511848858886,200.0,8.530029330191216,1.4456493175968752
1.595558139049439,0.07594919101739706,0.09285514613790034,145.52622761613645,200.0,2.1275023459754268,0.19443215173202902
0.5370643367747705,0.039342571641884545,0.04231159512941379,446.87494268994345,200.0,20.444760492356753,0.4645730396799081
0.9737255982624948,0.05689156362701071,0.09153350816627373,145.80828197323723,69.0,1.7871538656963217,0.17886059123576406
0.9516839318469924,0.0745703235820278,0.07565531227166583,370.9153954192571,69.0,4.962196555558099,0.5739573985898148
1.924667083004206,0.06861812312244425,0.09706391892322475,272.1942919302494,200.0,4.862184160770039,0.6185339828998065
0.6096861096462083,0.055528447476428044,0.04518261125786939,289.9783678749877,69.0,9.357610574724564,0.7438166448282412
1.5782215664602681,0.06554485878181841,0.0740294993043538,14.6922204242191,69.0,0.38730972623435206,0.12590680077438535
1.0484392859815983,0.08905874123936205,0.09157938294083189,428.7997509448109,200.0,3.611412379638712,0.1444922942190235
0.7525637413915041,0.07708933632597759,0.03053062132689128,466.0874917099246,200.0,29.288450523860323,1.8110318126913214
1.549693097526205,0.06880281508131188,0.027022623635779695,367.42216110087446,200.0,67.99877099931194,20.143906338065747
0.7731508859552225,0.0940879706174992,0.09182851972454742,204.37738118644984,69.0,1.1949756886169378,0.07515703736860306
0.5121497406790949,0.08639944598241253,0.059736592513095335,425.9816799319527,69.0,4.245680213266673,0.1801193613006464
1.781387862449853,0.03599700630027775,0.06384064777890731,334.1303822846551,69.0,24.342476122198946,11.690796358763565
1.749556567707845,0.03495241746828045,0.06926996715524698,326.0180269159041,69.0,20.405802157594405,8.71212941387758
0.8338898881090836,0.032494222110556324,0.05066974059525908,114.45388206408238,69.0,6.8641533769984395,0.910155008827175
1.4071220305828258,0.027254258485696143,0.0730611179766605,119.90630311384157,69.0,6.958538409019063,1.8220273455880427
0.7218330698067454,0.07078294367486739,0.0772413211767602,380.5069934972806,69.0,3.9023180385003227,0.25433502253618595
1.3434932513172255,0.04756270676306064,0.041856221785826944,397.1698752325014,69.0,38.42168710503914,16.008367141706795
1.084250455043612,0.07617533710179665,0.08950733897110837,18.173973129313396,69.0,0.1937309769530224,0.024584382201420563
1.7263737070747949,0.06451718534758809,0.08514797868814658,25.298612871393708,200.0,0.5602200845957171,0.06536310930834452
1.2717355861996602,0.08458178021293246,0.07851012161067422,150.78902507205441,69.0,2.20693573035915,0.43925562756818526
0.5532363957234216,0.09827338543330093,0.02230503623731092,114.62708266856653,200.0,7.782290700899091,0.3559629097470668
0.7861632895215023,0.08820408305572845,0.09888999204861393,120.64028656701153,200.0,0.6597250843306314,0.0137440561617592
1.5424302456029726,0.08630430423834957,0.08972988078271615,347.1883181506066,69.0,4.623972578770327,1.1845376657756155
1.8699370702333964,0.08503301395461266,0.08726994745177614,479.3528698736096,69.0,8.304558941868349,3.2148853541694216
0.72628607933587,0.07947401170040781,0.05912879080779006,362.5234581110092,200.0,5.685543062656701,0.16907022909495972
0.818113371159064,0.09972756600558494,0.039483501986934136,444.1514218558651,200.0,14.023268436168179,0.7923905889583412
1.9216814789973313,0.03811891288472188,0.027228260138405666,464.75480473960005,200.0,189.61655602270537,85.72310972792665
0.6745595959297792,0.08616711110597329,0.08113101920920472,182.7382228338111,69.0,1.3040239735272412,0.07066411813037446
1.4063583513631255,0.07210054977801691,0.02722235037530856,187.77241545655906,69.0,29.654405690467108,20.81686129374526
1.425071831119907,0.02876370987250975,0.07678249643813617,431.544705968403,200.0,21.759276109991937,1.9183792636587758
1.8097690731905272,0.09338625902012468,0.07317511434423589,238.45012195761944,200.0,5.178001404571204,0.7725450677780109
1.626198917342429,0.05350782615031778,0.07537261689528368,488.9065007323542,69.0,15.693009386657787,5.319852926833107
1.55758681965658,0.056623991591482806,0.07854559455755272,235.27718481411839,69.0,6.294180384414362,1.8783716761954796
0.7771479133813579,0.023437187006533088,0.08985884839803474,102.23785481778928,69.0,2.5190656259744557,0.16358581950924414
0.906558829583308,0.03296957247856362,0.05598057240242074,363.31958816681646,200.0,19.127053406112736,0.9360121048738139
1.0665775983699506,0.0724586058081266,0.05023816387247741,296.0402557240119,200.0,10.359456927259759,0.7819282281663326
0.7814541854945173,0.09780820772295286,0.08199115514666443,81.88202313620877,69.0,0.5838940176633629,0.042017839132565835
1.639705348368212,0.042795396096991,0.09506297291346104,495.1491930711102,69.0,12.596018942143886,3.4420184178704885
1.2328618043800332,0.05677484618460031,0.08831708210153774,376.9587619435447,69.0,6.296715919549562,1.0470268865597518
1.4852650656197608,0.06308918428868021,0.050404624893484025,213.39474325537577,69.0,11.864330798020852,5.016957739399608
1.3763260590304396,0.05363243301613943,0.031797374301508724,350.1363954012138,69.0,53.32118864455613,30.690988663992567
0.6418228101197463,0.09705639759418233,0.02384797754598945,410.4154423747318,200.0,28.632733782587135,1.648619004553665
1.3882672235123812,0.09364789923597433,0.04526626381928486,27.66657776746755,69.0,1.200970729787024,0.4940416497813242
0.6590965909885467,0.045175975759278134,0.07909748237744677,228.9548428797182,69.0,3.2034451141998854,0.1699857078256279
1.4958856655395392,0.08040065307572236,0.03836407893236747,458.41627453613717,69.0,34.76966850783318,19.59441155388366
1.940182497745797,0.06721976041158419,0.02991903021528078,276.0970477963708,69.0,53.415046513880974,64.93231903410107
0.9288558393264318,0.06180205334783294,0.08615092994801843,479.50902188216463,69.0,5.82604057230289,0.5637282726110945
1.8710953958248944,0.06165969872666134,0.04370732688747436,183.1876224598483,200.0,17.45956486980929,4.6617585424590136
1.1585188096160697,0.0782982150003952,0.030830286841007384,309.08233492332744,69.0,28.868321417399162,12.142547067967897
0.5933787360043177,0.08878760131007733,0.03175995650555856,375.8372816749458,69.0,14.940700726541575,1.6003489013500876
0.5214474459749752,0.030524567581109833,0.034717576884570785,277.1187396073645,200.0,23.565646455443638,0.6152190666371106
0.6257855951215714,0.02120075820665013,0.022396065738262083,270.80653433205396,200.0,95.6183161595857,5.573130686226128
1.9248322892876841,0.058725052921223944,0.02578038013406867,307.71826211001553,69.0,91.05323208979911,126.43039379767399
0.6388638596360205,0.06731659429978075,0.07162893957165306,232.64256470595623,200.0,2.5819603512523877,0.04904067444481255
1.128798962741296,0.02468816017083027,0.025733629719711403,47.30411388043693,69.0,19.596384042531334,9.374923832310845
0.8601709186062121,0.07534311869592268,0.05182806307193691,90.02313501318378,69.0,2.2957076874071554,0.3166509323002841
0.7158303318230841,0.0715946927704551,0.09361368893114294,297.65230030072735,69.0,2.037562982161973,0.10775849725285316
1.4697352321259016,0.07942904046773298,0.07834504400837067,311.1400397372069,69.0,5.627867764882217,1.4992367387526944
0.8599439082697474,0.033824895795203355,0.07203458368135779,377.35386656799744,200.0,11.093066351976955,0.3796029284461609
1.6094393264131561,0.09612485672289665,0.027575919850653125,251.75980642725537,69.0,33.25956261613518,30.185292865382817
0.676574236141833,0.08351424144106671,0.028957183396071003,225.01747829065445,200.0,13.043969826125448,0.6873265591210708
1.2939574738773596,0.06579697704281601,0.08563410171024195,138.28980239711092,200.0,2.2251637490840057,0.14502203058457283
1.8746348661641814,0.021878303886241807,0.04889691728992082,199.66531152939288,200.0,42.93326831655245,10.285480766011267
1.7922830034329347,0.07785626525477649,0.07385710036025651,73.10757164947486,200.0,1.8511521764952232,0.26837483269504714
0.556758874085319,0.06010413636445393,0.06718493161584914,328.9888831874483,200.0,4.0508998028485745,0.06230066220557218
0.5506970555445923,0.08969959636713866,0.03122920860836696,485.5186944779546,200.0,18.33823421480289,0.5936094287713568
0.8647030741122361,0.029690528307071036,0.08063680433022105,225.68523632506157,69.0,6.0650845749006415,0.5433719421640661
1.6816181793999072,0.07839455176836628,0.051945441027814135,222.98950191215067,200.0,10.636097369613925,1.930049285907309
1.2888068618456432,0.07253199694263977,0.02415268072473685,152.38307238604898,200.0,27.84937802486591,6.384172079140548
0.580388946063344,0.05572824140233747,0.04834045217384196,176.12749821743932,69.0,4.709781871660142,0.31709398232304087
0.993617986592495,0.02667995547637247,0.0868741741981083,452.19462450921213,200.0,13.388428731317722,0.5071735032098901
1.8676696721423864,0.06620199539095908,0.045752625226076225,411.4864055415565,200.0,33.273898875240874,8.456030729399716
1.1874868755088024,0.0671951521583369,0.033129712629713204,234.42769877471432,69.0,22.647262495393253,9.3135517492177
0.579223442441868,0.07971723801692909,0.05705640131101847,174.13017750997238,200.0,2.3319027148327534,0.045706404410435934
0.8249421833937219,0.09029816632229885,0.024887076715150443,187.44990645514397,200.0,16.589499586324177,1.512116207336644
1.5448106756473634,0.08350568549672328,0.09710485757083238,360.6007083534592,200.0,4.2447794611328105,0.3477310284568135
0.8131846151952378,0.07741987091833641,0.05178259866886718,210.83041509640137,69.0,4.955112762858397,0.6113749749414665
0.7124411417990831,0.04604563330819647,0.09718125651609297,461.78511099250056,200.0,4.539277119377036,0.07902798598400029
0.7932026687047985,0.08541472822502348,0.03181761454415395,312.98693769907453,200.0,17.22636456897667,1.1354632866358711
1.4522617062267282,0.09139669828413576,0.037566962912024604,173.37855667688694,69.0,11.712479405107695,6.353194863492822
1.1599928455779223,0.09578500604719518,0.0843542628768918,239.96542559763444,69.0,2.450437518663167,0.3776651144114761
0.6196341064109403,0.07931513794558147,0.08190226474098085,217.75694850755863,69.0,1.5216356727359994,0.06891996520693756
0.657174175287182,0.04519040075272995,0.020592243870088726,198.8928517372902,69.0,40.9258186517929,8.293050890456096
0.9671175912954892,0.03591612674181383,0.09394867535062058,133.9374131418623,200.0,2.4516677966170954,0.08135950030667562
0.5303754431021419,0.08097106028927596,0.032766722090098004,312.19067617438816,69.0,11.427698261580261,0.9478775392333388
0.9316929946433634,0.08503742015095522,0.02560280602295597,203.51542327338163,69.0,20.40968021461675,6.685808677839592
1.0863601313375995,0.0859775817468295,0.06347922689244709,253.68326185741424,69.0,4.772746842596156,0.8573221771569297
0.936383789350498,0.0872490865730212,0.045848973824339695,248.78158908848783,200.0,7.620847056204502,0.4858029462957972
1.5228714029103727,0.04930157511852136,0.04714931693418753,91.9380260686875,69.0,7.664751013527671,3.642577152008075
1.8544585399244364,0.04746456745630924,0.08181821087697735,187.01493307350518,69.0,6.549002862586613,2.6596170503071406
1.7159701733460029,0.09418888529652768,0.06824280498578081,454.25580410592636,69.0,10.662230680313398,4.444985255949375
0.9433727951702198,0.0681513664396483,0.09343802304065534,272.5312873216156,200.0,2.592561789959485,0.08230968054312267
1.6289834894584212,0.032891912589499715,0.05091309949993188,435.14159938666336,200.0,49.88274396989965,8.666283834277255
1.6496462525890874,0.09661004287661572,0.042823999036844265,435.2831224372685,200.0,24.31740273058715,5.150985907057679
1.3523919687448016,0.054027486947040265,0.07274707903247211,255.38410697231976,200.0,7.247726776453423,0.6073935339327002
0.6830654894773952,0.028684780344793763,0.09717876848250726,80.37237921052645,69.0,1.2159790940383501,0.05640778618747574
1.7795458919926102,0.06199359083529618,0.04015608413740031,98.4860989419197,200.0,10.519276588307788,2.7652324761309677
0.9921407384139004,0.027854408743817373,0.030381774003785625,70.72061192714176,200.0,16.37383240373115,1.7683267734165409
1.285498554889532,0.07070847597237638,0.05399724596215441,69.5039797744665,200.0,2.600266251862422,0.26525778592326443
1.9208650180500357,0.07613111765720908,0.09780299303606163,334.55635026226753,69.0,5.294816075995123,1.9299767548662785
1.2196796177902567,0.08775243868863984,0.06014029221341517,69.52346128805434,69.0,1.6030170438515088,0.3831102652780841
0.6682386687422781,0.05610337854141738,0.02308817013690524,301.99647586646256,200.0,40.48710138547295,2.6101719774125574
1.6242720813327858,0.08730949022605179,0.04125998172604031,24.826314375477512,69.0,1.6278064514899222,1.0056594602765199
0.5363318102834123,0.058618692604480355,0.08647553004696103,316.82891689725346,200.0,2.3258785088684486,0.025789305723510944
1.2418994254858728,0.055786252736761965,0.020232277877891607,189.94800180008514,200.0,61.98058250184709,15.749344033580206
1.2293891744706478,0.07643022727890011,0.022646657074738456,194.8200683867,69.0,36.66071810706625,23.639336518845905
1.3531171259951198,0.08138166801976943,0.03097547852397324,466.03456449984714,69.0,48.455394519530074,27.672891572795965
1.1209072715946793,0.06455330261313652,0.04822377226168716,392.4605262201734,200.0,17.58231649009736,1.526978886083865
1.8243913718229754,0.05545371678377711,0.07122316586073749,333.60856709086073,200.0,12.98175015818167,2.0222122508463825
1.74382868424967,0.09572222346655762,0.046642753038802685,335.52495497864066,69.0,16.857717189558876,10.618957235677582
0.9263619421343741,0.07057292820945295,0.03078040637770764,493.43489307786894,69.0,41.018046778819695,11.048967244488933
1.027111191320282,0.052641812797651635,0.0633771373365682,366.13142581489456,69.0,10.671111175285365,1.7162146249658004
1.934670862946199,0.07142431385723313,0.07122304808431433,133.64232899286264,69.0,4.281689678976116,2.17404467545713
1.9521026831898625,0.04488267603180761,0.09332541619189438,42.684129992876365,69.0,1.278915141094846,0.504552962677499
1.9640102511367379,0.09668769038413337,0.0611980236415208,347.3935315321135,200.0,11.305004718535717,2.375196784675736
1.4601371733390154,0.0931590850288373,0.0727584032371506,270.5633590637695,200.0,4.806427069503583,0.46946720340793935
1.1916959308515085,0.03624503146579868,0.06896338722151657,236.4046882899596,200.0,9.805892824898615,0.6730978697733204
0.604692751988673,0.07720315820575487,0.049680096953613015,263.09361154417553,200.0,5.009523058290448,0.12290292436224383
1.3676855312850273,0.08706230540836113,0.06492588319242079,399.7648911016814,69.0,8.938739022825779,2.4882301431168616
1.300362156258982,0.09607768699374145,0.09181355457723266,416.34535541583415,69.0,4.01081983832906,0.7136982749236114
1.9081847365936186,0.08378830628411624,0.06575094041713452,136.2690214190671,200.0,4.307065297968019,0.7950584684635263
1.4382529355613398,0.04992122209686621,0.055518500163899115,440.3667535985415,200.0,24.696782915133774,3.06726954638961
0.6817452524018035,0.020176719443762564,0.09445392034013933,391.9291008866662,69.0,8.9061571147961,0.42342281865118775
0.9802995826931185,0.09379242888880661,0.07112583364311072,244.49293787054856,200.0,3.0307761797854327,0.13649692773835614
0.7578103368243496,0.0704751278009715,0.09179410869903129,318.4187247491939,69.0,2.438062773422215,0.14737057366285522
1.612563324157665,0.03364025989906869,0.09322875549328181,366.1572772413491,69.0,12.116483138111677,3.2652760411141246
1.906273959680985,0.04180215620502632,0.03786517968042289,273.053430205957,200.0,52.10812839506653,16.669202729373264
1.878475103120438,0.03772254653191076,0.07524242061032471,191.33130568902692,69.0,10.09755456479518,4.575346471964961
0.7197774532119174,0.0629842890528765,0.05976442139680181,75.30961509995073,69.0,1.4457135339204112,0.12108647999857103
1.709935635730908,0.02936618509177033,0.048980952663731925,72.60587684285458,69.0,10.573062538592922,6.098074839700584
1.626016960048064,0.06018342828485644,0.02732452251595131,210.04427317594323,200.0,45.60422505273363,14.708940332157585
1.4217581377055566,0.09992768289823752,0.05811933768336433,415.93313741893957,69.0,10.511709852680271,3.5323506115864642
0.552405300866657,0.04494316422091853,0.05050579668587782,89.03966576916046,69.0,2.5742250432514435,0.15027288003574954
1.8925778874992074,0.07153474845172539,0.0665930679704128,293.7615017441687,200.0,10.51537561096609,1.8853068058980895
0.8435413196049055,0.09649280194582685,0.0692859425743682,170.9281875114432,69.0,1.8676097043803415,0.18531619053233397
0.7033506494031121,0.03268460158392866,0.026544710175219866,174.48208142369631,69.0,31.972368166122767,5.75705333803382
1.4121965640409537,0.025045609678842506,0.0871259484641422,59.84637852241436,200.0,2.6672125753342844,0.20350690874999758
1.5313028881402118,0.025969273489776484,0.056016531835586025,394.1665231001631,69.0,44.44264059108009,17.97485897255868
1.0230303278777613,0.07548614180535002,0.02836466047973726,464.0988061627811,69.0,46.905935569953,16.72194846404738
0.7439446350237346,0.03544444834723474,0.0850017349977379,118.61713696417704,200.0,2.0674523165736014,0.04487120052217693
0.5797403562279828,0.07829993671566447,0.061186409393690286,392.22931332049683,69.0,4.65429046835111,0.24701608352463358
1.5181603107563673,0.04231455214396719,0.021649695099935844,240.55226602416315,200.0,110.48034422626532,39.205522534785345
1.0254548600111062,0.040307678862241146,0.03679800367534046,404.97544538008066,200.0,45.6520393669066,4.348583016198492
1.9337255864682674,0.05262302581141676,0.07969659596405637,463.71922847117906,200.0,16.097033148528244,2.5175290991474077
0.5909162851562522,0.023953968904411368,0.08426215700113078,272.76836361672724,200.0,5.686284457548955,0.07854647008457237
1.16286076812311,0.043003799560606654,0.053569761067193064,51.99605945015878,200.0,2.9397009532224727,0.24735325330346714
1.2297807718024796,0.020058435349248126,0.06862799213508244,466.18784126521837,200.0,36.41164102753177,2.6746878302175863
0.5271590025795387,0.03371080820252458,0.02501555099320478,489.76993722920963,69.0,73.43374737012509,7.881856494847994
1.236291565938116,0.09350605759120113,0.08084964289002003,319.2091270266847,200.0,3.873927589487582,0.2441147104512544
0.9955583642348125,0.025362038239866058,0.06603057778090336,263.4593263137349,200.0,14.231713910781568,0.712072647294351
0.6495179193255692,0.031923993827667835,0.02392644001532216,357.67593507867286,69.0,76.27087346358209,12.99339254803496
1.2466487254201077,0.04396972049817137,0.05048920297578371,221.25346249432732,200.0,14.76504207001845,1.5149667937787668
1.3493354756873075,0.08439421825455613,0.04064240799606235,261.8712362602538,200.0,15.208536706094378,2.2710496116135594
1.8419200396518467,0.06886698818759139,0.05673333931199177,351.67835602490703,200.0,17.533954701341997,3.4951178540975616
1.5091949165798375,0.03952550963307143,0.06701053931708983,43.07201880493272,200.0,2.1974960699665473,0.24897423490682397
1.0735064199381639,0.020296486798626195,0.030564375588706047,440.00254866115523,69.0,149.47176477879188,54.451842108735406
1.4768991453477018,0.048480995518236904,0.03811555109505732,344.3137393531563,200.0,43.319207868402984,8.26339906664292
0.5618120689890383,0.03150275853261525,0.050257064992898726,24.687546714151342,69.0,1.0458693139125386,0.06346321626327092
0.6357862030211561,0.09303527564227407,0.06368761943020666,244.62453994861096,200.0,2.4728893904593687,0.05231793804358415
1.830986308833403,0.05702275199654071,0.021113723871845833,332.9870840550978,69.0,143.90831479692528,220.77550863919905
0.5243222942768393,0.09179242270959118,0.09262287149749132,183.02433278299384,69.0,0.7311644928348024,0.020967813781418765
0.9102615655771121,0.08374137782574587,0.024853898811448547,153.53563357747217,200.0,16.21054020501153,1.8014164258990149
0.6292289942277933,0.057823391891473966,0.0730274143625411,50.98155485040634,69.0,0.6241624553499777,0.03269556299563422
1.2612837871378115,0.033265963932059925,0.08027607840539716,152.15002636065265,200.0,5.37110554192154,0.35479860990985473
0.6159987700125089,0.022624079249061728,0.0898969857055869,338.98549980320115,200.0,6.852531550839543,0.09641494308959651
1.7126832921516453,0.052732031031950066,0.0573050428746721,86.55728618089083,200.0,5.136552844349299,0.876419003856213
1.720521915440925,0.04349807807713635,0.09800307803135451,409.39976296582313,200.0,10.116016887179251,1.0185186663774906
0.8970784377845586,0.0753616157822423,0.09220143940252165,181.3802273913183,200.0,1.5238632899493325,0.044335119901351895
1.7247784041612564,0.07390315496375152,0.05849714735766218,495.1889557682656,200.0,20.263905482756158,3.4350559870608426
1.1526574242213732,0.08880222541950006,0.04536904356985388,178.07611767050852,69.0,6.73773744845817,1.9064025652764776
0.6884861270727376,0.04519643206485968,0.07792090927368793,133.92801687794542,69.0,2.016070463136702,0.11849546587648555
0.9155242564550352,0.0803977928193269,0.08100851313362127,215.6331175455477,200.0,2.2450763724480978,0.07743172136918874
1.5910542975934483,0.038493184645993064,0.0543999906350678,445.2587778020115,200.0,37.31360831815125,5.787848713514499
1.825141320344056,0.05817822427378874,0.04026388936972666,114.02592047610047,200.0,13.239129334990876,3.651030331308745
1.5498706135061924,0.03195216282174136,0.03902593627907626,491.3572287257191,69.0,93.89384437040029,55.83857517214179
0.5138757393209471,0.04727251120940848,0.0233662990090141,359.91813058310834,69.0,42.99565368824167,4.694728759463361
1.054148086894742,0.06903641283963044,0.05248452038329189,355.55222739719346,69.0,11.825393361299538,2.4190634698802325
1.9175451483319996,0.06118341305829404,0.05982034538921323,358.6563278279925,200.0,18.84706870009423,3.861578243561706
1.1018255322932913,0.04851930514040105,0.07193532132121608,31.517237651756908,69.0,0.8298761443194601,0.1353182606200518
1.0294374619414057,0.09361548971648002,0.09718776917069526,136.55745755867108,69.0,0.9538842999130563,0.10049481947541558
1.0818289383689685,0.09759193203668831,0.057011078896898035,30.97471032450132,200.0,0.6338473264911735,0.04337318724852789
1.4673210041235258,0.09352812666930821,0.06417073256454653,64.43215883505903,69.0,1.472864645613963,0.4774586428902783
0.8188177980426643,0.037758998089524626,0.0693057105995204,181.4160753711337,200.0,4.91423350207178,0.15846744688276318
1.101027170213487,0.03923524925460048,0.0349712965678783,368.9333524962685,200.0,50.79223467849504,5.868949928355577
0.8851438607776867,0.05373514072691257,0.07249042261189638,71.8159843775845,200.0,1.3507238728307578,0.04866227540929831
0.6651269840333229,0.08807856122935273,0.06991732219998237,145.38678784944867,69.0,1.347537854590174,0.08238060412069369
1.4641890494975351,0.09835687964635252,0.07742081981734356,88.52586595450629,69.0,1.3191625532456652,0.3529348205659064
1.8333110378281,0.047310791768625446,0.06183176425371245,81.7104303586473,69.0,4.969142009663825,2.6097669473077922
1.148151621858291,0.03610221556878268,0.0557325773799765,449.0922719746073,69.0,27.588873337533652,6.304969283080039
0.6299500600016106,0.024608769289692686,0.04083596067875427,260.97574141151375,200.0,24.03709962345811,0.7786284622611335
0.9114759300652409,0.06754571346173852,0.09968431778615092,395.25716294266346,69.0,3.220510567292307,0.2593271257734358
1.4563497178320555,0.03359129903486955,0.06410052569392549,94.98215477518158,69.0,6.013245883558001,1.9223761672118118
1.322285265437245,0.09884302308892266,0.048264906727826865,409.29929076975685,69.0,14.102900400241237,4.936133930430479
0.9964834913548566,0.05513495027939008,0.09227945277650448,367.14974609017366,200.0,4.675494845863116,0.16770327111368585
1.0861913814304236,0.077009198305201,0.07326790940669303,408.4848946398535,200.0,6.439666885268731,0.34565357498456234
1.701679687408798,0.05487135768284715,0.04318833440367244,383.30983737939914,69.0,38.2384617759646,24.77132503597836
1.7435664969971092,0.024640118522222698,0.04155557837338847,30.711393828293637,200.0,7.550710823411054,1.8412564567082925
0.8934513246004632,0.021740521713984357,0.02472431888680858,255.07880804499098,200.0,102.89111933148544,11.073224242625319
1.1838632293621116,0.04376667949079233,0.08671763906589136,15.858296249130804,200.0,0.3422558020112465,0.018438482788684457
0.9128467385492911,0.04568242294742061,0.06202317369107488,143.24165785045963,69.0,4.46438208715492,0.5795124338690765
0.6771347575198574,0.04334564346044412,0.023950036987641282,427.7775066893141,69.0,69.90149605519865,12.929750547723744
1.400839838589786,0.07968583914749948,0.023901514560502202,332.8167859777421,200.0,61.44873731310099,16.81679597172239
0.7509973030763524,0.04405756136908638,0.07121089548719105,143.19475645046847,200.0,2.8880412623522984,0.0762451892634011
1.2035804622980306,0.07714714510306726,0.040794127887068335,64.04506855365833,69.0,3.602441268426936,1.2359735154287612
1.9604238496872497,0.03201500319728957,0.044838928604091395,423.2931016832418,69.0,77.35322328811732,64.05938918818059
1.1835588563458237,0.09778572802223669,0.060236121713181684,496.7749898855996,200.0,9.942860707773054,0.7707487294316193
0.7892624381479777,0.0567916880545485,0.037016513701728565,173.38031686979818,200.0,10.551074092020531,0.5918651572058422
0.8592936137195435,0.02379985014212422,0.06579180180210235,229.99911531369423,200.0,11.510686262575609,0.43061717753816636
1.1853845559110636,0.04381069540757708,0.03492731800468778,400.8249210994004,200.0,53.340196008004106,7.152973949997594
1.1964516663883729,0.029888078996297366,0.03846426059061271,138.4287934721215,69.0,22.472948883313354,8.08076810045662
1.0740649648868308,0.08566034334660154,0.02834628170764061,247.7356112288353,200.0,23.19520589239712,3.1466031948513167
1.081528698353405,0.06690036924804905,0.07912612277970811,351.9216544753614,69.0,5.452140048926582,0.778722751608902
1.7224455897876716,0.03498681611760565,0.08484426749012379,190.0504392042976,200.0,7.798592152823804,0.908999141338013
0.6840040236997786,0.06065407725486591,0.09041177953512206,467.10010629894225,69.0,3.8664272074391683,0.19331332200100293
1.2806020576401065,0.026350516712567593,0.02324416991037432,250.90640058670513,200.0,135.41287765277372,31.845865889738636
1.720776995241257,0.027326853693625478,0.08047457707618262,306.68486489101116,69.0,17.892093045306556,6.360793227457831
1.8908958874415638,0.0228821375962426,0.09664209790031762,433.9752553748061,200.0,23.038518290037242,2.841202414516398
1.4322752317105272,0.03199275279458241,0.0709039158901892,133.83192328453623,69.0,7.150647983402024,1.9988849192670521
1.5058140231178672,0.07367569000219186,0.08379400540945066,369.1542069173701,69.0,6.447335895761482,1.6856587958534328
0.8979338372005183,0.0220242129468114,0.08728132456812515,460.37751730209186,200.0,14.783138310582466,0.45521098331193327
0.6666603839021759,0.026619821933246256,0.048276916194130735,220.82618153776568,200.0,14.237124205067628,0.4368886825234943
1.760594656478374,0.0641610992458458,0.030246849413248622,67.30923130991066,200.0,12.11304069761896,4.137809918726346
0.5702552637577339,0.06860474900664787,0.04259689348383809,45.18619949958654,200.0,1.2419849490684618,0.031604997165836084
1.1857634135589308,0.08484984627942448,0.08358914133489803,85.14811884724506,69.0,1.0218180413795206,0.1660655105198688
1.0831020128890059,0.05082224693606992,0.03797481106432536,150.39522232031055,69.0,13.335507492647547,3.9802678809079084
1.20659933451823,0.0710721918804075,0.043342282165389254,147.83608198582476,200.0,8.016254862487123,0.8975623963766112
0.9092456270369922,0.038133143026652466,0.04545757751065288,299.2023783980891,69.0,20.714875843454834,3.6399728051515314
0.5046325857198581,0.04281818002181116,0.0888048878902564,37.08000736795965,200.0,0.3324791446304983,0.0031780217505227863
1.2452464911197447,0.0728170855831657,0.020529414297165562,329.17893961364564,200.0,80.14052954451172,20.177392733577978
1.83217535351089,0.042095898691028075,0.056960883322864225,365.56785233425467,69.0,29.423414358442276,16.753674593970796
1.3509540904868085,0.04816033788220031,0.02153406397746517,292.11553980799243,69.0,106.02419379733496,86.82000594797319
1.290964733921702,0.04603749052978892,0.0967044014460826,162.72959937691522,69.0,2.9277100211171323,0.4874950669281652
1.0724029168925033,0.05986150007109646,0.02914940463116227,37.11990572112996,69.0,4.695794990224992,1.7900083739193182
1.153686865705138,0.02122832133003682,0.06193065240186792,176.71302002627195,200.0,15.023834291742013,1.0762911563498179
1.3731494844924812,0.04584522126586855,0.09519376496502813,210.54603086912883,200.0,4.1754669132150415,0.2756835956968664
1.3232548008545295,0.08067578973234803,0.037739050660782175,71.98763196537452,200.0,4.974248168529109,0.7693114202536014
1.761776372700563,0.09418631717772427,0.06621214098721252,139.27888613540952,200.0,3.5655311803311625,0.5571433042011049
0.7044840809892037,0.03722277992253239,0.09033844721375103,278.79005181019386,200.0,3.8792311592690507,0.07103856030387586
1.068590591687013,0.051668817255289656,0.024573577593610185,494.0284101816295,69.0,101.51944235585538,45.57883048221591
1.7070220169638572,0.0648118084365091,0.02508840405910435,476.90184572017347,200.0,119.73446154170729,46.35569753198171
1.4840342402475786,0.0547346107147358,0.04123256930895407,347.89807269428337,69.0,33.28927719784867,17.17953721751966
0.8616135632227564,0.09785641033698235,0.05216348442467374,124.33580046637694,69.0,2.414001323496522,0.331936961358456
1.0100828648502829,0.06961272337342819,0.07044317974644529,386.87565725524195,200.0,6.787551393883097,0.32769282497290897
1.0797312209908805,0.07777803131405353,0.06941587253973704,428.55933797086743,200.0,7.408040568533074,0.4147196650463604
0.7448164231928358,0.07276414515948117,0.04721333143477522,371.30383955596994,200.0,10.230178498415457,0.4006782786666735
1.4796373663253668,0.02035873433993194,0.051683111788109526,309.29771510144576,200.0,50.49346436004428,7.129775258189766
1.7172586144799356,0.05205592313758378,0.0631836328716598,315.30511598533474,69.0,15.632867003712057,7.049610100787766
1.1145491461301695,0.08483860293746925,0.022197715636706254,233.08590613753086,200.0,37.286911553397324,6.955451413477969
0.6937977648200568,0.09101213041113271,0.055728229770357865,433.7872269660752,200.0,6.388679930008825,0.18394179531353633
0.857064471417922,0.08604041121542923,0.06570239531716679,251.8377871516102,200.0,3.4867495543885147,0.12994072364276613
0.9570355140337052,0.04239879756598341,0.040884824583684504,177.63574401495023,200.0,14.392354449965863,1.0747428405626898
0.7496985572089441,0.0650241985907117,0.028017895573315812,368.6912251006948,200.0,32.490372761639556,2.1725574880041827
1.608185591084546,0.02709849033207239,0.06416288986903979,75.17186490593542,200.0,6.50174320538618,0.8735685190282302
1.4396504202552691,0.07673828014734206,0.044881614053945924,268.4100916196685,200.0,14.998856282580782,2.3087798260890997
0.6320451676259593,0.047519261699248576,0.025027635788737658,174.33086226492227,200.0,22.210805383121574,1.1817332522836494
1.0094380728606054,0.06409795905042147,0.07405703527428328,178.2413806900831,200.0,3.070878428666724,0.14084272169868445
1.5502809655563161,0.07299950792558177,0.07906632375731876,469.73960672514227,69.0,9.574493738466874,2.8119316030333206
1.0572087993692185,0.026309818838455686,0.03663268452401783,188.8199916795146,69.0,33.92381172900357,10.000393450509499
1.2432411244252755,0.033101388319458275,0.050177182474120924,261.1121081294201,200.0,23.370869865172867,2.3997062686568587
0.6128717659854735,0.08362605956721397,0.06507568058281658,269.14719909464424,200.0,2.794677243368742,0.05376887057803953
1.762393888185652,0.046687810953289346,0.09010817228218239,24.678644579264,69.0,0.6884044335125531,0.22926886670550747
0.9022348940765689,0.09482123106205714,0.047822794080000175,458.31378757071667,69.0,11.440850480947011,1.8815781130655636
0.718546587697172,0.05834611331771676,0.06626032222437203,44.724869263587216,200.0,0.7527248316759825,0.019551104976601025
0.5453101998103653,0.08797056796151478,0.06919399163372228,222.6001585141161,69.0,1.7292037766005237,0.07180003947076495
1.202315505573075,0.04168255507069707,0.06213122300268359,24.473405461837828,69.0,1.0972105284528952,0.24664743877977424
1.3531034018590657,0.05397383545875625,0.09846346293475014,380.5326079231516,69.0,5.903922141676425,1.0606867357054053
1.4004080737553486,0.05336732263975735,0.07034919268973379,344.03941656720997,69.0,10.945116977300556,2.9480181406989683
0.6792700083167283,0.07209003270811612,0.03134554390747562,217.80487956574837,200.0,12.532405902636482,0.614925165969948
1.1790447450068273,0.07891908628168613,0.051849803412663695,447.5866413454531,200.0,14.92390159961474,1.3337504593179477
1.6164518496200888,0.04456224572473215,0.07495060491608707,396.85162674259004,200.0,15.37534374428113,1.7867096456622447
1.9515273793114076,0.04031598769294409,0.04624269685221306,396.47881947199016,69.0,53.84957483066083,42.84972827251612
0.5951786655155914,0.08937867907312873,0.04273898687765957,201.46772587466927,200.0,4.406783471795209,0.12175055362825578
1.4537309863648158,0.07421133672346743,0.08790750169067221,231.4182528780841,69.0,3.5197415803149195,0.8175467310092736
1.3046939047089403,0.02428603491298846,0.08625153091018913,392.24808680252585,200.0,16.995364301414007,1.1180460154129235
1.7345584016047098,0.09216805293487286,0.031276560769984724,236.35061019545597,69.0,27.28214480884298,25.3569504825015
1.595987483271887,0.021846794775433755,0.03842648547407447,481.84249041386954,200.0,143.0331709258627,31.604127758909804
1.0015762085823445,0.08289514558126596,0.03069192091519142,113.6668432244232,200.0,8.747658282623528,0.9530473625255459
1.0132992582199818,0.040422519867974016,0.09183159206902543,126.21734788333788,69.0,2.251129167061335,0.24318870551233096
1.6782491278175238,0.023777812884943295,0.04023232192095287,214.9002064141148,69.0,56.224087116151594,38.02943083258815
1.810907024802907,0.04560160214059451,0.03847661720746748,320.6675433265596,200.0,51.609368128778456,14.662320599322227
1.9492333364753782,0.022889075222980813,0.08880520439702566,140.99827813421888,69.0,9.135320885435302,3.77635400471607
1.6881697813980772,0.026946122924088343,0.08798293517163534,281.6367475811519,69.0,13.676139234119955,4.2801300162792195
1.1508149197891142,0.05783136308986078,0.04338997928180466,386.6177952054602,200.0,24.518633367473853,2.494574792273228
1.7136661146106653,0.04474393499872197,0.08971668286500295,362.9888653381788,69.0,10.363111522032604,3.2773968552485173
1.9847079778347925,0.02561365624474142,0.07636525960409003,179.08792277990483,200.0,14.277459053770194,2.454861907594285
0.9871380722854715,0.05646377355133603,0.0630957170398333,42.82165942163044,69.0,1.128295837723025,0.16835986179529283
1.4543206770668038,0.03492207182516231,0.02075062931326994,262.37395556978487,69.0,152.2543137749234,149.94028837786712
1.2658383149253636,0.03485381758799756,0.08824333423642794,495.9645822394631,69.0,13.879249357819637,2.435006883156665
0.6519677348632562,0.06171081584956077,0.059422273961721644,323.7656227224034,200.0,5.812303249179579,0.13858937939420132
0.808826062260869,0.05568092947103244,0.03431939487249652,205.33560622571574,200.0,15.194448179885518,0.9654600984974739
1.4149806485821985,0.06249144543585354,0.0760190093330374,208.5861841182242,69.0,4.903682111472313,1.2478453186524017
1.6160134083325048,0.029339815574896955,0.07839975102034337,319.58195146572496,200.0,17.18271188642966,1.907856427966963
0.5923243807261867,0.09780340029598088,0.03347449464975707,81.15651036382461,200.0,2.631795931890508,0.09194669966382142
1.6110039653874528,0.08684238763350131,0.06240996035061053,391.14778908988603,200.0,11.177615620223632,1.5494131170122125
0.9434570301555609,0.04561198355135984,0.06252372007833892,152.16996751850422,200.0,4.83096336527855,0.22925136449748093
1.0103925002420466,0.05707766103797514,0.0734223361197896,181.05288971108422,69.0,3.5671737210260317,0.47922110860936706
1.879401398147211,0.045224558319279046,0.0339118669023433,264.82724116604277,200.0,57.419012628498955,19.935257860619952
1.1177139904784126,0.08961791574535666,0.08913666129931506,169.64880410075764,69.0,1.5978101455426936,0.21636640820689548
1.333954903342602,0.08457884315710582,0.0815671789709599,431.70960405959295,69.0,6.140326762200976,1.2942494420715742
1.4428919177265604,0.06016950036419491,0.050488524927421036,386.2381169192121,69.0,21.80110024605334,8.685863119962395
1.151289553111789,0.07794086245899051,0.031826893059385054,331.93507506155015,69.0,29.042584616291553,11.68610533019629
0.7700829485251178,0.040272574562845304,0.02859653267503286,169.51647428054525,200.0,23.782884019231023,1.6440116827972233
1.3016456398725977,0.03992113484816601,0.046026846859673856,388.70760111036566,69.0,35.895642003887424,12.76661281822316
0.9362161543129222,0.03546207713275698,0.06662913132661986,36.366508938729254,200.0,1.2975871040146714,0.05689883520117221
0.9886207015900588,0.02514956114968525,0.029085759265845192,52.466754878817994,69.0,14.627628852326371,4.749113816538895
1.1466246421900488,0.046810559072653496,0.04215979641726289,262.568222478729,200.0,21.71070104960751,2.256818480375168
1.43171330615116,0.05434752852405167,0.04911141153498361,377.3510614854197,69.0,24.729096842265786,9.972352270947528
1.9087169975536669,0.03547024518953073,0.06842947628403874,289.32515310946246,69.0,19.9493320955481,10.261902312615995
1.801382587121803,0.024590119470946706,0.08889714705225593,487.6456726860371,200.0,27.122224074413587,3.30010791799527
1.142413593451612,0.05734604993402849,0.07775783670226705,226.13864177454096,200.0,4.470514873642053,0.25011448501666256
1.2517060969433325,0.07323925467860015,0.04446898512873458,201.41054351776938,69.0,10.444255012145167,3.555368617205149
0.7601960684061349,0.0883716264731164,0.03355912548718969,481.10580492782265,200.0,22.048718268631067,1.2656181571391496
1.3119888237745458,0.0879384655321749,0.04183162804428929,143.77578026395042,200.0,7.354932671098362,1.0088182971268944
1.5585141432175356,0.06301000503212068,0.06535852178664889,280.49964706322623,69.0,9.744966726772795,3.499123614129778
1.5828494809534737,0.062824088197841,0.08726637940192788,132.00159823570294,69.0,2.620293552177118,0.7268451163831017
0.9312493862215936,0.023068052050392484,0.06831893423781463,337.834142468746,200.0,17.531848135630018,0.7418179904206833
0.9639079912672724,0.02986846460104852,0.061849118755391105,280.63874421665304,69.0,14.205434739485844,2.061825113147729
1.1362168411325468,0.057988595859649064,0.048327664606366214,127.65351174096747,69.0,6.425560676136773,1.658430647077086
0.6038110756027963,0.036737349140358255,0.06531107801459939,35.386612642502506,200.0,0.8181064135394794,0.015223125939932608
1.7031821437645984,0.07708254277961464,0.09645304363936254,263.5421742514202,69.0,3.7555587855907757,1.0912907360695094
1.6369829068617447,0.09643777358640003,0.03594127227869258,232.34374403696137,200.0,18.318601272410554,4.552667128308128
1.9980444503920194,0.09016447368225496,0.08661750630875807,125.01239335875277,200.0,2.215453613108786,0.34036588305871945
1.9611630058150467,0.0492723796265203,0.09390942541753604,12.01291403193121,69.0,0.32530550150987225,0.12872688488188308
1.300876719710343,0.04718328176979304,0.06047739870908089,239.7039921777049,69.0,10.84147341774279,2.9310764097143682
0.986768054165072,0.06960771179571697,0.07388017167561586,64.11828886102742,200.0,0.9991601530042128,0.043895107543081804
1.5177852401699572,0.057799775474014256,0.04594629247800784,202.49132195023031,200.0,15.112659385782038,2.5257468323745065
0.6950164702742532,0.07988375385961305,0.027474977413307206,249.7335362620992,69.0,17.269909461890396,2.9336112327977664
0.9755916819990289,0.07809411263324899,0.07148932650838949,417.5443673259297,200.0,6.123803728307186,0.2717659110528139
1.0054072621595542,0.05059693399029477,0.08135161026040444,67.10242830318623,200.0,1.2088571866647027,0.050069312020922574
1.8068624945852996,0.03611002222179517,0.08054696770421581,18.19468646354631,200.0,0.8419664434895051,0.11375605940459382
1.0011132344076317,0.035405777840597244,0.06388306978874665,286.4760933683275,69.0,11.909050701842556,1.8051671532764457
1.5018846818644391,0.038665422054928636,0.07114550312760512,484.4664752214992,69.0,22.306626866226566,6.833123554499313
1.1947906691339951,0.06693078319786264,0.02915901497059556,404.6647066840333,200.0,50.976122348897746,8.318716759483639
0.7674206600065872,0.03876418090514189,0.05085200102794399,168.62765356909048,69.0,7.74580979375916,0.8667331452314464
0.7005287350729552,0.04954644917960049,0.039270149345551855,392.5826898545113,200.0,21.595870258781915,0.8995779688840071
1.898116104784217,0.04941403339581854,0.0437742089040066,329.1469978109659,200.0,39.58922552603906,10.86132959757363
1.5666231134717208,0.06997693788791713,0.04787421016089215,362.01461920339113,200.0,21.216987026178508,3.6256835282692306
1.3577169062830532,0.08378389235767623,0.03698498832443997,464.85362245094836,200.0,33.04191361436936,5.489551989955045
1.2951307499227445,0.09536123258234684,0.07928114092967746,14.400158937122374,69.0,0.18668976628073444,0.03816256002912846
1.6572358406707932,0.028934169494199614,0.02139438632404576,194.37090734710426,69.0,145.93388387029094,181.002507610155
1.4538909419975485,0.09723042788411662,0.07662121268730206,321.1296062704648,69.0,4.90753254612217,1.3080895584909875
1.09692240286987,0.02248779133207189,0.0371856767074246,57.324953418329244,200.0,12.133125396023438,1.3086621896594741
0.9695436961116766,0.03645573277028032,0.04544353964433854,417.52535292497754,200.0,32.26200496597239,2.2245015937936246
0.9527230568967604,0.04569597053599136,0.09152413052022783,155.12717468729676,69.0,2.316630018934483,0.22198011370961448
1.1413208471759226,0.0362785157757034,0.05653890687502128,154.2494273176667,69.0,9.108319046842857,2.027523877780856
1.743746776018626,0.03538173108885836,0.029075968535167283,345.4437989075048,69.0,120.8271721235371,122.08348173418608
1.7405517479130614,0.04185413687779181,0.03936953212065438,84.95339817649305,69.0,13.676030109990156,10.167948184331417
0.7828796233081379,0.061230817011627345,0.0322685896557041,134.55604759636995,200.0,9.913327150420475,0.627636480500809
0.7894622572537009,0.027094394435926664,0.03121124843226145,215.3119848286636,69.0,38.641065819846226,7.45521805603702
0.5768157245156961,0.04935049866976879,0.06968376517550613,131.1232982606417,69.0,1.89370987489216,0.08736061198807682
1.5135199969039514,0.0678373086626776,0.038591785460058564,29.16484824159935,69.0,2.6214451876386944,1.5034254108961655
0.5500008175603128,0.08178029365990522,0.07767498513103846,467.2549334352556,69.0,3.125053506637116,0.11758789047414242
0.8860058865722021,0.035754688530198364,0.07459160213195293,289.4029841974153,200.0,7.733533888634628,0.271293892955454
1.901363190562216,0.037539165015974776,0.046133264105017446,98.9675466885686,69.0,14.1317570067922,10.699704694593477
0.6697271616837517,0.08678047832265288,0.06507815816999175,107.28833767666178,200.0,1.1730300389194224,0.02694935970750921
1.8841897299297403,0.022322903915508254,0.049878129242610154,32.764307958487144,69.0,6.669693543813227,4.586745442840365
0.683408540308597,0.07235375354645408,0.09703027623937843,152.9299162714221,69.0,0.9205523712290351,0.04281162245911161
1.1972974350303622,0.08489193037925193,0.09899368839079489,185.87400417382673,69.0,1.6050572820627018,0.2245674382964082
1.9634557499030936,0.05911966085351497,0.09112584735821103,129.44640376074977,200.0,3.106327664561237,0.4380530072985805
1.3725419196551227,0.06497518261885202,0.06548298617379039,87.20223394003702,69.0,2.5775079752476113,0.7164442915857089
1.529766337585475,0.03470662023644124,0.056808891545201495,266.286778659712,200.0,21.821319083144644,2.9963575095671344
1.7498606531196625,0.09193861751637536,0.06540076572366828,105.36569257677786,200.0,2.8131332705749506,0.4390289418244704
1.7306115444562318,0.045146348631799296,0.04599469118237941,307.3419474782054,69.0,33.41447486113146,21.022568488892944
1.120615360777927,0.03108101443334812,0.02976203384986849,16.97491981161502,69.0,4.145674072122624,1.6900725256769629
1.5778561460907845,0.07233990358402968,0.0588667270726409,449.0725974113202,200.0,16.959674209872077,2.3908986793260727
1.427504792263092,0.04917699943428106,0.04984707867399689,476.1139255990359,200.0,33.37323145481062,4.54770666601214
1.2042194877104437,0.09190383286875418,0.032685487180088096,440.0337576281521,200.0,32.38167780914219,4.788885266015331
1.892812170277534,0.09722409503310998,0.0755692932973876,193.93576812094653,200.0,3.966907316098778,0.6269031866621589
1.6677347565114227,0.037237836780581776,0.09826793620966232,301.4352310556559,69.0,8.388110171425835,2.2938546770202217
0.6868353877578164,0.07047254434214933,0.08774936758421911,317.87189823167057,200.0,2.414060261598566,0.04326016619576386
1.9693670610130538,0.07552682652719855,0.02342124493754545,427.15830047604766,69.0,121.82756986043955,194.9164958209247
1.4813330700053247,0.04981826768935062,0.08029904677157933,332.8669589674431,69.0,9.210119296916979,2.431755756729934
1.3089906742778106,0.04863312818218673,0.03252841542759585,448.76675138381455,69.0,68.49367285975275,34.859431688020955
0.5304221426656388,0.06584191708153485,0.08035478229135122,41.54092005012385,69.0,0.3109732854169369,0.010519964990177832
0.6116448363076452,0.05994870023416557,0.08991140140178168,344.4940270202177,69.0,2.60869289414871,0.10487366992186908
0.7766789848218048,0.08568886545940092,0.03578436057279687,210.46575664381837,69.0,8.938473037826247,1.4558372656428855
1.556031408283634,0.08231611463448682,0.09224449614047794,452.16437135537194,69.0,6.026985668976661,1.5284669902052845
0.9737819063233365,0.07219077344752634,0.099695568185955,456.37818996327775,69.0,3.716245806616446,0.34151645281397763
0.6980866484036913,0.05211952096131178,0.0328140228620072,283.6326134187081,69.0,21.168855612334298,3.0374995210528963
0.8612696230216037,0.07423690958864873,0.08861471330036372,56.83437735571084,200.0,0.5038136490662506,0.014057920967073215
1.2197771956471382,0.07263492549703682,0.05202156269110743,385.143160985864,69.0,14.339752885659303,3.9625882098175933
1.1417161415959087,0.0779886350948218,0.02660454189979619,52.48984552114724,200.0,6.513910632457632,1.0638515686942613
0.8389904973569944,0.09790893724172517,0.07387324538093294,264.5571827305298,69.0,2.4924769768244133,0.22946566474819222
0.600932720950954,0.05751021309268037,0.039133338929988826,369.64901315353313,200.0,15.133098825237926,0.46549113380217555
1.0771485517983037,0.029528383990840058,0.05864239180893813,198.7787930639087,69.0,12.651262623495667,2.418427373770837
1.431998125061889,0.060640372913219845,0.08190995728333071,227.10861999623887,200.0,4.79614225391787,0.40023862727137405
1.4961870986450179,0.07598032499310847,0.08624147400224927,275.04262588938116,200.0,4.369217590116975,0.378040265218245
1.330672313810533,0.05410834286915277,0.042032011324706534,233.17663458949343,69.0,19.475240207889286,7.926921230826214
1.240057894042995,0.07773325332439165,0.07740672343385262,74.37998053617967,200.0,1.1881877176852658,0.0786808498598495
1.77613946699254,0.03209573046411692,0.06786499273014761,31.08568637254152,69.0,2.241041495586074,1.0065094824272642
1.9877090760012535,0.08609961887170899,0.0934595710157086,157.4114549870034,200.0,2.4962702952404507,0.351764665136501
1.108125957041644,0.08855402948352069,0.030406537889072133,370.19292387554896,69.0,30.06257768896304,11.729976672585211
1.1542620465873275,0.07771886982645654,0.053803895923420386,407.198323966528,200.0,12.534520459534873,1.0346216845786793
1.7546045668251131,0.08997148964790821,0.06977046143824282,312.0424169404466,69.0,7.500600546989522,3.1977359759017157
1.8128034789124532,0.09472469911203128,0.04688982955598176,376.5493576344383,200.0,19.665425370738784,4.594147006620632
1.0012493266552946,0.0557956326079673,0.08165355373098444,128.41886330965673,69.0,2.0738241193496294,0.2460033122344733
1.3885515114304958,0.05848920115006723,0.03146616519947933,419.43483744649586,69.0,60.34126612063164,35.72351967837594
1.9305437315934744,0.05691828619285698,0.06218324684989526,214.2865103784468,69.0,11.27787099457606,6.53089446438222
1.8823474330073027,0.061482854449493474,0.0636828748549397,353.17384950077354,69.0,15.997062149570889,8.599571145396911
0.9884428031275339,0.07317075572218715,0.06812402577648675,384.13161940068954,69.0,6.70879778141788,0.9296235869256924
1.339638762740382,0.04846940253066072,0.05159346332630477,278.0342301413356,69.0,17.32128841491195,5.8213079251694015
0.7233248538148506,0.03023195220641834,0.057578649662559,67.6819692688552,200.0,2.9306805446513873,0.0887672011824805
0.660855879600554,0.028066464442743515,0.05670349031129057,291.5420286088831,69.0,12.810081359691099,0.953268544453374
0.850479378163069,0.03880427645056439,0.07895740633929738,55.90226438686079,200.0,1.1791772732445365,0.036007464976445115
0.5614007392852296,0.0731292082734934,0.08919746046657849,98.82729284945236,69.0,0.5721439084481224,0.019532525467571244
1.1413006437735214,0.02604301374953466,0.08720084869011424,197.1569241007642,69.0,6.81758690777648,0.9839425590574618
1.7337746515049857,0.042669010635458575,0.039021475374104116,354.4163959735991,69.0,56.746327474013306,42.23563447393417
1.5599969317593745,0.09356373521072898,0.09317952975516512,354.37075839793766,200.0,4.083046186755019,0.3554594068603326
1.3574691886463004,0.033636964171363214,0.024855233216459265,158.35613543086993,69.0,62.06741358947582,44.45958636117765
1.5501702489592553,0.04581961178031438,0.039856249372248194,303.06548293339847,69.0,38.72780330187524,22.560300588089667
1.6702201225683933,0.05948174567859443,0.02801002759710201,268.9880063761001,200.0,57.76264862885056,19.17607550155791
1.534474130031907,0.07670182803909378,0.0683830602740425,465.4200500621588,69.0,11.946842285235956,3.9745081347619236
1.3568400753617986,0.09615149590344865,0.06531418889244402,235.619944230391,200.0,4.676498942529696,0.43938919451831926
0.5541861413602172,0.03003747651720805,0.05796826559053159,274.58329397300224,69.0,9.045591370742308,0.4630390631770118
1.9762952545160473,0.04065897628651258,0.027353831700952104,333.5311535248212,69.0,130.00100295212022,179.34605916078246
1.0555379858715668,0.022264451029807092,0.07121119146710371,153.76784490882224,69.0,8.625457692598454,1.3038909808124137
1.4441045202218077,0.03314327287622716,0.02799177392493565,356.31089519021583,69.0,118.88381788256847,85.57545694459262
1.8113550364066637,0.05525460863771389,0.021062082653465524,211.74975824919926,200.0,93.88725114879267,48.75186366493028
0.8867860550754354,0.08328372369263648,0.07577766377604864,254.09404664023725,200.0,2.826975449276051,0.09779063822701797
1.933376739345756,0.08145951950268426,0.02432443846669136,408.95915562216635,200.0,98.42834536880635,50.41840295569612
1.324925159221815,0.0729033831803615,0.09820195319059218,393.8246233043428,200.0,4.453049567384181,0.2653376283266008
1.5817420645342921,0.037464897880695444,0.07527637240464721,90.66454025113978,200.0,4.053054661962266,0.44902844420512317
0.5437516251104044,0.020168018780683035,0.08239696158445342,209.47053588179767,69.0,4.991017935284354,0.17303689735312253
1.9791149208925605,0.08836795163248255,0.07814064256909502,335.36600627452486,200.0,7.380615108521391,1.2332080501214775
1.5964094848272437,0.05714659856492969,0.04228932256120913,244.10756614839713,69.0,22.878363098609505,13.321173022516247
1.584792006764674,0.09030244769098097,0.06899335288412005,123.9187529902317,200.0,2.7412366694486825,0.3326308849410077
1.1421910469794445,0.04975681952098825,0.023874034566992313,136.97603470781212,69.0,33.100179034832536,17.475985591644
1.3401729458212386,0.041312413333264034,0.09516853377763025,61.79541480203174,200.0,1.3280090243204095,0.0835426190566436
0.5485349075292734,0.08570249890180694,0.020755201447439475,271.17692774669115,69.0,24.17468733218507,3.3861181189344762
0.8264874469609355,0.07093845448668,0.0362298648780789,156.9867128398346,69.0,8.360557861970264,1.523002850663852
1.2040675210757925,0.07630165018286819,0.07195851392001716,298.52726323178354,200.0,5.45868193361446,0.3665945739584462
1.2557708414912827,0.047967828669406465,0.047847699093857186,475.4022910370738,69.0,32.61750510454647,10.3865214037389
1.5421937880109178,0.07168263225360569,0.07083131305084353,351.51157589478385,69.0,9.044098871010219,2.9341178795920673
1.3476936773749095,0.06400824864873574,0.089815996342304,253.92355595695088,69.0,3.976510231643792,0.7769453008338045
1.0275212393832474,0.051748771302974395,0.028582790300728897,488.9231139446618,200.0,71.29734183885084,8.778677122980605
0.7563569565782384,0.07374135549177284,0.0745412446225215,393.24887114318796,69.0,4.35553135350952,0.32296671485224027
0.5463503303227447,0.07679925094686978,0.039666871939437465,73.3998611216532,69.0,1.9911537962491568,0.14477011593408595
1.2195210687094549,0.06942435549606904,0.0453451496530136,127.71307287986873,69.0,6.546397568031989,2.0744826304584083
1.879166658733506,0.05455845673756894,0.06338009428910196,397.531731073484,69.0,20.45128069586638,11.009253588282421
1.5964760607090116,0.040661119603251375,0.08342155686309463,195.59129916139887,200.0,6.621056262972773,0.6742990600203767
1.8068817005545494,0.03246171916206533,0.05092637128604621,11.756492289265468,200.0,1.5139159099497699,0.32351707354467085
0.7944464855225988,0.07054904229170311,0.06519276719003185,484.81817738850725,69.0,7.7073457059647374,0.7209321115756335
1.9823043507920268,0.03041594431833488,0.029042738560374877,107.3711781604345,69.0,49.77747556632091,65.0722196489484
1.4031041890896156,0.06829861099336745,0.08563630361874121,191.85362918552798,200.0,3.224656748878616,0.2471064986978252
0.5384083880339465,0.03433950340522441,0.02460150868870633,71.60922593755598,69.0,11.130496935192037,1.2671735467885687
0.8553155774668216,0.07336109224663545,0.05866825164926999,38.6345342507352,69.0,0.7852017016046096,0.09459986127651365
0.9332628462722585,0.049939043609258923,0.07921496228764367,404.27068206281325,69.0,7.2239181037463585,0.7674201488692991
1.9317396970554461,0.08866031672234992,0.04933733115444419,377.03416289358813,69.0,20.24883183155154,14.797255742716137
1.566386666183048,0.06345198298484786,0.031023546235982746,399.0560929010042,69.0,61.41240364840333,46.92694277880282
0.7986969238361654,0.07170247740189768,0.0664134846595584,437.8259461415355,69.0,6.634192360973252,0.6156805949983833
0.6229319203578909,0.0218111168379719,0.038455759803570085,357.39685898656734,200.0,41.41349373954433,1.3929655959245502
1.2947570054377149,0.052732754324752745,0.07785384309424372,225.32425144139788,200.0,5.4765478930515155,0.3930810602281936
0.5378650315916444,0.07572310893553044,0.06093139124246899,259.76948849822605,69.0,2.981961792691475,0.13679406360354945
0.663701945088456,0.03243864276527747,0.0588238681467243,319.62498439378805,69.0,11.33953449874434,0.82044123212489
1.2712436800537374,0.07074697507476065,0.09864856186892307,406.54239218340695,200.0,4.503980518831351,0.24594732535635758
1.9994042719690914,0.05261728127536107,0.03876734675496912,201.36931444419372,200.0,30.548127568582625,10.500222294803859
1.1670103391266837,0.041914163746273964,0.09969615406740767,390.81650138954063,200.0,6.568727273947953,0.2991100314136428
0.7163005810748229,0.03159252252724621,0.04116319502850366,59.963685407460126,200.0,4.814291841573843,0.20002887347407117
0.937244158796821,0.068774923083552,0.09664235942705135,485.51263249357373,200.0,4.2504935860285835,0.12878226853917307
1.7868304735845566,0.05296752479282402,0.051951054986812656,439.1353638779181,69.0,32.933250100463184,19.555394079089034
0.8038896669601965,0.05262932840461777,0.09562533806887379,258.3738619058996,69.0,2.5895391316409007,0.16908381478329118
0.5337229232655317,0.08823377495546075,0.053619941134140925,127.62872269229221,200.0,1.6111204242254786,0.028530680328638282
1.9411437690128237,0.06836721937276682,0.04762498481285704,188.6868611304522,200.0,14.172060427848166,3.7375954716988993
1.8604948724932404,0.027242623836886713,0.07124770249205947,291.9946401403241,69.0,23.57023676434546,11.063936788232954
0.5747723092867996,0.02352892018653428,0.07655664849006212,477.7814829875923,200.0,11.948367719431612,0.1718684208494608
0.5059154826123019,0.06921909284506579,0.03772923323807777,293.34260880086015,200.0,9.036963100730537,0.20435215213056857
1.5221896915195157,0.07328689847192371,0.02983610924242993,448.7038404236178,69.0,62.815828719414,47.13289418576611
1.8037794748511993,0.05465308440850965,0.06363406952739728,273.7857938040392,200.0,13.389104394168035,2.2819569996798297
1.0795195580203218,0.03093176655267261,0.04625748086511806,497.437169845359,200.0,48.680084079628,4.087983338851051
0.9649355855588089,0.056788619454744116,0.03091398930957759,234.16719253046614,69.0,24.980677151227155,7.2695152213283425
0.9391933450524552,0.09903534736079227,0.056924558043058765,454.90956236728164,69.0,7.988068102169314,1.1959465069399817
1.9166485513281823,0.05972795172113887,0.044618899599706,126.36227696435573,200.0,12.220693338977036,3.353827384906926
0.7214250741281334,0.02299493860137239,0.053353017069522085,365.2658438082441,69.0,24.154682035143832,2.2765880779109113
0.5128215245490234,0.09362243469232517,0.0999681503018503,364.05104402195866,200.0,1.1972270832968381,0.010498472438770601
1.0312524433694903,0.08300727558596235,0.0633862063278233,291.5032150601133,69.0,5.408214523442846,0.8766955081806541
1.2787038825587316,0.04842434302570388,0.036853570392608975,260.55655076027523,200.0,30.394874566978206,4.495101468216945
1.6337381722130877,0.06902304137118588,0.08259333603830026,474.1737715644122,69.0,9.87159039157165,3.082241627548763
1.2050115120727873,0.06478591103303295,0.02730497222017335,22.435906838971956,69.0,3.3583196147365797,1.7255292641932063
0.6207332687594557,0.028799567449045348,0.08699270099727785,208.8178159866622,200.0,3.5683892837566735,0.05268393452062787
1.0197742082846284,0.04541545652168205,0.06206258526192135,36.412243141945915,69.0,1.2736183250200428,0.20619452735174537
1.3636194163753461,0.07821111136919436,0.06753818905813454,352.6310387609012,200.0,8.08719068283917,0.7421870459049026
1.089761029502196,0.06203398909870207,0.043396172518548166,94.91948365136133,200.0,5.312578094303025,0.48461314699034913
0.6108447017196541,0.03436389663996661,0.035550589152195,61.80407801613291,69.0,5.215586889414079,0.528904979003818
1.59983649387237,0.06303335546496339,0.07188880291108345,73.00467748034396,200.0,2.1512189061843396,0.2553014597762226
0.897839821231531,0.06245663052127157,0.03913115886163418,197.02092832370616,200.0,11.097841166760015,0.7620654413202019
0.5349140754498931,0.06078630120453685,0.09706504259029813,240.1919496785831,69.0,1.3460534547695788,0.03833779753270962
1.844260710241171,0.07317423391355594,0.05593091951661626,432.5766044534618,200.0,20.9109849271305,4.2388290637815
0.6359373053635446,0.06657772773913595,0.07715937098288436,14.788273188672761,69.0,0.1423562999818585,0.007209020623155984
0.9006264746159827,0.08101094288549558,0.0576212062019098,149.47478286005108,200.0,3.0030012526684944,0.14090984327408923
1.3860980875696214,0.026454376432725003,0.06798732840845222,288.34765290820064,69.0,19.61138000128243,5.354608931072233
1.2240834781962124,0.037126706990956215,0.08505569850623791,479.6441688156793,200.0,13.115600934312184,0.7701682237090043
0.5253621875413503,0.04988218838529499,0.03421283642900136,170.96389495867268,69.0,9.229768436829831,0.7194141865864218
0.9572135544480016,0.09911534566668273,0.09318362264605139,222.52885618727385,200.0,1.4849996295625623,0.0486724468793641
1.625248063938249,0.06761567740242615,0.06261775419194142,489.5824499281295,69.0,18.00753928058329,7.3393204158311205
1.9904214372035314,0.09308867528703116,0.05736593197187208,266.0680172894608,200.0,10.37251345799997,2.3878045731875566
1.3158363570412965,0.07387840113701384,0.04119112733948413,106.71250550896063,200.0,6.7211502644520404,0.9417213923671879
1.4317971017515139,0.08705701313094051,0.037114973398043566,447.1532467689048,69.0,32.032220689448756,17.09466138016208
1.042901372459037,0.020016682993765186,0.08257144829920603,300.3354994310847,69.0,13.770485184038364,1.7525300295020465
1.952230107872687,0.08971811037360863,0.038871392089246434,268.9852394337868,200.0,23.241834220807398,7.595931906416391
1.1400097607806086,0.022711363146788947,0.09677015326216025,447.1152592188046,69.0,14.379813472778633,1.8659010691913454
1.229002787982294,0.05553200523170286,0.05454355488940116,104.06711777129256,69.0,4.6450180887867285,1.2428232127621115
1.4605775420454532,0.03460977253133167,0.05976999728046105,141.46517310860915,200.0,10.026750012981912,1.192902458588182
1.3850806681714616,0.07465432145524255,0.0424538330047589,77.30343615518915,200.0,4.774592923850585,0.7191977560009599
1.3980523794415864,0.056215522093006606,0.07750788243185187,87.69780079485702,69.0,2.1782885262837968,0.5307329709000203
1.082010068340631,0.05509706768358384,0.030190798891422493,371.44906942897177,69.0,48.018007010721846,17.990854020196853
1.9948987834741838,0.05126009533288209,0.09482505626294264,320.1486553165108,69.0,8.313773152105536,3.371137311829046
0.9657869627340641,0.09848674770741976,0.0775390290766911,201.02601155712233,69.0,1.967280701887174,0.22864847039498903
0.8113369594236326,0.04892040342413964,0.08359100218406006,10.74698727759867,200.0,0.15304887842284595,0.004017462992307773
0.7729856859434456,0.03258447898240613,0.04905046086460532,365.10497951822384,69.0,21.599489793285045,2.5421604287809703
0.5538781296122655,0.0627870103334382,0.06570674138617612,274.83075315454346,69.0,3.369311248955617,0.15199149488224006
0.8609879785657322,0.07423352608165763,0.025719368367322453,449.9056459126562,200.0,47.331372036925465,4.547384906328835
1.0246536237050101,0.055382351858241016,0.02702165253869187,357.37850962912154,200.0,54.3327339939985,7.036919123613508
1.5375543674972494,0.058254457917260555,0.08105864678511843,180.15072494928205,200.0,4.342000628302997,0.42211447055507234
0.5446875805269173,0.07404034033991123,0.04193331615038213,301.432697534089,200.0,7.566625857691769,0.17845007838163285
0.6110995325205473,0.060398395545228994,0.03924496399066536,246.19007375791028,200.0,9.703769424303443,0.3077933141089784
0.6170050582880872,0.093160816219485,0.03207077228013388,473.1852097642316,69.0,18.281802600415315,2.09675021547824
1.9944917528726944,0.021887861639103265,0.025184708224770154,319.9788213991771,69.0,275.8211389315501,420.93473400941764
1.0883103485007353,0.07735049969785036,0.09003873915784885,73.47603700497618,69.0,0.7651169093439221,0.09724416759430603
1.2608258582488139,0.07362889043907758,0.08623199790997908,126.65254949210869,200.0,1.749988285030091,0.10753643940383877
0.723026014512858,0.03894319576414311,0.050596934458343956,333.6449269794159,200.0,14.518097286465839,0.5000024009746472
1.5268984884669203,0.07668409886914881,0.07252088991204883,427.3701602139082,200.0,9.708095575250079,1.0403272973234037
0.6890518709047403,0.07637117638445647,0.09704391296077337,35.64779574721549,69.0,0.2049131208899242,0.00968645691035479
0.5794753350173867,0.08714061654631702,0.04536641041104747,91.36165010255571,200.0,1.771171753157746,0.04369934382768204
0.7977737218380141,0.033339676526947054,0.06487412253995985,263.9975223339255,200.0,9.005886155656166,0.2945053270821448
0.9178454060204722,0.026041129513441962,0.026454251155898795,226.77036008850786,200.0,68.52614743271565,7.274089934686886
0.68968872595559,0.031145339609758668,0.08286996404321063,445.49699040497353,200.0,8.619097233016934,0.16491100128418765
1.0358471895514116,0.05749324512434276,0.07369044479628482,299.3657534722775,200.0,5.959500780448584,0.2892469794868561
1.5907348415681672,0.07616601696546701,0.042949049143895066,36.76569468802978,200.0,2.4976033507417323,0.49050591306519153
1.489005409133566,0.0538444230534135,0.057281966121450936,162.853472120039,69.0,8.235083141640128,3.079656460684773
1.497880715211772,0.03577423015011623,0.07495018743757913,482.8964701643241,200.0,21.595674223497547,2.1549006303118765
1.328652965965067,0.022478397918930613,0.04435012253386397,99.03947255263411,69.0,17.85731367821515,6.867585519729957
0.848254198559738,0.054405934053758515,0.06221990534980697,322.18025088744264,69.0,7.785225933870417,0.8698684125357312
1.0823420165262274,0.0689171771636445,0.03458943468780583,287.35032741929626,200.0,22.63148521496844,2.5549203953381547
1.4742543934972079,0.07351068012515828,0.0907451188457751,126.91441480804582,200.0,1.8545461464937505,0.1480600791650876
0.7475680064342104,0.04713508569372796,0.047924490034632374,161.56887621882362,69.0,6.694225840084664,0.7542302090874641
1.3632212134125246,0.06132357985644314,0.06484012960594862,430.6356550161788,200.0,13.661938402246623,1.305208415148552
1.293680709864529,0.027502321122363088,0.0755579619598662,389.70054774554256,200.0,19.265467410903373,1.4224344605128587
0.6269139942036741,0.06884544608586271,0.05410727131238169,450.36491858223656,69.0,8.404991623822928,0.5898712528144369
1.0126359255536719,0.05017472828710358,0.09221407475616603,211.0801368183502,69.0,3.0058859112865157,0.3229546870364371
0.7247935520043518,0.07048471911265777,0.024433817026367394,143.20771774277665,200.0,14.799750263119742,1.0606459966544481
1.5286253586389553,0.07698699045803017,0.0738932702421227,381.41450386542914,69.0,8.321898160710118,2.542607241551325
1.1111297154340836,0.05815462886516576,0.03497734733441697,205.65748625234613,69.0,19.270922636257094,6.572109836609319
1.4611030529534803,0.08347229025825713,0.09435423418188764,285.0653522838492,69.0,3.362880352949949,0.7351422251335228
1.368619055854267,0.03949092185983621,0.07828956134204583,69.07402021278565,69.0,2.3433846187448983,0.5417071035545324
1.5631796485595872,0.02529611487996495,0.028275547303688253,393.2605776452923,200.0,182.37474206253648,52.53517708002164
0.8030516231770106,0.043030512350131424,0.057732070293052884,215.39958827956815,69.0,7.236503939920363,0.7810129767864934
1.611103647746492,0.0960990489163996,0.08973623810850945,128.13018616440093,200.0,1.6005578674781367,0.1543224922695633
0.8061998032634117,0.08519319199360952,0.04047568020706408,157.6293737384654,69.0,5.463084095801524,0.8475957214730501
1.976481181733137,0.040787800221131404,0.035919948232305085,407.2453323537841,200.0,91.76949922492479,33.26800610319327
0.5218130594734973,0.0597389271670041,0.08308801793846983,177.02126006509107,69.0,1.3438704523336606,0.04255087983045134
0.8176185790470228,0.05826149530902504,0.04061471750588702,495.8523491950133,69.0,25.31080025440804,4.025164121491979
1.1803813942011177,0.027624909587947055,0.034913617199032645,20.73635583920104,69.0,4.361295219363976,1.6816089119480229
1.0725965674081825,0.03660935520243313,0.05535472849847893,33.369485979862006,69.0,1.9144130244533664,0.3844265472787895
1.4311070928771197,0.053476670364658474,0.027633528996665453,27.450392740407434,69.0,5.772113819518426,4.133352591745244
1.9757333886218906,0.07981949647645029,0.09507209400616987,291.9525785849772,200.0,4.797078242581518,0.6565369393315715
0.5129073806802162,0.05398521313653058,0.023802067261926362,184.4870431460166,200.0,18.563159345313295,0.6839019734532087
1.2992128568889438,0.06879379644559461,0.08280919281217895,296.8188740344394,200.0,4.904747941532928,0.33325563900788385
1.0516124472936201,0.03448550735057519,0.08131669806869138,493.7781931902066,69.0,13.662896672469659,1.7952880272400995
1.2965387099384147,0.0871895358631211,0.03330423602509766,443.2588649007219,200.0,35.65585466819593,5.999030859621847
1.514341466909536,0.03609736644048725,0.03163215342486688,286.1926952204913,200.0,71.99470801252274,17.39795450982238
1.8994875284132966,0.08667090012274715,0.08506870464358769,378.4243179392246,200.0,6.876283711669423,0.9721552043876058
1.073061148226391,0.081842305577702,0.0809526608781086,446.7773931344183,200.0,5.363234655173332,0.2542865312056063
0.538856900439098,0.056704454738713994,0.037051377927122105,348.3941467171706,69.0,14.47003703135659,1.0956499575499825
0.5371228076649053,0.07814183993717445,0.04028953125398718,186.1689687187646,200.0,4.730031959850565,0.11290100138534627
1.411079647851384,0.07525703209745059,0.025921240020426835,251.4489996856876,69.0,42.10115947938587,31.246472043235677
0.9512928042210359,0.04817945024541571,0.0701397167397748,392.1362233556229,200.0,9.443056071365406,0.40612126421504957
1.5444725984367895,0.05328770214068965,0.08973363373049796,116.48765671313605,200.0,2.515786975866831,0.22292448407971688
1.3590083129967336,0.07037910889177931,0.04211995187286084,118.56211120019569,69.0,7.742831201649979,3.2803169045405145
1.73891296229315,0.0333135003003572,0.044014753678547194,313.3450340622481,200.0,50.656489866799184,11.60035425901028
1.4395788297373493,0.0426183305754155,0.056091874866637775,275.75858412324015,69.0,17.76312596259925,6.340886680725948
1.2033131140957944,0.035902033044535875,0.09898743512067205,220.4344835631414,200.0,4.524079722486514,0.22059020431874907
0.5773249306696818,0.08771462374336549,0.023086403479435733,480.70521347699446,69.0,35.61769633309692,4.968322969883473
1.577889382702742,0.07156653085462375,0.08407712022333419,201.09822623604558,200.0,3.7633137107108845,0.37147060046551256
0.8949300929934353,0.06484890871591031,0.023887255957764184,71.44896307675984,69.0,10.368145764272377,3.3587115304591375
1.8035734411956303,0.07743045261097749,0.054624191494866026,273.2126362143752,69.0,12.796877771520107,7.362856104061426
1.399328447753748,0.08373062517793146,0.06386757541376074,416.2619901135526,200.0,10.232752665996832,1.045755408323689
0.5958195142567326,0.04035590193443374,0.06284261863537285,102.02740482567691,69.0,2.2885858485891806,0.1249113870485189
1.8405891961376095,0.05901693034178496,0.03855309025717844,483.33780153789354,69.0,60.850461231939114,51.66281503176982
1.1027425367190358,0.05536885924599619,0.047161120110659094,22.650056946927076,200.0,1.2169167732592907,0.10459327590725805
1.691531443958186,0.09037659860409576,0.09899383379992363,65.20588425059141,200.0,0.7472154352641867,0.07199073153669103
0.9594073530505478,0.0970720892645325,0.08396954880597454,406.9182507415037,69.0,3.422342304634797,0.36246607218681964
1.1497672325706794,0.038755488860262435,0.04608926747950853,301.6014840442572,69.0,25.273292351383773,7.00392554252163
1.7960235215992257,0.04061164458276295,0.03927028326811948,408.09056992059527,200.0,70.21682451993667,19.22560151683857
0.711301833158255,0.08800536916597047,0.09153578044936962,401.28847410190144,200.0,2.3225812611272403,0.04279239859682003
1.7057988156105803,0.02285821763476383,0.03809101703289252,20.05102037017206,200.0,6.187682720771264,1.5755777188490636
1.656125250255113,0.09816095921556141,0.03985484876351983,265.94165249630225,69.0,16.948437556218483,11.269236930228944
1.1464973446897482,0.08783139272025352,0.03826466963547962,469.5828557805443,200.0,25.11833398535914,2.8761909428202035
1.4323268410694714,0.03625184009295804,0.05087555633146968,234.381934488536,69.0,21.466889310295656,8.363804189865965
1.9915410844774932,0.09337790666929328,0.0969400132010871,486.6902827243458,69.0,6.627395871045566,2.619859666084737
1.2026165723741187,0.06672562396978308,0.05026176822686605,69.88387812672971,69.0,2.9914879808601884,0.8316939031089768
1.8695676931644718,0.033172394673822325,0.05946218847994947,408.23680891755276,69.0,39.04325375966022,22.174158821155718
1.9278283415481954,0.09861679093101798,0.03450136475667116,131.93629988239718,69.0,13.000513179926815,13.530710211746404
1.2584123649120298,0.03996555952174506,0.08099301486361575,241.32324336973207,200.0,6.950120793235055,0.45297004867393476
0.9716682423784965,0.030455015611861758,0.08432779958285455,119.29912022199338,200.0,3.211486769703845,0.11985333735891293
0.8174446480740752,0.08087790959579738,0.03303892341699005,440.6862181469861,69.0,24.482591237252628,4.784183778083261
1.0705935136119487,0.08407567109709997,0.07994357520606345,457.3341818870587,69.0,5.467289168980868,0.7573512451301201
1.7624764760894642,0.026465345137598763,0.07695205456733162,345.067698364028,200.0,23.284176633389336,3.133040933697374
1.6467338738677322,0.022446523011235106,0.06737291909430504,100.87785755102357,200.0,9.782519280262436,1.3124746730482075
0.9016289920262339,0.08558064827089458,0.05286666153550368,400.30844624126524,200.0,9.053875700632464,0.46407387779102066
1.4025794815796537,0.05394268063422333,0.07852906239804604,30.47787721531041,69.0,0.7710279077318052,0.18661832987182164
1.3227961902011018,0.09308777890671117,0.034669887297268345,162.71956891539347,200.0,11.542142796867209,1.9417737656700107
1.9158193123612803,0.06525949371574857,0.04517927305666582,100.04897117886722,69.0,8.633685938319566,6.776816898816391
1.6640937182610402,0.07487373572572276,0.077603441985079,329.627593113628,200.0,7.298962297834277,0.8681893295353906
1.7866872750969915,0.05480549598532487,0.09952126937695674,90.96263864892893,200.0,1.7964160174502977,0.19207323274409474
1.2856880812578753,0.041424129613241,0.0830720296280737,234.0485845435824,69.0,6.315821576583594,1.214243863143252
0.8943781901573613,0.09715996136055331,0.05986616205692548,58.510280168184934,69.0,0.9016842024477417,0.11640592721410607
1.1701431593938971,0.06300986770238647,0.05332057658267114,313.2401964188645,69.0,12.27635657494947,3.0458765948146573
1.8530748400508577,0.02788506779878934,0.07302497059315856,321.30367547274534,200.0,24.024005421575943,3.7656390650853426
0.6288869024882431,0.08222951403704348,0.06967682147142966,31.825550598583618,200.0,0.30081212745006264,0.005691553934485427
1.9576268225892062,0.09603310195845435,0.09851802848401203,228.1217280785039,200.0,2.8747191917634205,0.3727505347612658
1.6640362177149235,0.0940863799459569,0.08960765630202716,88.34424499877363,69.0,1.1675494739546333,0.34859036026829937
1.1466991763697163,0.08629482371057434,0.021841173128495203,212.1049952033529,200.0,35.44989709473485,7.114047553247087
1.842402121900641,0.05722440470255097,0.062454870657630876,126.64639874234632,200.0,6.272123633530035,1.1363075509959586
1.8251136639916492,0.025829311762460467,0.08953325291259123,176.75111889468522,200.0,9.34806615737903,1.1593004170256023
1.925107478344744,0.05782194145422931,0.06691621401951109,143.40937658878232,69.0,6.397766517423786,3.4234708760079684
0.8691609852177534,0.03607751264965645,0.042553600085073535,16.809086883278688,200.0,1.3417956903792894,0.07940160426724635
0.7368791115939647,0.0826656800053387,0.07381652137111722,363.8799736353088,200.0,3.5716858886159466,0.08757717250133927
1.003446235446461,0.06867402041260133,0.03984443246383761,374.8377082627206,69.0,20.69954830976254,5.05406810300443
1.6627321950490908,0.08665686015011209,0.09585710425058044,98.69894120785612,200.0,1.2366149442790522,0.1188867739988845
1.0679485132443713,0.04903954266943536,0.06891412168766348,483.9845517002367,69.0,13.315890132951845,2.129228442661458
1.3436922263109605,0.0939213490281991,0.07991323332891623,323.80847896094986,69.0,4.352487616635159,0.9501192141429387
0.5170262844918057,0.06425494428301491,0.08067627451658044,400.7864156813046,69.0,2.972888658598946,0.09517386445106914
1.3382356393900798,0.09798253503804324,0.09165936088590372,103.18745794496641,200.0,1.006487613983746,0.06555042905174847
1.6889498594588703,0.0443250450601022,0.029416050413553815,414.96919681704657,200.0,109.63922555038228,35.44001170719794
1.9186215975247713,0.09513102766390463,0.028911111909628903,167.82512701308943,69.0,24.296615783880142,29.889544677988525
1.451431837059597,0.07182003706778656,0.05608286519172087,268.27147978850365,69.0,10.342282333041553,3.7535234782220472
1.259674207414974,0.07530946375838364,0.08281714496740664,28.680441288128893,69.0,0.4196674173836362,0.07768928453447516
1.3759896770890139,0.07511465534338915,0.0218175971210308,237.4177373377901,69.0,54.82025775470263,45.9646711138509
1.7332401408072682,0.07377315878654205,0.03992522634329952,361.46178955192255,69.0,31.965332785342593,23.23854701553101
1.494192079016602,0.06370279696753654,0.05390031007611895,61.34340634024558,69.0,2.9715602495120437,1.1892298084169415
0.6007892663446479,0.07390761789031954,0.05947746326763284,333.956234893623,69.0,4.604355964681656,0.26997306337452104
0.9969439947381957,0.0640513143309575,0.03362466695687921,354.27155805008186,200.0,29.262691617010894,2.883211806419214
1.2994509350336108,0.08399427299220519,0.030224103480901265,370.8582723037429,69.0,37.68448431465641,20.34176211772459
1.2476273561196587,0.08449199897790965,0.039155710066795746,55.18481701246422,200.0,3.1889664684054875,0.4225745828699638
1.9081323541816289,0.03775587352905349,0.04172576265160864,278.9536953241851,200.0,48.58461610228225,14.131563954967048
1.0306477194933366,0.09812055623175801,0.07897016550415478,446.553532513533,69.0,4.512829528090242,0.5864973088080138
0.8609293010616642,0.09120080588211245,0.05955644628928833,238.9104784469777,200.0,3.8150278272560434,0.15826418935680098
1.9028787594365435,0.057115951731523035,0.042012448501631786,180.52480795198855,69.0,20.444940749594274,17.025103084376205
1.9192132733652987,0.03843604618417333,0.09880083037345752,78.37074414320517,200.0,2.4052961913980506,0.29890500793675634
1.5748498487022393,0.0805039881518354,0.06195196261857784,135.11332157814863,69.0,4.13200691685701,1.5982471067416573
0.9975321730374853,0.07966004437289752,0.06595997594802049,241.43625321579773,200.0,4.169453394144772,0.20966754197949225
0.9728212249366078,0.05275113566910909,0.04613075327927581,25.06273872715997,69.0,1.3031665021211172,0.258306352361844
0.5234844943186069,0.024713984005187175,0.02045196419407903,372.0779993499748,69.0,113.05148080935794,14.63553243479505
0.9296695011537658,0.05546097022372884,0.09372925986658288,426.1887658222928,69.0,4.879148021037551,0.4346959797174201
0.8766619615999995,0.08861576372851762,0.04798695121677514,225.86203446576428,200.0,5.821961742150282,0.3108059038833491
0.9806115746037882,0.05143329908364255,0.07553395322349171,67.77760184236041,69.0,1.3589568016020723,0.16715413215605143
1.890955156371731,0.065400698281033,0.09884674547790148,221.3301528161108,69.0,3.9297591079615968,1.3734905134363182
1.5298966367922164,0.055920936680150815,0.07030022076742588,92.98903732194483,69.0,3.0885687785121236,0.9935378532381072
1.0656925445675263,0.09408721160764125,0.05788299601475147,222.31595853550283,200.0,4.509425483745727,0.2949258318854415
1.6206392828923144,0.09923521680720819,0.090310922334396,361.7219940103703,69.0,4.345764120612452,1.2211197227291073
1.5292010136710592,0.033446142975829575,0.09202805630041498,223.28447618955937,200.0,7.232489578311386,0.6125978478860099
1.568333171805743,0.09014654886805748,0.09423843813981828,145.93804332864076,69.0,1.71535034158395,0.43257464541149176
1.9398009210512994,0.08038358514375114,0.09596422506029612,263.9229855113488,69.0,4.149535971097653,1.5720420032448523
1.4812794920752932,0.0430391662379753,0.06164011797785063,51.729387070343535,200.0,2.811478851987434,0.3335985278515311
0.6482303182377563,0.04076176421856055,0.028790973280138337,130.95131140393428,200.0,15.073870376934655,0.733340810333385
1.1087105800957926,0.025067563980933495,0.09159425434862152,18.606261475536165,200.0,0.5885453964603145,0.026328545324568825
0.5833899609012915,0.0660471027782078,0.04362763975176729,29.65382788468848,200.0,0.8256837851927943,0.021470822703829398
0.6425275342093948,0.09796395114399442,0.08794617983626585,14.867543393103857,200.0,0.07564530115593526,0.0011836606455190373
1.6303375880480104,0.04060049632313487,0.061311643712744,185.7247189217464,200.0,11.903679912327025,1.7201729307473845
1.367023123228064,0.05572921497400718,0.09603319950113451,30.40648143884163,200.0,0.4852522486919229,0.03147578897860461
0.8651146255048312,0.08030425236293713,0.08815136208351075,27.385952065969203,200.0,0.2278012750601021,0.006446933300170635
1.8588028712396214,0.03418997708377067,0.06629505979894011,405.782663193759,69.0,30.117362072552467,15.16568680599968
1.7866276198523934,0.04387388239379087,0.07620115395920767,350.9542208417723,200.0,14.767487120966887,2.0620153076056607
0.6963980387796562,0.09028192673462287,0.08984134593459944,298.27827868647387,200.0,1.7103189194098942,0.03077475997203959
0.5894032318139668,0.08670378955537454,0.09706857580883763,176.42300138904972,69.0,0.7637013784521314,0.02640764010972527
1.0616591313521044,0.0760428893382582,0.09275259261491325,124.15066419621994,200.0,1.2088562814443804,0.04896633031787089
0.9102657100643683,0.08527423379679178,0.0877119198121818,300.5911683600691,200.0,2.5024222356619656,0.07879834297834111
0.5945629163168593,0.030415253616848527,0.09440940230919612,431.076694117837,200.0,5.672593639338918,0.07080123074112825
1.687346113831748,0.0837988694784626,0.08173941757105758,72.86403120432024,69.0,1.317550844065607,0.4434083284454664
1.0854914552523232,0.08147691925401607,0.046626066957408625,129.44865511810622,69.0,4.759737882036236,1.162162137555392
1.8750188719233438,0.09060879871643497,0.07393237102651315,451.376537314508,200.0,10.253124547719711,1.6252180247936199
0.6907633368061128,0.024272590554911704,0.03670206330933121,348.728946456711,69.0,44.20500426724511,5.5526354890048
1.3303996527008999,0.0237086390731067,0.07864743874651135,68.32502885188882,69.0,3.7190961303082717,0.8086800254565035
1.1532501072253907,0.05701505650639274,0.08566776739676964,92.88527744930441,200.0,1.5360210945230937,0.07948871636598874
0.6935232924777464,0.06374404739602142,0.045831116877798186,341.7573599999708,200.0,10.62110399635826,0.37154384326133694
0.6059691234816711,0.059773605369416394,0.04220477759324477,423.9582647165493,69.0,14.47745314251134,1.2170017244223645
1.0551843658528728,0.05571362660164769,0.036644630104948964,130.3826942046723,69.0,11.03360508378697,3.2390931620426406
1.5306251572101612,0.03767977048294108,0.05657704067250627,14.056992231306928,200.0,1.0703450345530845,0.14774065178349907
0.6145342605545816,0.04586707302493432,0.028519656387397996,158.85805366703298,69.0,15.700626538084883,2.008743779588038
1.214158417047904,0.07205729441720873,0.04056430322225456,192.1318364960671,200.0,11.80483570253891,1.4300307679998752
1.6118732217862604,0.05499409389042531,0.07971819755348065,25.256825155207473,200.0,0.6989239077762057,0.0759299181672782
0.9124025462975371,0.09124527045673134,0.049284466012987055,118.17338294656803,69.0,2.918951866946204,0.47637559653373207
0.775602808526378,0.09499754298040163,0.07715219811962092,135.87048613891517,200.0,1.1181672602130939,0.029061361678707674
0.8117003910213765,0.0659737082280746,0.09857893938312608,333.7191956595653,200.0,2.5350645126731455,0.05647745655884426
1.8979395590558088,0.05947537039946102,0.02904900563155869,109.82208855377286,200.0,24.918599504451823,10.299967646531394
1.6129832626338407,0.06859605239296725,0.07738765656382535,13.199496826217011,69.0,0.3109538745003337,0.10100518044734909
0.8612441701215975,0.08397337736692029,0.04369980139813297,372.69210353086964,69.0,12.009562580474114,1.9695180565391803
1.2242749711669414,0.05136717873063834,0.022724317744407703,426.4040586125929,69.0,118.08211717644703,75.25075649240286
1.465724938706812,0.03790815797886483,0.025744819388814844,295.670209412208,200.0,103.49012604219888,28.786758623739072
0.852561398884702,0.04407227723035834,0.029771800683538817,388.18270095443233,69.0,50.8320232804097,11.990665133807365
0.5166121600367374,0.03745405363536232,0.031222068194265463,361.6774780435983,200.0,30.7054294956371,0.8749062170362176
1.859885962078614,0.02164360595481604,0.042131606539789854,108.36845498286179,69.0,31.477105563711852,24.970029418477786
1.7545497221870339,0.05170780955024065,0.038503613308975435,463.3808866421194,69.0,63.63498294975442,49.157009634166236
1.3378311052008929,0.07026663818704977,0.0397526843373343,467.8470093610774,200.0,33.820054357243315,5.075620759601558
1.6290474576821579,0.0691693515052035,0.0490730063750878,281.94718159838715,69.0,16.544502422661456,8.644465954405721
1.1826828519490864,0.04417077273860156,0.05365192455586511,177.53538257988106,69.0,9.908293512803969,2.4958001585531693
1.1273702754816903,0.021643475043679788,0.06367784085299942,438.0371454296004,200.0,33.76176326581429,2.24620141367478
0.5481417474865834,0.08654272541321857,0.0623962848947046,446.2005791867731,200.0,4.355381754422208,0.06990882461987374
1.3759174330492867,0.04779804422956702,0.04099667766471779,305.56040957342435,200.0,31.400260695282864,4.8333481876899675
0.8846472936799339,0.040897927632128225,0.07685855192287608,214.68037086542262,200.0,4.716589098691349,0.16008656902575466
1.0365324783734033,0.03472923285794026,0.06666677957139375,344.46380473765305,69.0,13.87917386457904,2.1611236665237956
1.5341998283511704,0.051266698227076454,0.05539019841861424,470.72575368932274,69.0,27.548626426097986,11.310727483578935
1.7770395397616576,0.08556447814891491,0.09499648425921023,18.34014049649583,200.0,0.25324590319164453,0.028061302355140746
0.6531215561916078,0.0904842447946079,0.056848985805604255,76.45771877419953,69.0,1.024585477432505,0.07428021643601414
0.7864837154999956,0.05264767824995312,0.023245275131914083,274.1972292121183,200.0,45.48366389847846,4.034400097415288
0.533625810560716,0.030923889748186443,0.0760148582171831,177.73781001218518,69.0,3.184760710108838,0.11526876024078153
1.137718782606361,0.04280969924059475,0.07504965529954616,367.5433090551917,200.0,10.405312285942784,0.5982118587503744
1.1729715345355614,0.09262205740482768,0.03281875422170248,216.99790057792114,69.0,15.308606105367469,6.200806128532328
0.6524925445629843,0.08193402015469478,0.05157658509230108,79.38458287216594,69.0,1.4259146762501607,0.11372389162383839
0.5766684591305482,0.0594440762192875,0.09772233111829277,289.48223030303643,69.0,1.7644247443561536,0.05801247152759102
0.5101556837737884,0.07665366480124028,0.0631217931869222,290.2345449352812,69.0,2.908784206610618,0.1158770111951879
0.9150374074772312,0.03739749533689806,0.023304212653475435,330.5594591892703,200.0,89.35694296539661,10.701639341972003
1.140968648291345,0.0889147852156281,0.07940006296553533,146.4208906978393,69.0,1.7881845093393287,0.28326867666605404
1.1911387344168998,0.09626460155977658,0.06451099990053376,277.1311199769336,69.0,4.943843682675936,1.0505465541326287
0.9438973480123796,0.049439480641272224,0.058569934024677056,194.06551472806396,69.0,6.4803880912078915,0.9524352543540711
1.3295789731288745,0.0936110102765908,0.03730010152524725,210.56046645935447,200.0,12.897194892157986,2.0374749150912606
0.6702313892161086,0.0478289880399399,0.05122464856628804,235.68971236333002,69.0,7.552095495296506,0.639878712825525
1.1872332951262434,0.037935495385228515,0.032471460157195736,64.02088009000798,69.0,11.401436216183344,4.781779317234205
1.7480853647277153,0.0747110108659499,0.08860593406336023,341.5350698516253,69.0,6.107155290985769,2.0349843749245444
0.9170689816257043,0.0637009947024632,0.07062299883619472,75.33929707543626,69.0,1.3047770069689042,0.1501252691278302
0.636079053811484,0.06703682089633146,0.05611148090487697,143.19051159795512,69.0,2.5891649152468994,0.18038059769981699
1.7653660008023742,0.05995475008431432,0.047033027525942045,92.53042036546633,200.0,7.389942789681378,1.6322489682688097
0.6975235174817167,0.09604493496581731,0.07081826709846827,317.78249759128346,200.0,2.76105476791892,0.06323043659793859
1.7736623257522062,0.020016678937991212,0.05696325035975326,32.58238578624254,200.0,5.338552587013317,0.9827643421404353
0.5581329566831985,0.05754218970515215,0.08402409689640063,42.20781690595081,69.0,0.3479266670387832,0.012462892492963312
0.9453718529190123,0.058096372528034484,0.0825007123936738,448.6135053329287,69.0,6.435197022646449,0.6735489056138323
0.8269209112862212,0.03245767921255034,0.09355810341927784,378.6350808137807,200.0,6.612349368033722,0.1610946348686886
0.9627438606077587,0.09406138517716374,0.08333445340919782,381.5742520756849,200.0,3.374275334975604,0.12509967662281693
1.9532146520489582,0.06140210953675214,0.06477262879188571,431.31838343428007,200.0,19.621529343535563,3.8522993128797807
1.79978957465723,0.0643492217741008,0.040521025700070934,270.2578161716189,69.0,27.62148898277869,21.333876175713797
0.5971188222248034,0.05550995623172249,0.0830761013201188,67.97430060605606,69.0,0.6356728454648829,0.02635959448720025
1.9814733515857266,0.0841529413388128,0.05323214138617735,208.2125089889795,200.0,10.380759503653277,2.552174762874744
1.8729820857421493,0.08354294181333148,0.0595394101998111,482.5872849564672,200.0,18.3122592691537,3.5965275610795193
0.893524199780279,0.025524429948301217,0.07539767192785794,14.369970996574821,69.0,0.5309352219440172,0.05431951574005477
0.5820867110015263,0.048424547004318044,0.0936317601771643,163.30251428230258,69.0,1.3434449156704142,0.04697120432758804
1.322183237790055,0.07024301261590923,0.0600765880459615,483.4404191510802,200.0,15.12767572264182,1.4673340177333125
0.7465509205864591,0.07634444369326623,0.08419171087959568,206.5328222256421,69.0,1.7095572947706992,0.10934346856813697
1.8916197978469884,0.0392151361699752,0.07249297618299191,354.10333260924796,200.0,19.501567828125474,3.208632991270721
1.2079399959885653,0.0590012806019736,0.07720949545280979,78.99801230898402,69.0,1.6278332269582196,0.2972278961779059
1.4621814163330955,0.04434786838208009,0.05517622547425079,15.550482776935198,200.0,1.010461245475992,0.13051154742266033
0.8566414230661843,0.06106238747982455,0.0955425358124572,182.25807237955146,69.0,1.6806209991668062,0.12471848137064148
1.3737899572955303,0.09216464742115599,0.06337500028912395,399.81034359090125,200.0,8.90277297193949,0.883744541028686
1.576881121954512,0.06373680488996192,0.08030738284091832,166.37081711183507,69.0,3.8293593229827017,1.1455873385273536
1.957017622961442,0.0721124612719074,0.06705784243473924,311.39212123066415,200.0,11.275716187956931,2.146657599823454
1.7316994923749713,0.029013166024208295,0.06578427030303013,295.50045676599944,200.0,24.453593575488345,3.715732428158324
1.3665468201475208,0.050486791894291935,0.07499106741358402,291.50963081941296,200.0,8.418444015363653,0.6987954521568086
1.8033197072153544,0.09584740443923015,0.03038328852395403,110.29907522777475,200.0,13.487949717896921,4.812107973231993
0.5962800281230818,0.0648101496389477,0.065347127816839,260.23035763049637,200.0,3.3640577312621427,0.06101213297373808
1.2313519705989733,0.062299785902953084,0.05989503157654984,405.68876944208137,200.0,13.41091145038042,1.1316461794070112
0.8728618261468146,0.08400781716509702,0.08363948817928733,468.1876762992944,200.0,4.17228815953739,0.1266871817216151
1.9194702326310134,0.09713064316634937,0.09690722614504482,210.11154244369212,69.0,2.652857688787521,0.9744963202924495
1.086800302903772,0.05834187990691275,0.037966046543687446,136.7797502018833,69.0,10.606000343193234,3.1879787127971158
1.412880748173326,0.030353804091695587,0.044347192874384864,168.96269849219297,200.0,23.99397481574603,3.6001933407162903
0.9821702418631497,0.0527897914826994,0.020284217828933714,197.3565590416335,69.0,53.545516052104254,24.60356478618732
1.4071591141403164,0.0711519712545575,0.09724594543673068,112.26440978281694,200.0,1.4086613966627821,0.09560932926516554
1.2230152623530126,0.05967195428036992,0.05982295507169878,471.80807238832546,200.0,16.212220758432032,1.3511922498375453
1.8852155969032263,0.08338393933077305,0.09423725209453448,123.17460886096222,200.0,1.8815069631777968,0.2365287897492706
1.6035623354272295,0.0991710918300408,0.05826113911994982,432.95148647683686,200.0,12.374660543694688,1.8205590165899475
0.5409247504443152,0.047380182511639744,0.06809204571774431,420.1692074303334,200.0,6.207587240809096,0.08891579211440402
1.2936105958469826,0.0699992517974553,0.0726994787061475,477.4864491891292,200.0,10.01751206417254,0.7686249026031639
1.5707321004660852,0.09299033366215952,0.03381134595980438,291.42194922468167,69.0,25.835263981424163,18.214377484590827
1.0959724745023383,0.05757141122689281,0.07727108398775051,315.5849321219366,200.0,6.037070837851178,0.3128148099676596
1.633664331937768,0.038371758213047294,0.02068566154809835,267.29688326063894,69.0,159.57227759995882,198.91765632554458
1.5806297700284662,0.046427365590794016,0.02915863641252657,208.27177650487977,69.0,50.03839448580294,41.42438990297826
0.6955855588941051,0.03918678824599338,0.08151513249139031,380.5323810537719,200.0,6.0992618453582015,0.12067544217572929
0.9910602787813871,0.053042387597830545,0.06970017523499654,228.3066030130191,69.0,5.268402996301749,0.7173067351453464
1.0913244987119994,0.05110880543006782,0.07497100197756548,173.04142587360923,200.0,3.9443267001345212,0.208865215675327
0.7060698620045958,0.04949626216788227,0.09640333663075946,422.5866510971182,200.0,3.8918685600483682,0.06708728135909874
1.9838965045139454,0.03243495725695425,0.039862120245268,245.1271783117834,200.0,56.61449124216774,18.633051478126806
1.4206759459522371,0.06156047945460846,0.052791085238875116,243.66553467693933,69.0,12.10646104001709,4.472046633085469
0.7115379392954277,0.08062265138577639,0.02491555740394128,367.54181187803687,200.0,31.351460167280322,2.1235477630427635
1.990065713942466,0.04528880210931649,0.0864560440674755,318.5066657173282,200.0,11.234548932904614,1.7154333957906531
1.794366957805615,0.09649317739422243,0.023866163849351203,356.68909578981106,69.0,69.8699614281728,91.0730880430621
1.9759592101299832,0.020821853725923455,0.07199478097266945,188.91386375181628,200.0,20.75255794754744,3.751503155071039
0.542605304204439,0.06087190776994138,0.06312704877463682,435.7912818185843,69.0,5.848788774476285,0.2635591941596077
1.7607205886104549,0.052483225872539785,0.06273913854903132,279.9915705316116,69.0,14.318219834575196,6.835826167057034
0.5730307873270053,0.09378691840909927,0.05898556092742728,158.82636114950054,200.0,1.6734706447468832,0.031053248745390297
0.7397868819542686,0.07275954545514801,0.057256958730571045,294.1463667308575,69.0,5.473622411816962,0.5054980226847713
1.2674300579556752,0.025876800091167364,0.09088013027967767,436.3862382602319,69.0,15.52736802408161,2.6517743219812626
1.630176001540752,0.09098711969809369,0.09970218742135507,170.21030066013196,200.0,1.8406969564653566,0.16354050847817864
1.8971227752203186,0.08168617368982967,0.05727974991575695,471.5539278348884,200.0,20.02752465615242,4.1946505171669735
0.7568142302530831,0.09846069619324323,0.03971349507313879,360.6394374939899,200.0,10.54568111944742,0.5069835281350183
1.1147934655066964,0.08453404882598571,0.08008778142808659,492.1415571391208,69.0,6.071157606035277,0.9102354029580602
1.3444905458471132,0.032973477741062046,0.0506939481224122,274.1108986598783,200.0,26.095061183013115,3.101676174914803
0.9227083234249966,0.0371490640498304,0.06055838656143926,219.5659631605773,69.0,8.922452357645367,1.2119884148025544
0.5917959471068119,0.07709474778108989,0.042781484646162216,206.10206217262362,200.0,5.186436661754351,0.1415259064546284
0.5678056336887445,0.06613929988839506,0.033810270141180626,65.17357832146226,200.0,2.93674094969882,0.09334587650091332
1.144879792147051,0.08561643720562628,0.06387692103517882,446.08804184589144,69.0,8.771757596050863,1.739090077670365
1.3479754612617134,0.03653708184100182,0.05595365642776501,165.37803278411874,69.0,11.692846720888124,3.6687270991218077
1.9419122311707586,0.062325258368928466,0.08315121465743139,248.07053941306876,69.0,6.707408479992752,2.9390366543452107
1.4770769887085375,0.04726365726818614,0.08502522606144516,443.9666023415311,200.0,11.51547267327849,0.9849608843477577
1.7433442040762401,0.08533980987561297,0.08860806387806038,199.29254185451225,200.0,3.1111952973086003,0.355712442167989
1.443404177331605,0.022068697681510797,0.09632454891643273,205.34806088822617,69.0,8.685186352015243,1.8150045714605814
0.8984883794389823,0.09932927165623623,0.04098285376804943,134.6219995298927,69.0,4.350088654108693,0.8279049720039592
0.8721323015858948,0.06380664496317229,0.025845812871640977,347.8549681370186,69.0,42.705669237879334,12.142824845239613
0.9947416252793039,0.029184901501357725,0.02932041099301417,238.48220874840106,69.0,56.730836594095855,18.498195610712408
0.58984774645479,0.08359991437227121,0.06906930749926787,261.7462011757366,69.0,2.322712869055617,0.11304462660299996
0.9265348240223914,0.0546106246903499,0.08416335139448645,134.19462736637848,200.0,1.9285235209258056,0.0655698452266118
0.6597682635191413,0.07628205066915443,0.08040448195770468,145.72449683600658,200.0,1.169748131301202,0.02110929306585371
1.91810357870057,0.04758617263430662,0.09476220642370402,124.41136142426899,69.0,3.350674529796209,1.256900333973291
1.112423599874224,0.03388270052664781,0.09422174824078361,263.16432465905973,200.0,5.839398652933926,0.2556442918624986
0.8059008714053271,0.05051243882941748,0.05816092147007383,391.45732571484433,69.0,11.077873608411474,1.1952204854678683
1.1655144669876296,0.09086834067193422,0.07844744019911336,170.8325615540903,200.0,2.1363353203658075,0.1233118253303311
1.782833047246047,0.08361743084591418,0.0469655488718995,32.37225181534619,69.0,1.8774968286696925,1.2276676488768403
0.7188570264212923,0.0392405643691764,0.024471741677560263,269.84589955848963,69.0,49.52729299516712,10.104722848583895
0.7899037279147413,0.027471959495300072,0.04329961163243102,286.25799989830864,69.0,26.340584439316828,3.6673248633026847
1.5636911826789264,0.049768042042532885,0.044647335593520056,344.5116995376404,200.0,32.58101156540909,5.947709345534029
0.901685570507955,0.05521337388026773,0.045707450403243595,146.53407166823374,69.0,6.872689256826459,1.1811623662971185
1.882936602661553,0.05233981960900967,0.06445995132764588,134.94410246713392,200.0,7.010172249826292,1.2852536829083248
0.9982909431883834,0.09408585131503817,0.027771586893545877,379.0000223957683,200.0,31.28397321167677,3.7420898960200337
0.6536145099393995,0.061919268239450306,0.09703812603061186,413.2659772359967,69.0,2.7796618767977295,0.11823677881574743
0.9541531727354331,0.0650734248201714,0.06965277460356782,29.735828486809652,200.0,0.5392235927335323,0.023493374805454735
0.5895361659787802,0.04266631511118589,0.06329983347876211,65.87008276772117,200.0,1.3628863461566996,0.024943461600414708
1.9110084815524404,0.05288901793076964,0.06081760867714006,130.30792012674883,200.0,7.637663059787725,1.5287452824086982
0.7335013480526416,0.07628562856107818,0.035296592497716626,151.44099147182573,69.0,7.012733257328679,1.032799506837318
1.6894793374550447,0.047764785620139444,0.048474302663563985,52.05294540569377,200.0,4.701305472373418,0.9227656410479865
1.8327591523552367,0.04051748224705881,0.09898420130921506,364.0630122016403,200.0,10.084607237945932,1.1407294257277851
1.647807262470011,0.07343168676795686,0.04570487283144525,135.8130704283643,200.0,8.753681010745328,1.7334837794260671
1.6634658458808582,0.07705824063229359,0.059615959550435776,156.02466054221492,69.0,5.686096408594987,2.54999369966279
1.5030813859422458,0.09042738447064477,0.051537525832466125,305.2206491468916,69.0,11.460420641037867,4.854020833757671
0.6365158203054144,0.02163548872636781,0.02614320385971981,416.78934876899484,69.0,107.64472079833834,16.118030788420338
1.9845289891125377,0.02236829185185453,0.06104228005676299,481.0504166343253,200.0,68.72345389217782,14.779776640705915
0.6858055776341645,0.0488213433945377,0.06970154255366537,204.6684296438434,200.0,3.5506561450733085,0.07986325331686248
0.5717697897608858,0.041483063283798007,0.06927396177281463,284.4821352577829,69.0,4.902488507055021,0.2235365886613622
1.9760722806878053,0.07228580259022206,0.08993213678474696,293.9827457944044,200.0,5.962015301843814,0.8629041775985358
1.605407969256315,0.021091188855387744,0.0671077603150816,17.86675579542328,200.0,1.8119066395592576,0.23195975745538164
1.4875419899610982,0.09167157266564616,0.09610840753266113,331.98638847281484,69.0,3.4993172490821864,0.7784308765097262
1.5111867845122093,0.07147492264140398,0.0739499566606652,467.66630040445034,200.0,10.848655839307938,1.1167425075167638
0.5272640776349538,0.05606779790313467,0.09014677449596292,100.84014767098583,200.0,0.700162785932653,0.0071975376482201585
1.2801615222800788,0.08479406440652114,0.06775866001597383,213.40527976824242,69.0,4.210426683897818,0.9838989332940616
1.0117310298335596,0.09966511682069844,0.057127292355381235,477.89996823297736,200.0,8.91913753860115,0.5327066348842623
0.9347042688518451,0.041392653512749955,0.08955458938302985,422.5854635191602,69.0,7.139060595772249,0.672916726827612
1.9979159789222085,0.0633869894372321,0.08889115469553925,412.57060060639674,200.0,9.874372968913873,1.4780331178015749
1.2974015524696838,0.0734220399995314,0.07257638419250982,352.09142446072957,69.0,7.087025722993111,1.588097486120325
1.0510047055477671,0.07559919584397212,0.09580177498767738,196.78807665841526,69.0,1.7885060136993849,0.199244260697471
1.1235954329936775,0.08056225194940896,0.08302293433573892,44.76339740517739,69.0,0.5434461309271926,0.07984321259531597
1.463078526080439,0.06134013306736322,0.06688687154089315,323.09294044686044,200.0,10.335223546813367,1.1025365834509981
1.612148903499834,0.07114814848048445,0.09164557519183157,273.3417547807894,200.0,4.42461793502749,0.4182667326485445
0.8848237970599802,0.06481993053058385,0.0993795254732922,171.7418918063804,200.0,1.424235768693206,0.03740049100743304
1.8492778282658415,0.03479845860214413,0.07337640196020083,332.02698715602725,69.0,19.6631895676568,8.85444877404498
1.214338724968354,0.05687715289821624,0.07049453077189757,417.334967859171,69.0,10.757891832752463,2.1742580612333837
1.095315205718572,0.052181306576563946,0.02279900017443625,394.65840219042326,69.0,95.62361707940624,48.61689845473522
1.5030189341876263,0.07550213402425567,0.04650918574843939,420.32246570661954,69.0,23.20927667607894,10.892095059889995
0.9203938706126037,0.06717254439892667,0.06401063196676471,71.42291961596302,200.0,1.433067142295758,0.06321797850541097
1.0601251629807582,0.09937504111822187,0.08875095415252204,80.1716384129431,69.0,0.6514870230814661,0.07970887412342328
0.7754459931258808,0.023309285932435177,0.040773709585349704,280.52016610547173,69.0,33.68041810040406,4.799102342169621
1.1681573078064371,0.04302699745487546,0.03187944652070003,428.53038761472584,69.0,68.68653653805872,28.406855091943484
1.2883819869821815,0.08099816853098028,0.06728479824508544,110.86926453042821,69.0,2.3372111696663604,0.5570958681361792
0.5580720481280494,0.09358074096109618,0.0436968291946903,375.9574385017897,200.0,7.0452089056757305,0.16737987460008258
1.9122763624824592,0.05660832308916777,0.045586428014141485,474.2564765856456,69.0,46.25554049633132,35.85000000152017
1.1856985812893786,0.048184763875261716,0.038395085268607826,155.8527998192427,200.0,15.60914630319269,1.9051573937987014
1.9088774357033236,0.06598581059310137,0.056271901954807704,151.8232605827727,200.0,8.322117900700398,1.7962926953932468
1.7927442823131272,0.0990279788837525,0.04941510009968887,410.5218318230554,200.0,18.261169192628426,3.9589893936016423
1.37307552349394,0.06396881195194126,0.05277039732907271,364.8445016352817,200.0,16.8734725068701,2.009470802275098
1.6076045523794353,0.05299390262782701,0.07130868841952058,413.68765257910366,200.0,14.807857820471536,1.7889038027380229
1.283585724655422,0.07343044279120206,0.0393189552534431,248.81958659248235,69.0,16.880317333856944,6.834205666330885
1.43857303490736,0.09812549712833178,0.08837475272666276,389.48945497405845,69.0,4.386726686293125,0.9925121825095707
1.9408196941842895,0.03366932713669787,0.09774918519334302,382.21656004476046,200.0,13.835192658291506,1.7771381559897246
1.1272916774226966,0.06790231349567194,0.07075845387808725,396.15964057105,200.0,7.881639002875414,0.471834346220564
0.7054207674113362,0.09428043358237974,0.05675639957896113,327.7841618210519,69.0,4.568106392897927,0.386970184856804
0.651994050361794,0.05250538298953471,0.0902593452372535,300.946116490768,69.0,2.7522978973428667,0.12524205217299578
1.2930540625892881,0.04978047675291041,0.05505421535215406,144.21748747412357,69.0,7.415589013639836,2.1759458902384865
0.6413466474667002,0.07941880503666682,0.08458557044006684,444.62708998104927,200.0,3.0110924201910194,0.04880813420596421
1.1475964769145408,0.025531793930026074,0.0671371481308969,165.8868300747078,200.0,9.925336874265348,0.6489922709223359
0.6122276094730171,0.08167647081323219,0.03722431000896492,344.5488493763901,69.0,11.183163864512116,1.0879864943677946
1.3715875671471784,0.07684148635611482,0.09226252370119208,463.6781236347937,200.0,5.833711930497705,0.3965020843775065
1.4030263818794593,0.07165302319446627,0.07756786260020969,354.17927291509835,69.0,6.91579421212308,1.695709925692343
1.433485601327384,0.0703367946800555,0.02808537983612948,147.00677805103487,200.0,22.789708377606242,5.5580683273998375
0.8673998607807407,0.06867704080524546,0.06981848248064915,300.08770205444415,69.0,4.665158594678195,0.4857293582832069
1.2157765596170527,0.0704610585509458,0.02162826730606973,234.37598176224455,69.0,51.87110505660324,34.25081844918004
1.060221704069415,0.0878850793078539,0.06553786435976489,438.4138840833503,200.0,7.388095845008823,0.422388768897847
1.8438778905411377,0.023698534957674572,0.022341656303058465,335.50081999278024,200.0,313.7796407533543,159.16678860689248
1.4139165615437472,0.09434980904140487,0.05038485839877006,12.927155771668426,200.0,0.45786442769078894,0.06055683513153458
1.3829914506953511,0.04056021492613202,0.02006919015567746,295.2865929972895,200.0,149.98731522257165,47.64775242463141
1.8108833602954353,0.0658602482658872,0.06511191087986436,479.44962508285937,69.0,18.65694220971985,9.078636584226814
1.9216017991054777,0.09764867725774562,0.06855589036532604,477.58343203413494,200.0,11.997975846411727,2.154114312689678
1.3811912363156365,0.09381818272199229,0.09291062481705446,352.8277594663216,200.0,3.6103560489419104,0.24709902192553895
1.1217800346443272,0.09989689265299677,0.06889254579363688,103.86651534144274,200.0,1.4744772343180799,0.08977594713246231
0.5078842640126742,0.04173041326916724,0.09151742500410587,81.72864358508514,69.0,0.7125740934299615,0.01940507838477915
0.720594341028012,0.022308639302787626,0.08154155198861011,375.076747624954,69.0,10.932795159200822,0.6726568706466516
0.8438628663289602,0.06609948467518473,0.052483439002030535,281.9893585216837,200.0,7.841753807355065,0.3546609858755138
1.4932919976787244,0.07804328042407727,0.0596156887858391,408.3917611779678,69.0,13.192172218155385,4.767655557028658
1.4372808422324033,0.07098230999902964,0.03545910527250637,363.32037997176644,69.0,35.10564625495026,19.7602358197871
1.246978711036217,0.02543562872785614,0.09179441664388399,422.049770652742,200.0,14.733263238764783,0.8319160548137363
1.3874705329004455,0.07974491381187161,0.05459130221659653,313.60572764094394,69.0,10.985228718128944,3.7427673859622064
0.5542364611956145,0.03900097300826445,0.04719775643597869,93.77223118200875,200.0,3.5892395233387493,0.07786638593805678
1.3228794981237033,0.040354964322270676,0.090152782423429,98.22783566346199,200.0,2.3771187265901745,0.15381229607552702
1.4827416238911042,0.08310288011146005,0.05844597273998996,345.1894915144522,200.0,10.818051338152133,1.3564511275902005
1.2527579409973542,0.02398085707291065,0.024601755930019547,193.2698378825197,69.0,100.08882369083344,61.68981366086365
0.9629804045987547,0.043755030673046286,0.08130174759704546,423.002856379156,200.0,8.450535796728866,0.32129059282805433
1.0742884066192602,0.06943828079215268,0.06263273650006179,44.88788943351355,69.0,1.0621836000545797,0.18910352869694239
0.8850143393782954,0.09385387339893672,0.07720595640167185,39.11646452384706,200.0,0.37128494300277426,0.012555554285575447
1.0247209641514856,0.09573154323631616,0.07496383630105095,325.8113024642959,200.0,3.7236113928538686,0.17386114466610222
0.6305913953442375,0.07278044175575384,0.09480809004938366,247.98429050488986,200.0,1.4342272769043976,0.0200515249154398
0.5309728226500809,0.06904607113550507,0.0515675434694101,299.33253640085087,200.0,5.193804648174844,0.09465258909893137
0.9915550781581837,0.028159951599784197,0.030970269393601316,438.73370785162274,200.0,96.63784256410902,10.226209228197169
0.7949267516391031,0.04033812423103237,0.044636590758667306,456.8875339851379,69.0,27.113771944680355,3.708623939064007
1.4723975659471047,0.07521465105419976,0.07622382360142758,423.19286384003647,200.0,8.555211905065628,0.8110898518147505
1.347747415097423,0.07740590599874432,0.025491381535372348,114.34272210176741,200.0,18.382621297766438,4.366262354692035
1.1113940100745034,0.09032857050392,0.04566921946839457,93.01706548604294,200.0,3.2923774671449326,0.2968252761124233
0.8870186758660683,0.035240349697455875,0.09042649943943731,211.40595439398842,200.0,3.904537357689074,0.11324476541544362
0.5270062306828198,0.04087258563227651,0.07812080022879032,350.27073333904616,200.0,4.440229038974008,0.052619768654454974
0.9609468266304069,0.09584923000472664,0.02496034343452407,47.089449704050494,69.0,4.546576270931138,1.6251456452289155
1.3881381764596878,0.02013042760829385,0.06204037239252726,335.00381889250036,69.0,36.010729088114864,10.806437977911841
1.4160549558284503,0.08102414086407805,0.05315876299203234,339.8264206492108,200.0,12.61026846198767,1.5855809813296353
1.0980953821378283,0.028126487405872407,0.06543817159336253,474.94024524091725,69.0,25.980797437432486,4.625525731636831
1.7204467018278933,0.07426092537760966,0.06125443294667321,12.192334432929439,69.0,0.451693598648595,0.21088636853138001
1.202000915717235,0.08149920525471367,0.05066375083544144,389.4149888550407,69.0,13.425196798074325,3.699070161255878
1.9912543553493949,0.0481733455426428,0.05941587925933524,390.83796315805904,69.0,27.457618426923215,17.704084130039078
0.7386633464352159,0.06571692919418623,0.07219594915747975,238.05216132934086,200.0,3.0801155268335516,0.0775936210190017
1.3013041488560193,0.07526728782559633,0.050411724510874764,191.65787311189786,69.0,7.823252608738712,2.539060670430556
1.7553985190885444,0.04561127571649336,0.04761388577089428,228.53643379855015,200.0,23.277854721815807,5.021570082964921
1.439905761088371,0.03381673424147902,0.033625586840077284,483.6744225815212,69.0,109.28662950810768,65.10658986195868
1.1995898275758123,0.02496162193839426,0.02013545188074178,449.2550152811904,200.0,319.5077497518789,76.11395864972835
1.7576154657195686,0.08232511392993322,0.055995372885058764,404.07349204978226,69.0,16.508167019499336,8.799420949395587
1.8883868587146797,0.09231518050317088,0.08484548505052089,169.4801116022279,200.0,2.889551001979951,0.40482032748954544
0.730905082792206,0.08050816290215967,0.07517208651219665,231.36855641843044,200.0,2.2303008136161733,0.05283327681502971
1.5048682598501082,0.03628223438018763,0.05123178255956698,110.59805088396581,200.0,10.486347550212804,1.5451138675866982
1.0753648610483038,0.05754881138008636,0.03815886847919491,211.70875157731572,200.0,16.30116218758273,1.646696293810847
1.393723212504262,0.09368778438871579,0.06990588281069107,375.3874341825649,69.0,6.856415007313877,1.8407554247151963
0.8277546386372407,0.08461143978738736,0.03401833938231218,85.25648791126346,69.0,4.3243915232458106,0.8415400594965873
1.4115274835825042,0.09635923452754849,0.04486840104376476,190.5876052573293,69.0,8.32071630078725,3.5699197145727712
1.0407193424638204,0.0983677731379581,0.09856486131154021,436.8106211147344,69.0,2.854177618494521,0.30303011026129434
1.9216590522011348,0.03868041561147764,0.065440038456745,44.923833417459704,69.0,3.126987686013465,1.7048844412833553
1.8928209550476258,0.037303954825169336,0.05951453634597734,154.62700358136593,69.0,13.29061691337821,7.730379350205755
1.1447866187745661,0.09827278160725653,0.04458847828393739,465.0404932534392,69.0,16.348880312850703,4.642737211836963
1.399330650765948,0.025943172658643716,0.041283758982537125,146.73315123314734,69.0,27.86238493640417,12.768485810191073
1.1384957855562357,0.08675163378850878,0.04995299450163432,299.3412185695366,200.0,9.446011759708107,0.8170122233171659
0.7060569746658336,0.06087101406885116,0.09153120641666118,130.95221387782303,69.0,1.0878147240407037,0.057243330208983756
1.0247490880270491,0.02130673661117437,0.023122781349121803,434.13522673986137,200.0,234.3131894136854,35.47075963682177
1.6445699270733,0.09594823402090293,0.08544315660781786,358.98138094216694,69.0,5.056895322890058,1.5465751165304151
1.214289437303019,0.023472190965949935,0.05566181139124357,262.64922751985665,200.0,26.313662179972393,2.3235238742783006
1.0891886476714034,0.05620421336409363,0.07693033326059148,212.70314635818497,69.0,4.178921078425155,0.6226334059190867
1.1108810719252005,0.06712296928846867,0.08415130625196436,297.08035884137547,69.0,4.165813986027431,0.5902470104702059
1.3459103291145207,0.06653218199765445,0.061777060360288905,260.47839634151103,69.0,8.284243232494278,2.347023863761241
1.313336189470753,0.0497701445119664,0.06243972232523415,306.46787114679984,200.0,12.44575609480007,1.1460165541671532
1.1747801311706714,0.048283974207437005,0.08348647342787736,96.64905281550791,69.0,2.024278225103596,0.3233157958539844
1.7672306740164823,0.066996981373248,0.08193007363232259,154.34600631003366,69.0,3.6391332856711927,1.3402960858351318
1.0902009084781772,0.029767830351690103,0.06307756491835209,279.1675826712965,200.0,15.417918852176912,0.9683729749692662
1.315337907627558,0.03894844801204217,0.0987668139228432,357.1802956025557,200.0,7.419315403200688,0.43321771551950783
1.3205167058574838,0.08493182639976549,0.0629503088978318,86.56107037760846,200.0,2.0377531533242728,0.18815694509688327
0.5754797238489382,0.0654563717452366,0.09640358127480547,320.3309094779703,69.0,1.8182008632645008,0.060348766143610455
1.6372031187972655,0.021444871720748857,0.08094263785140195,379.68073179955707,200.0,26.54570181775795,2.930223385375704
0.9647021834460051,0.09742860280707248,0.08318045014212574,132.33087925093776,69.0,1.136257343149916,0.12282919619318367
1.3474310415332702,0.04729697283471446,0.06524141062277136,425.06597754656093,200.0,17.070023276902635,1.5834436488789958
0.986251266744167,0.02348632029978595,0.05511691830145585,232.67635847637814,69.0,19.297731017177863,3.290456241268662
1.7313604075705613,0.08330795005372973,0.042834803251917006,217.06589242528497,200.0,14.751980156987296,3.4411789072841406
1.8845260779234014,0.033948706516565674,0.04430165515339875,144.19030226833522,200.0,24.46956889254724,6.538669919627685
1.401281414398902,0.07192984573518395,0.03449779796691149,390.54696118611304,200.0,38.35818040673287,7.277732555913399
0.6334494770761367,0.04681655389360384,0.041169540612124376,426.8576264727313,69.0,20.44536145533655,1.9253176228857025
1.4444766892649858,0.09815139448142957,0.0592800474436518,491.68746177686944,69.0,12.354846742344293,4.201550089982408
0.5795580288646236,0.03953796652081938,0.0838378274409169,89.84725900152435,69.0,1.1242390055909683,0.043518321582375966
1.8963160726419073,0.0343340800046671,0.052396427274930546,366.4332003458683,69.0,44.23112923970931,29.329688767360533
1.4235552130881806,0.08691863706431892,0.06354515585634381,361.55403016130094,69.0,8.798749776514645,2.7111078862692817
1.7490899847046564,0.025284130079652904,0.0423258448240529,273.2512647546052,200.0,63.30912299933373,15.253296535699329
1.2122511385344679,0.06125880145246612,0.04728679543538945,106.07459704753553,69.0,5.632574950037453,1.691266114059121
1.5430573584787093,0.04647026536476655,0.027556476190626712,36.492800913683425,69.0,9.574541892347574,7.99315275631525
1.2817199168777655,0.09825935771871185,0.07423587003441115,223.96180415832623,69.0,3.1806568283143677,0.6800626563465443
1.4638708290481297,0.06600725552381749,0.09310265420227704,90.04023459473542,200.0,1.382212526820417,0.10604666638149342
1.3698127141962284,0.08528121133223494,0.08844337478849598,164.1077000430172,200.0,2.0218895610568643,0.1429859137940055
1.405208074049534,0.09746076985028429,0.06196889163857684,348.46798582821657,200.0,7.85014136105909,0.8338036023308599
1.2489353700338341,0.020992975001600096,0.0630603011652896,102.9236036854429,200.0,9.238897089652161,0.7617680691467762
1.424268167125906,0.04612724080512491,0.02044979711886647,432.26690649805283,200.0,191.49591831887244,63.31881792697437
1.3056709269666391,0.06255854840878289,0.047684513797473065,483.39709385532444,200.0,26.622426632028596,3.172608570500608
0.6861494629545459,0.06782843052792036,0.0975809038109918,157.6550779395868,200.0,1.00493159584248,0.016161730684013467
1.415756958612007,0.06572602133691635,0.04460125399701573,442.9697856419893,200.0,28.779455812371825,4.311135403885104
1.5250594494204148,0.07787415771075179,0.048425182245200364,210.99962898011248,69.0,10.572649272540888,4.906205771586266
0.5405371698362451,0.055564692285610534,0.06253593754069853,260.23709493858235,200.0,3.8840764727112993,0.06049061207834923
1.164901472849661,0.06354230988362523,0.05003620569979992,194.25000642641376,69.0,8.534336249587327,2.2362657874790126
1.009745664702912,0.02742018516405394,0.02933070889487885,160.70250627641803,69.0,41.273414138197744,13.862178290278845
1.1422704980574652,0.08178530786327141,0.023851519884596727,436.9488226831448,69.0,64.3640515345967,34.01926183274068
1.3337862511897907,0.08279064143584064,0.09386999968041049,321.75219797438723,69.0,3.5295889322706233,0.646292975244859
1.9650515921429916,0.07345868238830998,0.06737098055806559,106.69478993146708,200.0,3.772936963438234,0.7208308090443482
1.026112230626791,0.03169209055452325,0.04296442045664413,251.08540481763936,69.0,26.424013281864088,6.256611657171621
0.5679139536781248,0.03195837756638627,0.06200587986026075,379.3592341590362,69.0,10.520441781871668,0.5287201134181903
1.7013915747570398,0.051059378224539806,0.028531395545867123,97.09131415177303,69.0,23.845935034103213,23.375426719835954
0.7049379815959415,0.03614539968417875,0.08471355115882455,53.31917441907579,69.0,0.8694142833662034,0.04927598959517255
1.5776232270819825,0.052422994007596174,0.042882352734614396,143.13074648434664,69.0,14.054275019424189,7.8812676490331315
1.3718651152982209,0.05054786095070987,0.08833390374480672,433.2368578019433,69.0,9.041290654616335,1.8611675972664876
0.5659989198371467,0.0788782301386414,0.044093570509114915,395.7913736102519,69.0,8.76446648490697,0.6152350538703015
1.538482909035565,0.03280661744989484,0.08136925002396155,18.64668789487824,200.0,0.7924348145549321,0.07683645712761722
1.6323156435456818,0.04354494905541287,0.021214933842376313,10.025515566892388,200.0,5.010037291261764,2.097424359096527
1.0782151101831696,0.04590342236680975,0.029089478218314382,321.54700816021847,200.0,53.55304980710146,7.134077946823189
0.6169606826661318,0.06457518237123373,0.04791076431066665,343.6191187743059,69.0,8.581322404413596,0.6587122603681703
1.6154226628654507,0.031114479988717678,0.02362365522600115,447.77867525156205,69.0,249.9447910672271,266.7650851665353
0.769401845040519,0.07486529846370302,0.04582522319947262,216.30897326716126,69.0,6.351689673767537,0.7927765211153923
1.204270981283217,0.059499577450477584,0.07135066991750566,133.6201021504028,69.0,3.18740522053305,0.6259610606069285
0.6121505684671065,0.028191745410517645,0.0725144101285462,333.06172847277037,200.0,8.25208394476899,0.14214597875800794
1.93245058844493,0.09603232813108133,0.06394052593672969,230.81776484718344,69.0,6.816461930797663,3.8464425987948014
0.9508944301200437,0.022503766753101208,0.09518081611186974,343.84930925585286,200.0,9.622715454409711,0.3047134131884045
1.7254639876240063,0.08706782527307023,0.03168649533576602,40.14408228258824,69.0,4.754146637143203,4.315884514764108
0.6914466504337189,0.06562750320243993,0.04590683580238236,12.782621253058277,69.0,0.3834327884413863,0.03858236923647685
1.8937101889672205,0.03114339911445523,0.06569920859657004,216.6128519389137,69.0,18.30891881192089,9.655821811039033
1.8621251428116934,0.04309549298056148,0.02602714344985954,398.6002562936628,69.0,152.55021482188482,196.3648256024835
1.5662577156758122,0.07527422280336488,0.047890935664280945,224.71738096079238,200.0,12.232020887649245,2.08857504225418
1.0160086516348157,0.07557516599882254,0.04408313159895934,318.4787440434294,69.0,13.219198423423613,2.990798439555828
0.8438912662905287,0.04152438491507948,0.032942369091155846,470.0224848154028,200.0,52.81332506760728,3.805751366970305
1.2397616951219301,0.03404007615653124,0.0468021189731794,19.34877549240404,200.0,1.9302848143990323,0.21130562137916034
1.5971864320760636,0.024632258945413366,0.09330041212505287,497.0486885165532,69.0,22.21439189654502,5.868427476575795
1.6312101370871814,0.04082311329514593,0.08879864228850583,303.06116352116544,69.0,9.214519107253631,2.6677542652848207
1.17307680520391,0.04967695956644197,0.08712930315131225,459.8573982659382,69.0,8.582570654949297,1.3096814986486143
1.6394652232684115,0.08099280588569703,0.0964254116893725,107.73892024949153,69.0,1.4073322164642748,0.37902616868771144
1.1596961925711828,0.094580317868138,0.025530982844768825,210.24305825018118,69.0,23.72910238058568,12.077078499871009
0.8918632832329105,0.026488192489135063,0.04896690246689905,295.9992359112988,200.0,24.93920107309918,1.350377582313377
1.9830107026792851,0.09637577901336093,0.07672364557000946,471.47153450039224,69.0,9.887930909462076,4.896502260478927
0.5382356818978573,0.043114006330443266,0.05419825433817961,286.1365139750814,69.0,7.296389997632877,0.37681428806440254
1.17604769578096,0.09819227153922341,0.049225780279518044,246.76981765686293,69.0,7.31822404625561,1.9866557254673731
1.8607048971492377,0.08670952228802681,0.06544427560136921,240.67415120593463,200.0,7.23515894857379,1.2758809650378466
1.5521717112769142,0.07760190944500074,0.07881718056889887,367.6894750155514,69.0,7.103264962634299,2.0978590120441214
1.3924244572093942,0.02265252217356829,0.09301181737002717,179.06011199040438,69.0,7.63359158424225,1.537424246927096
1.7698924407840533,0.04309791846074394,0.09301143739476028,439.1307006324892,200.0,12.507281319788918,1.4041032881235798
1.747134941531835,0.08519637540203778,0.09807144141255113,45.52688441113205,200.0,0.5824241777336785,0.06042664483284894
1.2965916774545938,0.04004390706004826,0.05402163324062667,277.51973036369014,69.0,18.474661079521628,5.554882530289518
1.6090181038175402,0.09445804059327448,0.021221787891214143,46.70548858058107,200.0,10.599301086624086,4.310184551141886
1.6494057992108226,0.0766809723482436,0.04583860758284587,350.9342542829658,69.0,21.555300611562302,12.360537362412499
0.8354351743352226,0.0783501593057881,0.0462953721506022,313.8575957149273,200.0,9.368749076011632,0.47081282644951944
1.6318817092446618,0.05381365077952065,0.08018886118929545,415.5855874754717,69.0,11.759256271625606,3.773139037282675
0.9458474349864521,0.06538797580648223,0.060851845573168334,452.66940812230314,200.0,10.609821662471633,0.5199424253847521
1.8049639172722576,0.04493301590214183,0.06594174828666437,419.1469790601956,200.0,23.23269715662021,3.8260881202402794
0.885132222780599,0.08856299829872137,0.09631440369002034,188.29597327773513,69.0,1.2172103680075488,0.09566440080134087
0.7406783527103111,0.0584520388426471,0.061703974725727806,78.135075130759,69.0,1.56027443022348,0.13403147750994332
1.1966566437014836,0.07211291782267236,0.07966867330284112,369.00256050218564,200.0,5.788445491988296,0.34681048658918906
1.0816567074144277,0.04759823687096089,0.09487596449730418,305.92918002104807,200.0,4.63402451549481,0.19048455330432196
1.5054405478183874,0.04403175642862046,0.053178413566985425,493.6508971182714,200.0,35.80948094368993,5.087080527907032
0.7832445921733822,0.09063700908586696,0.02498378388349728,44.58849034445392,69.0,3.7038162182462,0.8787102144420386
0.6596559592441591,0.08852168610945904,0.04598106444250724,374.72240511503867,200.0,7.924478333192038,0.24998007101981623
1.955525266095377,0.0946587156600272,0.07746231672787815,392.88201337743413,69.0,8.115873287093574,3.871072360404365
1.513201207701416,0.029928676503971276,0.02622564171336226,476.52933889711863,69.0,210.18311033532368,177.30651735302843
1.1053590930762427,0.056591002805667076,0.07065164972779414,453.0724252580278,200.0,10.63727202780315,0.6131877643244733
1.9025013064339313,0.09791688600253728,0.09431639168620808,274.45956000257473,200.0,3.5968525008582533,0.46011259740832167
1.2664572558061313,0.07633162618994897,0.08122533499165428,392.7117523653955,200.0,5.9255429181006605,0.39002860093072245
0.588629257445124,0.09806439337066987,0.05485630139650918,411.05440197574103,69.0,4.919579771661462,0.3002235970088147
1.3132310463154462,0.07492049163642991,0.08385955455201471,392.2802179423289,200.0,5.866554083340471,0.4021532248826791
1.5718213988733745,0.05923678330653351,0.02701926216522656,348.5046252006346,200.0,76.0019186029548,23.16520830609297
1.6120381975850213,0.04641987942876974,0.03529415871376761,289.5995482416801,69.0,48.441187608163155,34.46055395219314
0.9295562071570398,0.07650759553528769,0.09897290346057479,300.42604730407567,200.0,2.2357709782418267,0.06506404494692807
1.0170381590951765,0.0600924163342549,0.08450031532212657,403.5478099964626,200.0,5.739144591196085,0.2341758352403289
0.774632706363416,0.09091200978973037,0.02472541726301455,328.52833000976466,200.0,27.47333542254303,2.2224815471063217
0.9487993269898287,0.03890259268554691,0.07891537137555062,402.05809621142083,69.0,9.447408075153263,1.0412606498635875
1.2342479844084109,0.026836149121201924,0.09531932952145289,478.6255176868446,200.0,14.536751686551346,0.7744082870126784
1.675295387084415,0.06655097414487139,0.06561009627932723,54.87240004382221,200.0,1.9253107339878806,0.27453118688604045
1.0196322943374723,0.06213018346061018,0.041390963927102294,427.44861985028075,69.0,24.567730235429245,5.962196823814999
1.448300378166333,0.056327580264854155,0.02671426243567698,356.7350616415368,69.0,77.11666135317917,58.50351626484538
1.9581728153938531,0.05098209250037514,0.09426096331004634,199.6008054954526,69.0,5.17705945907519,2.0347589321211816
1.4495030316288835,0.06128597896744488,0.07905711935232294,115.60495321627351,69.0,2.6248453542814625,0.6740011571047411
0.7309687531321938,0.08212573373476038,0.08053184565895556,265.0343067582494,200.0,2.1824162612927362,0.048266555474245895
1.5743556593740582,0.08252363234374033,0.07926128155203081,74.07263839506545,69.0,1.3496196677207262,0.40777036318874765
1.0315476528824319,0.05798186013960857,0.08155304721094378,10.952048160247386,69.0,0.17577753119721792,0.022159574051030712
1.7300780423294984,0.0989643093015424,0.06775650731098737,385.11609555815465,200.0,8.798892150288957,1.2956482631260373
1.4926412029966616,0.04993490456619085,0.056647167097011036,318.78938069104646,69.0,17.8176287738389,6.770834713618289
1.4678086931572996,0.04179387800196778,0.023348691448142445,351.535476292287,69.0,135.8789251890172,121.14015307003129
1.1702785772286144,0.0287886291187378,0.040886850689116155,171.676070663958,200.0,25.047360391762815,2.7966335261545874
0.9923469978606614,0.08004221918969155,0.05924472258159347,360.1239877685028,200.0,7.632176402938583,0.42286777935298514
0.9894018502661047,0.04384409670143788,0.045688925619705445,496.19504478611987,69.0,32.184248523857306,6.662504480076567
1.9123543122184645,0.07188553796372102,0.08632606752918916,370.0468860790461,69.0,7.925942573748788,3.244182915719636
1.2128951292720933,0.0826023509526841,0.059291093636132705,363.78509285258946,69.0,9.116918466948892,2.1855702181115526
1.377665680994108,0.08694818152265721,0.030027495876503052,367.28395303050195,200.0,38.72561369567991,8.15916315926178
1.2566052108601764,0.028457162848873237,0.06588880959018434,36.71239526698461,200.0,2.2405152569051108,0.17898337877621032
1.9556804496070725,0.09580523091949092,0.09927856628227585,117.50854660568689,69.0,1.4602203075233857,0.5435234997356763
0.7603648066634683,0.059893591621467554,0.05112755432248327,138.97785827946612,200.0,4.049752458896156,0.1526497927780409
0.8487845018026354,0.044879758887081886,0.09024531204817962,328.7392073878974,200.0,4.580368066298206,0.12188474543037636
1.5388100810786556,0.029237949691032432,0.028927872521484294,105.84559540782003,200.0,39.9419403769585,10.89836766211643
0.7762914742519497,0.046525834864258604,0.03414919391079617,157.29911211459674,69.0,13.503528018705651,2.302375082250924
1.0021352181782477,0.022176639530373736,0.034864710042760684,60.095321495607536,200.0,13.404492790715713,1.287050900537316
1.3439609145744758,0.06457187056824015,0.04946032642696839,220.2586010612091,69.0,11.243808530045847,3.9672483722910545
1.0873164828968465,0.06455862456314844,0.03995861792221703,37.81323198726303,69.0,2.3931825913265765,0.6841273767839782
1.2293469926928258,0.028163182859613452,0.08616509019306524,443.63531305083586,69.0,15.649750318037432,2.6520681666270556
1.4502801716358222,0.04039043808148971,0.06868978493153337,367.2846734394663,69.0,16.770387157324418,4.9615160540929875
1.7144244333093572,0.04218999769716165,0.02016755823744699,12.056138828186448,200.0,7.227060611331886,3.510943313471232
1.206644913053684,0.049880053430198475,0.03932894446320917,480.197871586188,200.0,45.06086000280366,5.560641587540096
1.3833806116555776,0.05090145918615439,0.05745667022495096,69.00430906037187,200.0,3.4084584696299074,0.3784248674777776
0.7589217965010472,0.08559428704411338,0.04652447468075396,472.7967666812373,69.0,11.620238432189122,1.3899118691570196
1.5178844305329864,0.09182782071354473,0.09224171371577103,120.28712091438477,69.0,1.4021035319976525,0.3383683886194349
1.5519532854049751,0.08475369279835128,0.03939188859401588,96.59932347481941,69.0,6.839616384067395,4.040562979688606
0.9493525297108686,0.07909069296645559,0.07278883569597157,464.27841107814214,200.0,6.311060244295566,0.2604781642769652
1.2834644719401451,0.07089402321444258,0.06600533954706585,207.0230884183393,200.0,5.161621120060003,0.429391557333686
1.9392455120520373,0.09847838105626856,0.06499820804354035,430.6979342660111,200.0,12.04517645750552,2.3230369537187174
0.6411639910418055,0.03318706402550195,0.08727569798746453,95.56831156205915,200.0,1.4543830099198058,0.022835075621084968
0.6876227800075303,0.058160575255347235,0.06926265232522258,108.08015737838865,69.0,1.598161059991901,0.10540994536937501
1.6792148201275152,0.04672727282776513,0.06107100248771523,46.08064604659842,200.0,2.664008064844244,0.4100074503927189
1.6124511294894663,0.062468852239402614,0.06412657131210017,144.35960174707662,200.0,5.436807046955795,0.7347807451178431
1.435210891994809,0.08813088571278221,0.06380727186126636,291.4493763588905,69.0,6.994579566922981,2.1816372081998607
0.7837467235240049,0.08023468454946046,0.07755478509449686,107.69534845315721,200.0,1.0494085238625057,0.027705513922988815
0.7499968236508504,0.07267091057028681,0.02226254698615368,84.39597317330231,69.0,10.544405519649702,2.574101982682006
1.0088415183516186,0.0724383817569628,0.05700788094516687,103.07959808592486,69.0,2.6503814189093715,0.45717136928042207
1.284129511559585,0.07122071183974402,0.025654245995511787,293.2046684410801,69.0,48.19546097623149,29.931204059501926
0.7849758667975673,0.052714127320892465,0.04731471462628303,357.6713658310587,69.0,14.274873137700574,1.7961735326562411
1.7969750947095076,0.09707860322372112,0.08530059656407997,270.5963300327575,200.0,4.130356655918149,0.5211927278223766
0.786976668129596,0.032012302361231884,0.03949414365552006,449.36851180927385,69.0,42.49456923081784,6.4384910072103425
1.4232030204564368,0.08802073193598556,0.08792170176911801,244.51775754630438,69.0,3.0686783182209885,0.68304394078059
1.0316722290547018,0.08352783106344507,0.0906397673806383,246.48868510440323,200.0,2.2234184734834117,0.08702913221593658
1.5294324661664314,0.07019683822247991,0.06530103685928564,107.24178563715094,69.0,3.287667484876456,1.1378580059010908
1.5051854901737225,0.0472806647327311,0.09752855188898865,339.6127106294958,69.0,6.819901217701727,1.5306856290359285
0.8842892925855692,0.06509846337419906,0.055670034511230274,461.01563241817206,200.0,12.12404529921851,0.5676668557333163
1.7756913084370434,0.020465162330437183,0.07899488332570503,20.245952666695317,200.0,1.6890551055388554,0.22472870017845353
1.6981733410846163,0.03272639917621381,0.036380821116485065,32.64849520003809,200.0,7.679858549473776,2.0291937083387706
1.7434101809531604,0.03930657557494186,0.060867991305647975,42.61764285160447,69.0,3.061238062543133,1.4769539018193598
0.9623384016888932,0.03173353789037923,0.0834332080830699,334.41753850347465,69.0,8.74121361947147,0.9374499148451425
0.5332215613024395,0.044734712887865014,0.022125948879539815,373.84397500571737,200.0,54.61360875130929,2.339338776932078
0.5095828160293578,0.05479032991311458,0.04011497951440249,28.045990455836854,69.0,0.9725674752554567,0.06082783596206981
1.2394050858114576,0.0868272468089031,0.05750808255921129,305.27993545042347,200.0,7.905857464440662,0.7039233729782779
1.2527787352116704,0.09681589020304948,0.07257998300144915,30.82189946319452,69.0,0.45426016627916127,0.09490655070517763
1.5925827409064175,0.0797681312160377,0.06699927303044906,459.55855673964265,200.0,12.263784587741597,1.547523234307215
0.998973761608585,0.036918244039860076,0.03827323945140746,296.6184562116328,200.0,32.87547381505306,2.8573517477560326
1.1262228844318745,0.03937125488473466,0.035401155099814105,402.19515739542095,200.0,55.08055561268736,6.5782188901979435
1.785188150484865,0.02735905342155542,0.0584325365400689,13.249419561443247,69.0,1.5192230907180404,0.8005610464377411
1.4319234455122898,0.09722974481678673,0.08206235096997729,422.2529294248085,200.0,5.540598323180633,0.4614568071922645
1.6860827983450617,0.09424337316283103,0.03465427844491436,134.1785921165689,69.0,11.993579978159756,9.506254139238008
1.3731793959525227,0.02778873027916278,0.0789516867770631,424.28203157321656,69.0,20.18095151362001,4.6568734150310815
1.0206194415209844,0.032631322932216954,0.09218346729652148,346.46527364239887,69.0,7.651279010773645,0.8353497055588234
1.0872668731696349,0.09783889870795254,0.05612964559999131,32.68835245248977,69.0,0.691805933748826,0.14077448432031642
1.2350451802273223,0.09276395251715286,0.07464613861898584,116.34020290229473,69.0,1.6678998653127428,0.3292971463741674
0.8479336372056023,0.06456613767118573,0.054009657907752584,202.78006511284428,200.0,5.477605004417947,0.24306462549017824
1.01122772013776,0.024974177435149604,0.09529346291338936,229.77251021189466,69.0,6.147249975410569,0.6373461212144219
1.0723884939899557,0.04176451867095727,0.08183065213204584,316.48373994017743,200.0,7.281406767424262,0.3411004697164979
1.9871062675737377,0.08419419167568641,0.0777678760926497,93.86205002333035,200.0,2.1977575000382794,0.3719636187898567
1.5549426696738315,0.028456176519172267,0.0650464587188977,11.506431864581096,200.0,0.8916254178999979,0.11047558017709774
0.6983274749004339,0.06086469858375519,0.03543471168115275,436.8448586595259,200.0,23.950485745109773,1.098708352596829
1.1001068426525251,0.060851828949218756,0.07025840597114585,289.03992520930564,200.0,6.351462411319214,0.3646900523646211
0.875892345626853,0.03314760029918698,0.020596759199851676,52.19976539167133,200.0,19.5083552676401,2.4221552256247945
1.13587472255963,0.0778930609530611,0.06975480035909236,248.46689778731167,69.0,4.467898025355001,0.7984535798288019
1.2747725534814418,0.053608999853830705,0.041986145536483804,339.80627436602583,200.0,27.50208561530505,3.5481647484195094
1.373070391678595,0.07948063133216991,0.0563995228676208,71.10073318473357,69.0,2.316892927522089,0.7483000749634319
1.8219875636987761,0.0626729075297505,0.0925836568613405,425.60302191489285,200.0,8.660697254590536,1.03511377696868
1.8980926007624235,0.07692310457125331,0.025579177752059125,205.56615260233144,200.0,46.51470711111441,21.838220587053787
1.4410962310879274,0.08659443745054032,0.03904225056958529,463.28077447520394,200.0,30.347912742231333,5.38094672564107
1.0207552827191988,0.02408528510606387,0.03560827144754902,306.20320615103907,200.0,61.408578561323964,5.989632415417809
1.0075909227263442,0.03884863919689007,0.07181893930450226,107.31915918777759,200.0,3.2378667643514842,0.1525693251067945
1.7328986418139376,0.06581085684195269,0.024907278328016765,304.12258464361105,69.0,77.45027989215865,90.21997254653296
1.7121915118493607,0.05495159430349851,0.0755387668530284,352.93067900021845,200.0,11.563063830338011,1.4958445274877477
0.6883982667331114,0.05736549597078343,0.045050286314021026,245.0573479380178,200.0,8.693864839277932,0.304841163295452
1.2346651423857222,0.06805029984088794,0.04056171777001129,303.1005952513264,200.0,20.055084948460102,2.512379762926289
1.0171060000237648,0.07821422652052318,0.06193271014651938,277.5683736555442,200.0,5.6462684502261675,0.3143783393877315
1.2522678106846623,0.06635848627355177,0.03767846522277765,312.6493489172377,200.0,24.93578917095903,3.4594184162490507
1.2698507316023735,0.09905707392344504,0.04014600118860282,336.68650561712974,69.0,16.06791600543629,6.235657554898999
1.513307517002747,0.09336270510434788,0.023185795324099853,437.7313965722956,200.0,79.18970324188402,26.072329836935562
1.503784798191208,0.07808513447096463,0.09136560746062848,148.97924864961948,200.0,2.062190897806041,0.17013601066000889
1.2724332796236617,0.02444512162105279,0.05923477859159608,222.89837863144794,69.0,19.840263591640202,5.239626826161911
1.6646344672799673,0.0634268267280325,0.07521901782216435,467.4770012747283,200.0,13.01074251050228,1.5976841784145126
1.593959286980391,0.05280772825546774,0.05977384190131395,105.26904427898205,200.0,5.335920235351115,0.7560166364339423
1.8037438947240751,0.06435763169236916,0.09230379410267825,243.2097307859973,200.0,4.800294825103103,0.5639970759661085
1.5521027131321592,0.022655065392824233,0.08484193229615736,295.6167692303657,200.0,16.881629027274986,1.5978038480623493
1.2764034499796975,0.08900566545043258,0.027232220475073288,372.5043588295296,69.0,43.220204570842846,24.982698834871965
1.3224393821254612,0.03685207921561394,0.04882753622269623,293.72690985848146,69.0,26.526450619149525,9.179637475903217
1.1624441618978194,0.06423422360543854,0.07819203933128488,436.69312891236956,69.0,7.755470499923323,1.294939449807212
1.2192157855024042,0.04325031448007513,0.09833881109007687,28.9832423023996,200.0,0.5069202244575739,0.025541980223284484
1.4266861803541773,0.06595669644836738,0.08976470783068424,132.85368859804714,69.0,2.1398492712510584,0.46880703550416125
0.8535541415686494,0.05059920314181002,0.038955698422681456,338.473388760212,69.0,22.57465834884223,4.0791717315574845
1.5994996042036838,0.03506270322451448,0.02358452526390253,76.30050661333343,69.0,37.545953305990324,39.351738276548694
1.5781486882869542,0.05835179645979707,0.022543711858993377,318.2700028892221,200.0,101.62248164254916,37.4230305399043
1.7773584044314275,0.07677061712986288,0.05693800832749801,319.07258470638226,69.0,13.671500352860106,7.32864324420199
0.9820664055233207,0.041491709537417744,0.05619836793850924,165.2506136268533,69.0,7.430643924891584,1.2320947506888948
1.2266137809570772,0.02761850825017123,0.07576951996747265,241.28087243743815,69.0,11.199346857531436,2.1486886471958244
1.0176601970605188,0.09620796572877353,0.04123668824170286,153.55249926847202,200.0,5.731025462043171,0.4797697713732883
1.650233413156685,0.03126033967055447,0.028350079918699738,364.15752429814034,200.0,143.51048984072426,45.951411590503994
1.8199882100347966,0.021443546126987637,0.033879293963434115,206.45693931640403,200.0,91.59758025575293,29.85145776904702
1.5709179838661016,0.025905775670762923,0.04303337122874486,40.09565928102333,200.0,7.877615516107769,1.505827342376942
1.6717151478092702,0.08826366957250457,0.043972625496689774,406.35392585727516,200.0,23.88202862739081,5.059319639428376
1.1171796339262094,0.060904591954530365,0.060036520497884785,65.46779744927173,69.0,1.999037422293564,0.40152360343796134
1.0117999555414596,0.05807805617092353,0.09847110726006052,294.8718215012399,69.0,3.1786994278141183,0.3192931522826372
0.6437597416976881,0.0773571544931727,0.080087729503935,442.5881486864445,200.0,3.4454217867756056,0.059429597302708616
1.6100660274089962,0.08648040455252834,0.07722366171574543,121.21834709311378,200.0,2.270621786509896,0.2540741773041072
1.2840327632901238,0.07988307138735731,0.07245508253109302,361.5444393082215,69.0,6.641964904973176,1.4602915826088712
1.0455650713170295,0.0430588823143131,0.05219509898265304,47.46668409064709,69.0,2.538452301828852,0.5136899452412872
0.5273611176547286,0.06450729689631304,0.0639675027651689,360.53254149625525,200.0,4.321914685830977,0.06263423113222333
1.8793161271055463,0.021484652292992294,0.09203922917393108,376.44699625588964,69.0,23.32279806653249,8.647030896020798
1.9974208278964674,0.0657597695910112,0.05822845447708827,204.73264327796554,69.0,11.004672163450874,7.285186003969703
1.87967241072,0.047579661563098494,0.088929958438224,445.0831353786656,200.0,13.340036839797458,1.7666561065352318
0.7216379773898048,0.023963154672280825,0.06623803718164618,370.5956776533251,200.0,15.262022186192418,0.3999651321758826
0.9607254817447237,0.026063167448079173,0.021248413837297395,404.07969081847466,200.0,197.94172781786628,28.660793210046
1.5572293648874804,0.09362036882770097,0.061909948393216854,161.47314489350197,69.0,4.204485965146366,1.5911725745258036
1.531476107258504,0.025746734562331647,0.04850362888838428,233.61650958073224,200.0,35.44005495588087,5.71240974044801
1.2855415520087115,0.03543069374993208,0.09047074918285558,493.10506478466067,69.0,13.115377725679261,2.314752190914508
1.8289663996595154,0.06479286902852509,0.035506005345739354,43.899994045775294,200.0,5.89780758379518,1.8521620642454766
1.2463130077893434,0.09867143619575085,0.09002790122364333,442.2022271524398,200.0,4.1347913842590565,0.23779870090393485
1.704467516557661,0.07528698275904178,0.0836344863467239,147.82578046620176,69.0,2.870777141440502,0.9634988344346029
0.7195252652178283,0.07384438476366884,0.036014447199384264,55.44291667274098,200.0,2.4990352676514043,0.1197475051327578
0.7789368653380395,0.062208098281680835,0.07153885754435942,494.9469841114404,200.0,7.265763634074434,0.20541044692845653
0.844422794418668,0.03137070412374708,0.04474328138733025,105.57925975340007,69.0,8.517455673366024,1.3114797746389568
0.5680704747447841,0.08952115043363097,0.0665240020767949,474.9023707498859,200.0,4.085784100027218,0.06606633664413325
1.6748846671932784,0.025961461421437376,0.04800133999271809,325.5232562068195,200.0,54.68677588135252,10.65313713339284
1.6710338593844583,0.03686077933009557,0.04325128454196817,183.7648363868477,69.0,26.7199953859649,16.66738696364675
1.8652802636055115,0.05125323691384352,0.08300319936250933,442.725817354336,200.0,14.031988820176988,1.9606105386000472
0.9290079534683003,0.041764066218758625,0.0344418338304558,297.8997267860454,69.0,33.5170260975204,8.1147982127278
1.385593427343068,0.06712005172587619,0.07733978822910677,347.0935840866135,69.0,7.18745951235018,1.7238668254921365
0.7663147198224334,0.0656791512717496,0.09767052172776011,385.65679300888723,200.0,2.8301200390500165,0.056719765906266276
0.8237214873864189,0.0800340720772291,0.07569982233867162,209.65514046579892,200.0,2.259292840358763,0.0675020871201936
1.9568531082808889,0.05345429170174722,0.05689679007295559,440.97043464556384,200.0,29.91994831338349,6.712252286144557
0.6971045564264036,0.07910011390464408,0.09355964045041468,495.92530800345185,200.0,2.995789169180022,0.051867735826806316
0.8478267677392917,0.0790684485170497,0.07988088309363389,234.21938797138546,69.0,2.3615235685956004,0.20531625083155652
1.7159399374432218,0.0202544393326398,0.0218006260085844,292.75811714114656,69.0,313.1151799478667,408.60057463510583
1.7603541874808664,0.042883699155429986,0.02792215022157099,276.1758422716404,200.0,87.24630360091663,32.27580162277402
0.6684275549459071,0.07294085652306274,0.09493050649996464,392.16555442342406,200.0,2.3927238872243213,0.03753826725926177
0.802060697638473,0.04245858481411508,0.08871990477021227,398.80991620750007,200.0,5.7427086815918935,0.13879983039523344
1.0671508808212362,0.07754219273950393,0.03439073185656785,29.719885123522666,200.0,2.0749292368832393,0.22902994660470727
0.6395776427177569,0.054622377188133384,0.0837741256375357,192.7640592326293,200.0,1.929657283890936,0.03140765940740862
0.9402194432634657,0.051362304988880794,0.0486218890414757,430.19063414669023,200.0,19.98633985869306,1.211263530415855
1.2115564457292387,0.03586558394792592,0.04426649338191775,270.8824139158656,69.0,28.018673282830907,8.976755614744507
1.6569970218101535,0.07708578973650333,0.023744968305255396,355.4539595453569,200.0,81.30903749537882,31.33930974672127
1.1485034570801949,0.09342342703774778,0.050184455887313614,454.9444439497506,200.0,13.324400827306107,1.1674057493482952
1.049668540152532,0.08350300448490892,0.08648506159357808,291.21085227113616,69.0,2.9364775626669326,0.36145114103225534
1.2247283306468424,0.04200681756558039,0.09076927873932387,302.1908914221953,200.0,6.416154817216367,0.35342252363535304
1.4014747100868088,0.0884738313389385,0.07877871312152228,124.64207704102533,200.0,1.9088358989178265,0.15863864350115303
1.0960505269682157,0.07732649932142444,0.07414388531137457,174.44100197844992,200.0,2.6986798602103375,0.14575247002651007
1.659591075487571,0.07741962471168895,0.08570320408067127,138.0528975607969,200.0,2.417423214961893,0.25896230765335515
1.100484167812705,0.03605867559534072,0.050726693987708994,33.52051169274628,69.0,2.385408703677943,0.5502416852949207
1.2036662657313082,0.08363379402316015,0.04606734746040324,97.76721129975357,69.0,3.9781609977462216,1.2088181635750532
1.0301375495647556,0.07381515265229392,0.07074022500930738,101.13479394644045,200.0,1.6922661455535377,0.08461968621911123
1.2683379869963,0.05807540976042637,0.09565005151919043,477.09498750307415,200.0,6.833267224027411,0.3830821722821384
1.0319459233678967,0.09706951497307438,0.0983866393205152,497.85761804542335,200.0,3.280637425221304,0.11836266459420364
1.9970518794042282,0.07051564799756418,0.05420776845817572,224.97327172570652,200.0,13.009570590509343,3.190500905274426
1.671572675831577,0.05432141212744643,0.05168852854220665,140.86533148102606,69.0,9.734670279215061,5.084371249415084
0.7481311874267691,0.05453757162348437,0.03478080460200608,315.95920853008033,69.0,21.49735269890761,3.342416193211098
1.6449500365881171,0.04943602585029111,0.07024784060485231,430.4301547947211,200.0,17.413943973006944,2.235879180519172
1.6043632598199782,0.041435116573690284,0.09137451476492076,465.7524172893223,200.0,12.959562591679996,1.216884673263402
1.5599734180962028,0.07693267579584674,0.028615778697541623,346.7802077589815,69.0,51.52295651788394,42.33399496312016
1.2494191471223304,0.03786970384771264,0.04835764255993913,187.65043641757933,200.0,15.884985980997907,1.7092940255488123
1.9177999798768732,0.09121236007914,0.06491543985032919,410.17172136662623,69.0,12.279214167930716,6.721850354598398
1.723398711673009,0.02086264502301379,0.021495958290834886,308.29104548441296,69.0,330.6853343884881,441.4579092278466
1.2052128118659082,0.09940399831056362,0.028745048623755327,174.86788440981013,69.0,15.395546063485455,7.516560883200856
1.6572656138971729,0.0773190388745398,0.08353478522696052,274.252669289666,200.0,5.054440232644109,0.5539476052674899
1.3492007642921329,0.02659011651171764,0.05824811298358147,244.64808410634964,69.0,21.952585978740807,6.6285209555196225
1.4684932537209492,0.07975251061599595,0.07500129747219328,276.7368616366406,69.0,5.435109536523135,1.5098822729452708
1.2040908300766084,0.04824325593581093,0.07277935789944726,105.5011835396913,69.0,2.982735760376893,0.5740962493053419
0.8801048449051301,0.08323346207075646,0.04447386399043113,237.00679972166077,200.0,7.602191086599379,0.44134832929155776
1.2559226182423648,0.03589785652596581,0.06605899443463607,404.28712743463507,69.0,19.4478506799115,4.4866796999515675
1.4208079221525103,0.04840224871779498,0.054211471723929025,297.0444677970931,200.0,17.801645759220662,2.2096243250602767
1.538385275065971,0.09801685935684512,0.037230540135795805,270.0687423360886,69.0,18.34810555862658,11.268906407063023
0.67110109875355,0.02274940122807567,0.0688898533836752,92.23684655261992,200.0,3.4400373315309727,0.07496568956032353
0.5413123264443317,0.031042468725000702,0.06528892389952533,344.47970702811705,200.0,8.45527109920483,0.12649186764260106
1.0556472445238976,0.09593638426164304,0.02064754739226504,418.94994711438494,200.0,64.88016103793862,11.67239107058236
0.6927235748165307,0.051395601186874876,0.07364193469192035,421.941602423932,69.0,6.291978593881818,0.39613355615240253
1.7245195862700338,0.022142563386815795,0.022634305123563393,481.92796440755836,200.0,439.58137203873264,192.52499547237545
1.3149762615555598,0.08451889660693987,0.093583170670505,462.73260749266416,200.0,4.932305154964197,0.3037852991819313
1.185446578777557,0.02072702022857035,0.06757522512491437,447.0660695344508,200.0,33.59642560080957,2.3288863401414757
1.3043074903339886,0.056965731115196164,0.0665592608062724,368.01530148475024,69.0,11.412123402949671,2.8182375423576325
0.6461924337649297,0.09074903495507342,0.09455547230009805,464.40600736216885,200.0,2.21919566851422,0.032667162301110504
0.9286559249108048,0.04082039138202301,0.04082509494750325,364.40644941520986,200.0,29.844243015892502,2.1014631426750223
1.1724556133745985,0.07511806597480424,0.023383738366223605,435.13170010307556,200.0,74.5239901860007,14.603391307533794
0.8448218691965601,0.07909222641817551,0.08042473352554586,239.56722343614717,69.0,2.3737268115449344,0.2035312266045096
1.2903847272955715,0.06804487652094499,0.07345071024398583,53.01345472414067,69.0,1.1180703787968023,0.24489009560843028
0.7163816768475525,0.023843092853621448,0.07561477068676142,408.1529897020025,200.0,12.86894167860895,0.2911413402748252
0.714902398913015,0.03965065535916346,0.024463917214238268,17.790389370665768,200.0,3.2157412118731474,0.2239377689342947
1.730662606588005,0.06909247924138119,0.05373324873377559,161.67213716333112,69.0,8.415537610552873,4.532347882659034
0.9762660752894391,0.09943689282921443,0.05616996993161791,253.55812526408116,200.0,4.734139516625145,0.2677638862499217
1.600323723249395,0.07031734396926584,0.048557825591066306,45.362277775352425,200.0,2.627078361977164,0.46185774234974775
0.6211624725304101,0.08761531219063842,0.055476367069227386,289.4161118601406,200.0,4.0002130853856865,0.09273939926286526
1.7080941227336874,0.09164160515580203,0.06071095001279901,381.25439882992004,200.0,11.567810532658823,1.8530471928180503
1.9558937864240091,0.09829011388182428,0.0908920753295739,108.37622180319846,69.0,1.5662772730294268,0.636931621630281
0.9130954983957149,0.07641062317548214,0.06415924982720529,408.80229098019004,200.0,7.120466977500124,0.30843265190022134
1.3165406646424413,0.04364929562722637,0.02118895725773176,344.6008032310855,69.0,138.90101011922218,109.78020189826665
1.7915304877623082,0.021214122586423897,0.08558367580040145,122.12998888536883,69.0,8.448718229054258,3.061314493699537
1.1268697014533946,0.04769549778443089,0.08000012808427608,116.48670156766856,200.0,2.5801357123272584,0.13651425928193706
1.1139049548632558,0.07063980374792768,0.07919194661762821,157.19737634608128,69.0,2.3715547674390303,0.3590112531964111
1.3842750224114997,0.06195055279563502,0.06846873627205462,339.57264739690066,69.0,9.711281053888015,2.625963144976335
0.6922619411159903,0.055422296427178816,0.08711838131886063,131.1309395784748,69.0,1.2948598574868122,0.06881981988119215
1.2238609276544725,0.03239108235639214,0.04500010098864063,254.91187123131178,200.0,28.537829846363103,3.166287460266555
1.3562968587187894,0.033770468659528784,0.07279738764454712,275.79346360671735,200.0,12.540686117868203,1.056315762025051
0.9386307341622344,0.034208336099402326,0.059617573415510466,306.76632259341153,69.0,14.209315592962122,2.028841202680064
1.795569646335794,0.06568909386708163,0.038355222535613104,257.97665181008074,69.0,28.760181508430637,23.357764543922745
0.5601761998242512,0.04358285358977499,0.045255941830261284,357.7436573765831,200.0,13.470414782216048,0.31133891859237006
1.8196834423905826,0.09628040849748688,0.06042506102750836,177.11643720833715,200.0,5.500901160682635,1.004817467257527
0.8728745468147091,0.09588768869127429,0.04349777709784162,159.15488017090405,69.0,4.5943710074256465,0.7775392272187911
1.3480932461653699,0.09476686122078457,0.030868739171647112,128.66591443041415,69.0,11.524986233572704,6.555729720672178
0.8129265116568938,0.09965773720269813,0.028885831243753428,211.55839219040826,69.0,12.409435728150605,2.74302262076775
1.2693051446450754,0.03528904508069049,0.09170592235481544,11.688819752166607,69.0,0.2999530479061226,0.050915220256786436
0.6287997081770136,0.0374361621305532,0.07055743327846811,453.95310945955333,69.0,9.189623319770226,0.4975528858715896
1.687946184363489,0.09271032424023776,0.06864346075939974,207.92370865331296,200.0,4.820448169215371,0.6669360365188318
1.7283793830651204,0.04736976784224643,0.07949428359741363,377.67324012197054,200.0,13.083787616934607,1.638907662215487
1.6940764659613627,0.025288862278720077,0.045611686001810245,41.433840061160836,200.0,8.004936696797207,1.6789066133252346
1.2217651321330756,0.04592134968638431,0.02380056561819382,410.6379227479544,200.0,115.7201082037075,24.192221576616976
1.340980807913966,0.04023578967721802,0.023299184753268774,479.55837924668407,69.0,176.65312184083754,131.73020459918197
1.9188490926371373,0.07215928190134656,0.03295855963961999,366.3947890456721,69.0,53.816160460644724,58.0879136534488
0.8582785201744234,0.08240047949350751,0.03868133058883626,133.150412674464,200.0,5.5614682513512514,0.3530394925601767
1.1753661794479613,0.09544491889283091,0.09382567065727017,16.030706604773762,200.0,0.13454914365438364,0.0066036551495007164
1.5330857418852986,0.06659036591843143,0.09797021336683047,471.27627792946294,69.0,6.782561893894848,1.57214374126641
0.573738752232653,0.045486693613640855,0.0697605044257211,316.5876083662,69.0,4.9232937967620405,0.22445751998104468
1.402542202038224,0.07216654985017149,0.026408477231778436,79.60092232491276,200.0,13.309527134851464,3.3046836174164187
1.799367810225232,0.02746226814424781,0.06149265231433662,38.19704852861672,69.0,3.971166985819751,2.020200470067938
0.844336956129276,0.049440309651915385,0.0738633686396052,494.3196807669969,69.0,9.284008892566277,0.8657603349680464
1.5891323128336636,0.0796480406456347,0.06434298510079552,367.2579144187158,69.0,10.619521902319246,4.027017591139972
0.8485021679348297,0.030850001560500422,0.07608721693158792,431.65311166993905,200.0,12.304401506163423,0.38809089420816373
0.7891440229408475,0.05114288805192262,0.039877298195736266,112.77528814259753,200.0,6.565756410020495,0.34178289862139477
0.7570112246843026,0.09233119435713641,0.07115661700178909,99.37047867970594,69.0,0.9654547273913189,0.07512438152259927
0.979898740876197,0.09811637578869843,0.038046598118940844,323.39542313022883,200.0,13.387305040877397,1.1262076492141426
1.4253485598177167,0.05517979724401785,0.09598912778424724,467.0242772169175,200.0,7.855748974899927,0.5542254437392244
1.194620720432025,0.08364126967388587,0.05546247103804332,118.54699082057357,200.0,3.3025757018382427,0.2832646617145222
1.391001603120329,0.03901632950176137,0.04319562972715582,171.20865996919105,69.0,19.628114339109747,8.494810216439836
0.9479637717477412,0.09761097045745709,0.02509270048541799,397.1919962316458,69.0,36.757845078612675,12.718789246090902
0.9834701843508774,0.09600127736271179,0.08670635680542142,345.07239652558343,200.0,2.8212643406121556,0.104904467210455
0.9221456335105624,0.08191660101005818,0.03928256533899111,279.3171086476657,200.0,12.225783351223795,0.8821747592057545
1.648053339714366,0.07707104134639726,0.07292938298839059,129.74115848614895,200.0,3.129709153025849,0.38852834962100385
0.8754373326340334,0.07720849555306637,0.0624149057851288,234.0671687206248,200.0,4.087663024949495,0.16730758812826044
0.774702068901691,0.029284549881154164,0.04181276392011936,494.18509953736776,200.0,44.86620196146483,2.146636983858233
1.3232769682581498,0.04640783594222678,0.09743294474654804,377.34315026251426,200.0,6.800416314136554,0.40738958740380826
1.927936337430983,0.06230874238224289,0.028547589085568162,64.40036719448383,200.0,14.670483370671917,6.367062451571114
0.9499411135104969,0.027163950850586868,0.07351652612650263,420.1439470572466,200.0,16.311096441356828,0.6673755509729407
0.9783119757882031,0.08496272875945542,0.044279481406578294,127.68732995090923,69.0,4.4992789722200595,0.9396254819190946
0.9725001955077988,0.08802833097989393,0.0657791093997409,76.75990519829124,69.0,1.1759177105955336,0.1633533280866698
1.72012696060772,0.07883048442147074,0.06062434034732758,295.8279209129862,69.0,10.538108531279333,4.969312365712441
0.6773743802158734,0.06985467196552868,0.09877647488208417,211.566341164318,200.0,1.2616069963221783,0.01953470441766652
1.0200678520005715,0.09336404919138262,0.053968698470521534,92.93902532252845,200.0,2.0917744635245747,0.1344342036880027
1.7084831630446078,0.08341038566241706,0.026121557672493374,246.4642558652435,200.0,44.39127568606776,16.534790866800257
1.9115093803410934,0.059546206345366615,0.021847595476985414,365.1505454350962,200.0,147.3459651031943,82.14217803536157
1.795258610405346,0.05160907130561916,0.04358785504995637,466.55900031064937,69.0,51.25400422996765,36.61642914132672
1.033095699378968,0.08154351645023974,0.09598851689182711,83.12228010190968,200.0,0.6857743748269497,0.025416855740104802
0.6829525061494153,0.04171299530485967,0.051364620429145635,425.34416474762793,200.0,15.837356387010972,0.47937828566261115
1.8305966445291388,0.05575182293018627,0.07401578227829911,218.59196177888336,200.0,7.860865412795989,1.1863425199951565
1.2460105189709916,0.04831977428409513,0.053804353930331714,295.6751480053727,200.0,15.802581664318414,1.5199621915423156
1.7262523239589949,0.05748322560435812,0.08851283070235219,290.5888058248201,69.0,6.683143967733235,2.173916152693254
1.8793696961732291,0.07439795844407572,0.0854702703798485,60.33618271644778,200.0,1.2518437533369062,0.17244008713613723
0.6594926456422966,0.09912505804943719,0.07449467384785635,443.77919837804984,200.0,3.1922305371990283,0.06212518338376368
1.3798416578217187,0.06896033451534198,0.08219911749388718,361.18656911854987,69.0,6.417685430394535,1.4362479630628107
0.6754001136958967,0.04744951180412226,0.023689481874895987,354.0343645145254,69.0,53.87842926810041,10.024004963090324
1.8023472986936055,0.07095351783359681,0.08903932556298519,275.239109465125,69.0,5.291297967243151,1.8651637530050509
1.4277434664098958,0.08475293384431054,0.061269966357904146,267.06402732223006,200.0,7.190627661426311,0.7974404610106572
0.8090795134059812,0.09652533658506943,0.028730899900138065,122.87636051629298,69.0,7.486365245476219,1.6480251766246836
1.5063748123680587,0.06881516344155264,0.09252910255141236,275.5786035948937,200.0,4.227551874658503,0.3455854357757306
1.1333252004812957,0.028967564851933237,0.09565757975314113,476.94043343356554,200.0,12.235428211435046,0.547630491989366
1.4811175598375652,0.056037196644079024,0.07208071825223371,75.74996986063913,200.0,2.312110754166251,0.2345564258177085
0.5309170143444772,0.07377194757839521,0.06970119417259839,261.53529089723696,200.0,2.324537233577501,0.03133490052098044
1.423921379933451,0.0479901986406583,0.08564103208366747,406.0121906260659,200.0,9.855076558507095,0.7777300455387081
1.5818636625397275,0.07377200842728496,0.08589888411839013,221.6501372694165,69.0,3.8647522032250894,1.087756986183214
1.6761844051445318,0.05425742961356188,0.09113446956457187,409.34122504055364,200.0,9.1355347737884,0.9388012121721977
1.7786161640087432,0.09115128040112228,0.07110316225655189,376.03875061112126,200.0,8.70814156561989,1.2914564913364557
1.3771444543430968,0.028596655678350243,0.08726569772825704,71.64988227564596,200.0,2.7185908576332714,0.19694185630005295
1.1108604572603642,0.042209274581172906,0.08530727588802886,388.5680178566416,69.0,8.431362734296165,1.1783935741969689
1.947316778685539,0.055021498672689614,0.08526032345000935,243.91024285827828,200.0,7.125109246700093,1.0563224471543273
1.0702439335331106,0.053140595283347164,0.08028424154115045,101.96156791224482,200.0,1.9115404720977875,0.09090703299073574
1.101685316307472,0.029969704169800587,0.03809958462460166,450.4255828788328,69.0,68.43983011482516,21.06509656025821
1.116420752138314,0.08779049677999592,0.08736635129906148,89.86307642695174,200.0,0.8983064742349697,0.04271839012882985
0.7165548792517035,0.026211391976042542,0.07008718225649117,485.6283419215596,200.0,16.21576520014666,0.39598296896008034
1.620360991780133,0.08598546373574864,0.05701371598234037,335.2962779296624,69.0,11.662939656913188,5.189337177876007
1.6657781154991842,0.06992466749271445,0.03488178333300954,211.14149793160658,69.0,24.80357210928938,19.06380139886059
0.9141020144576992,0.0940205542606323,0.023765790566625727,494.4978634501249,69.0,51.07201555116071,17.349210411824966
1.9431947121014188,0.04585380131300675,0.05535421597289501,71.23892814526047,69.0,5.911642929615529,3.8962766028467515
0.5628287153311876,0.032542408466187805,0.08477155368363778,157.89749533187006,200.0,2.2800940457150642,0.02840101469742778
1.0107307757532702,0.09156684162299217,0.0681160549380321,442.73495087341195,69.0,6.319654552283865,0.9157448436673549
1.7942479807555813,0.04524186378848055,0.0869969011719972,248.5245537916134,69.0,7.813668188369226,2.7936742441512146
0.7539741080014035,0.020095800679343957,0.06123368214804305,296.74778366646194,200.0,17.81595474900924,0.5513283626706698
0.8626740551732514,0.03924073726186275,0.025178530163033147,37.24558679066648,200.0,7.749521757652628,0.7635135469208826
0.6007264146161746,0.06492076565903519,0.09202914386146366,137.82723241866427,200.0,0.9035009590842192,0.01180960682345655
1.3617166552891795,0.056083439886309455,0.0504113653095644,324.44040820041454,69.0,18.598648047947023,6.609765704164107
1.523339966911962,0.08291358664558937,0.06874349314988891,190.5863595147175,69.0,4.4458111002530085,1.4500157930318842
1.227366808879503,0.05803141046439632,0.08035120017183667,54.07767392781691,69.0,1.062908219584006,0.19253593443039121
0.7337116783572905,0.060870655121031764,0.05682841460648444,478.5297350325553,200.0,10.7163417460533,0.3383846259978343
1.2049716748608876,0.04434805275294522,0.024273747815758348,23.684052706086888,69.0,6.552935308963647,3.7871488187117954
1.6035600285022698,0.06389379385087232,0.04155831136770014,290.8664541776479,69.0,25.36037363763587,15.16100006845066
0.7554801323587916,0.09624931338388024,0.022905358320732053,472.6202819178588,200.0,42.42431442262796,3.5237296722965166
1.064333263115903,0.03542318339707797,0.08063154834548446,229.76352522601826,200.0,6.371070118119074,0.29836055127943484
0.9109894941848404,0.029675703059166995,0.0702563774112235,417.10061870885124,200.0,15.56441961111291,0.6128478409092575
0.5033347029806488,0.04571714070210853,0.08414317333322394,171.0271302203678,69.0,1.5957185706671317,0.046420606619168504
1.7423873788768505,0.04351758145468859,0.03095849495071155,119.62979626089786,69.0,29.98547277276418,28.41058293174523
1.6800833778525783,0.036504685316168725,0.026041479507969624,266.07057731106494,200.0,108.34254163740216,39.14477315507836
1.0723088288784828,0.06637786469340817,0.058257123428622534,359.0550211805724,200.0,10.254412554438877,0.6746526928756058
1.2268480746023782,0.06625774213134174,0.09336151836689034,92.24087133898188,69.0,1.1756904438553735,0.18313287085390814
1.322166169434719,0.04739137477307351,0.03430145690141892,127.82033017720252,200.0,18.184978246390948,3.089235706163858
1.1961822445693402,0.07719380231199667,0.08234369823105182,399.4958940611115,69.0,5.477946071057751,0.9196905792524837
1.5363829816307688,0.0367398620276776,0.07551989346107296,243.6207463708364,69.0,10.717777808649368,3.2366967128443447
0.5917111329251155,0.032749239888511,0.09612897500368249,98.49245614882477,69.0,1.1554578596208798,0.04066108196365417
1.9667110218196788,0.09929902411894406,0.06391383607891252,485.8656604510346,69.0,14.13426593175052,8.264548396588141
1.3203879370328129,0.08594213958226242,0.027478041234383372,257.60731042823056,69.0,31.45091453081637,19.28014313120647
0.9507612269467952,0.05408599661553132,0.025617819830183138,217.35157512938096,200.0,34.931427527549374,4.108618689122588
0.6754065364837454,0.07512526846267359,0.03371469426743509,464.9066900599753,69.0,22.062657193760057,2.884222498185942
1.5429217813930596,0.07056222507515653,0.022978276919930245,281.80928739976906,200.0,70.02341335417502,24.182009271207786
0.9712120906405022,0.050569788576495016,0.05985092449854808,360.99075688787894,69.0,11.612575439835062,1.7682574477589021
0.5582943020400928,0.06208245202780302,0.08106264606460377,85.09062804553123,69.0,0.6986919852073525,0.025956792573235136
0.7956269735321813,0.030654053814164153,0.05474615933665583,272.2368049380759,69.0,14.145306367238966,1.5802920224932853
1.4200721982104043,0.05301152440784254,0.05315761011026779,47.63712023591215,69.0,2.709605012418048,0.993164162004626
1.1039868367476806,0.09229015242406644,0.05058257076592422,335.0001130786449,200.0,9.397296729025475,0.7547594827572819
0.9720554106393902,0.09293931184216483,0.061702896754087966,473.8730838653856,69.0,7.81076829480945,1.1556595050415284
0.7080549286552806,0.08516411188403224,0.024016995946644606,151.91549523845865,200.0,13.137910014950705,0.9141558521296149
0.6703691400367467,0.09642129929007742,0.08841434899655339,174.6911973774057,69.0,0.9322186758164549,0.04578073102576825
0.8408703566769612,0.02595984241539303,0.043915024003362446,242.72518644969009,69.0,24.460584778331953,3.805147062996497
1.4795936102987937,0.09696372052195962,0.043486190675172315,93.77949979960988,200.0,4.540352868259875,0.7619068541324076
1.1476360898756917,0.04779635188238611,0.07754666662360744,369.25243844790305,69.0,8.846221332567128,1.4516526506229976
1.4761813069474496,0.02710458479485224,0.06697883666521462,472.9284322797386,200.0,34.448349378266016,3.73584599979038
0.7048790673491472,0.060369148113429,0.09315418245189494,410.89183494297845,200.0,3.3172149225745375,0.05897653105840358
1.7433222218040068,0.06742558618248419,0.09678258443202764,92.78959796369995,200.0,1.5367706178336742,0.16085920232705206
0.6815068546749206,0.03670016686743684,0.03612547217327941,93.1029875571296,200.0,7.9485881082052465,0.3406400144291391
0.779446571973504,0.08040414455327122,0.06727685848209784,220.47694647014947,200.0,2.8332894470800873,0.08528579228377382
0.5421810662609764,0.061225166946283605,0.036694631123794036,181.00133037814874,200.0,7.142369830786858,0.19072483497610074
0.9085229034884885,0.031113467111844432,0.06664019840326835,203.35349345702417,69.0,8.022649083128792,0.9600921645954462
1.6901599263903722,0.06777429619255013,0.08416980987490037,74.60946061301577,69.0,1.5757787602801336,0.5167186622657202
0.5900744622216685,0.06991761881809533,0.04383906791491059,483.38421874802896,69.0,12.736241475975534,0.9773570758085646
0.7600981376551614,0.08395231787074958,0.07791317644745402,56.82457300152446,69.0,0.5085136177317423,0.03643264182660682
1.8701656231012462,0.07896495717211993,0.0333731804562568,286.7775364780142,200.0,36.58868927805315,12.781685866410843
1.1112757882643356,0.04836592658521183,0.03485012967029924,261.47846227374424,69.0,29.679782631748925,10.161543308290083
0.5284095046178332,0.0872090282601646,0.06832652451524926,188.3398207713786,200.0,1.4666413174298532,0.01997811790178791
1.9835112355289886,0.09492370198203814,0.04807557184684805,435.4160884899712,69.0,23.619288047177736,18.67546068498163
0.7947963684745016,0.03786040250517373,0.09956083284450501,384.39791063970114,69.0,4.884564787517314,0.29943926757862094
1.9870686067391947,0.08310599154972206,0.03217133104919977,41.215361093258664,69.0,5.712850073923102,6.774374029850315
1.6107266375472047,0.05895389725627802,0.0795792970524722,160.65370116389582,200.0,4.158637919809672,0.45193235827437794
1.2553170489593832,0.03182053578673779,0.0860213456341498,110.96309884550455,200.0,3.5494683046204574,0.21674179719296
0.8405970486111844,0.0354626472279306,0.09232660484345678,170.48647678464854,69.0,2.844488383152878,0.2103355449054091
1.7911186094232667,0.04799807718293683,0.04612988044210426,187.48103439225423,69.0,19.72624577115408,13.254716806043325
0.646951838737039,0.031604677931214076,0.06505009549041495,484.6843775785957,200.0,14.068084809138334,0.30172388267727246
1.7095396694978706,0.09679165871384939,0.09236596231127844,238.03965348979796,200.0,2.956772373793893,0.31184805788277575
1.5713304724775936,0.04472447005670193,0.06125992947406729,113.64190492105791,200.0,6.383503485663872,0.8576229973178551
1.2309251674543535,0.09660412366870834,0.054567785499523125,330.67623221246265,69.0,8.490192913209853,2.2777401744725814
1.3698225804395139,0.06134726185944278,0.06101419977090432,254.8401041241206,69.0,9.17120333683841,2.725107850136798
1.3464332307942117,0.02500043976715831,0.0654973837070473,401.49729208555846,69.0,30.24287953846022,8.087764200617919
1.2430559219802908,0.06527576619256877,0.06496242594709571,101.22325018829284,69.0,2.740600594426737,0.6298316732506893
0.5236258843182535,0.0866700517406756,0.0412652831557027,442.85660730395665,200.0,9.427504990371796,0.20880115678241118
1.9043509719194827,0.056273483240527694,0.08348692471280063,316.47570840986174,69.0,9.21929893342272,3.8693059148215854
1.9498254178405188,0.08413051131756413,0.022490422368405233,241.8137241138351,69.0,66.47818779426962,108.57570694048934
1.0418323861472367,0.0403258111209675,0.06894477956698988,101.19448593814934,69.0,3.3000465513752917,0.5019656932346519
0.7976791592058163,0.09729062396793316,0.025746681353608122,279.1823010267736,200.0,20.718288356932895,1.7067419038402754
1.9376422335920893,0.09508379010224936,0.09970261193283013,107.54993859482657,200.0,1.3228647767926518,0.1660484577667493
1.846833561913601,0.07973664801701634,0.07374838804772206,93.52126284420905,69.0,2.3896061763081846,1.0677976644675513
1.414298848635204,0.05591493015980013,0.07290481942620855,12.169462843886407,69.0,0.3474750157003072,0.09211054892333641
0.6635195589769258,0.06060334897374536,0.05500765332978973,365.551657927699,69.0,7.936168452017851,0.6136982267894434
0.8736102097204685,0.050038143552712425,0.036366365355537306,205.742913743845,200.0,16.29644418377467,1.1400059105863094
1.2211160498525797,0.044404750944636306,0.0460097245813752,276.0212016929206,200.0,21.514037758856773,2.324154084939007
0.6510713248708018,0.08635298279150305,0.039062461947587626,58.09095509588808,200.0,1.7222324533577138,0.062297129896882276
1.0050857762007155,0.05852851096872777,0.0780697957824348,299.98089488400666,69.0,5.071242889086742,0.6340117002611739
0.762818261449981,0.0680491597378499,0.02296449389522282,437.8879669376426,69.0,55.84686753935015,13.672368422903949
1.4629849577730223,0.06998314197126941,0.09091879542807063,422.13068608406167,69.0,6.405267205407189,1.456877212176558
0.5894968192608485,0.02561141512782421,0.07962249753813358,216.1443931473477,200.0,4.708380182272493,0.06849792324270593
1.62769849737851,0.032210775028150646,0.09206375884120077,289.87547166091025,69.0,10.369506818141165,2.8832146382028774
1.3219308993429593,0.07033314819134388,0.02468339555538835,96.31548232326222,200.0,17.82732759239724,4.207049244954497
0.7549095152155068,0.04999281956713324,0.08837918744118121,125.4357604619202,69.0,1.4549895590050208,0.09064822856687975
1.4594463659331147,0.021110655928783962,0.04417846355622218,140.4600528475001,200.0,29.851714139342835,4.797485717955437
1.9925602407216507,0.030668635159246973,0.023059208405313676,179.6190784199132,69.0,131.6836744727668,219.06354568264695
0.8793586785543108,0.05907977195151544,0.041022544938100786,207.1898768211258,69.0,10.995166937196446,2.0024929070995974
1.529079037992441,0.031074676913477532,0.07597990272602663,217.0955409853614,69.0,11.102684531438266,3.3010247942082334
0.7205311370588506,0.03827739914763888,0.05370850625948012,407.7121223479548,69.0,15.963534644760134,1.4909090182401818
1.7252391439841843,0.0589033679442464,0.09088453051251809,107.21022676328484,69.0,2.280954933799543,0.7217470101040392
1.9751620746767102,0.023870401215170006,0.04827125359363998,372.5645418972788,200.0,79.38137808791636,21.385247360373093
1.88857978694309,0.039806763729128766,0.09458364028961522,146.41151580140482,69.0,4.658787521984994,1.6974117466610967
1.0712716286941655,0.0792887730361265,0.026513097556003257,24.81112085781095,200.0,2.8613079460086115,0.4128402981270378
1.916935780945319,0.08752362467419325,0.03581622767394066,259.39547918635685,69.0,26.57273385814803,26.340934214483774
0.995462861158626,0.048796634048189215,0.04073217256544834,453.0984953004403,69.0,33.42750146094074,7.857350301129386
1.2994215038478654,0.043866266166693355,0.05434598180515346,271.72058139567383,69.0,16.351525935051,4.908520371509846
1.2873067967984797,0.05286481178634796,0.036439830005959496,336.4657382103542,69.0,37.02156597297514,16.2668033859179
1.3707007730138812,0.07573525456973468,0.07665601470915352,98.47921965969906,200.0,1.8199017535626838,0.14868452415545194
1.0660644804142372,0.03884977882723009,0.0728689430237515,441.6293026268581,69.0,13.693646575059917,2.0634941505719593
1.932025790628571,0.03592915725398972,0.09535725748064694,320.16996364581695,200.0,11.360311027791452,1.4823168796785031
0.9283756363279154,0.05290920115202789,0.06681317962813195,353.96263463321395,200.0,8.347893870335765,0.3589558151045604
0.6538813567447876,0.03442688636379132,0.027503298550289088,486.0474319372679,69.0,73.22536514129419,10.998521882013273
0.515232915012365,0.06262889760322148,0.0430569623276055,47.87203173492043,200.0,1.2746036808647698,0.026194959163740292
1.4745748995741557,0.043476725414933165,0.035523952725184466,432.92075433238006,69.0,69.811521069233,41.285651416075396
0.9111992558599058,0.0371442883656324,0.0914683180700623,471.7886519142488,69.0,8.300011007906466,0.7279379110744708
0.7495205045110374,0.031844823079757875,0.044272598227569696,69.05387027856503,69.0,4.975238820108561,0.6099659737064033
1.3411830419048982,0.043230122055755354,0.05385736954516297,293.0526845613149,69.0,18.806512631953684,6.0687449952922
0.5134129830013662,0.07176391859036892,0.03217747240661463,399.24232993391524,200.0,16.5517790611713,0.45196540410710995
0.5881553046883229,0.03949841948351474,0.09539388651699533,130.40333910196347,200.0,1.2802983235841028,0.015475810947875458
1.7515004510409227,0.036735267246547416,0.04915519073975294,251.46063851108167,200.0,29.772105061478243,6.193546599040129
1.7969469034942327,0.028902734121835104,0.057882520366623946,211.61192881342907,200.0,23.560952651190664,4.381215827336744
0.9486264764294166,0.0557688679230714,0.06348880325911777,476.8155883622947,69.0,12.072878417144613,1.6533462697286154
1.487266198524757,0.021971380299439007,0.05115590548000619,473.4023560952148,69.0,73.47193526034354,30.694655876046674
1.9312508036294105,0.06291794483326663,0.03273763034860437,374.5131886414607,69.0,64.35585055335177,70.83987709773852
1.2346630883465326,0.06444328847653884,0.05883245101216089,90.51245875906996,200.0,3.0060520763512524,0.2596302147773074
1.6936804801441487,0.09698331088268206,0.053545062142886776,393.24193027362685,200.0,14.371651974169382,2.566427348635118
1.6471857670579622,0.0477806569291455,0.0419674327336594,203.35074437337735,69.0,23.88155905574745,14.917466957258997
1.3363410480655946,0.09577200464371417,0.05370553770873583,32.55059699199763,69.0,0.9448237486953585,0.30354703806067407
1.8558945476413178,0.0783429561497149,0.034400673941525704,386.03526046666826,200.0,46.36579006349686,15.474479521488574
1.114132040900785,0.06916274835547011,0.062060901298850085,253.4333261026692,200.0,6.359796775924369,0.4240111071404729
1.287442726870566,0.025779662851094197,0.0820939612808233,105.2887526352778,200.0,4.681246296159943,0.3150539005399579
1.4248039088853606,0.03382221156737065,0.06214091331045732,431.6145148604269,69.0,28.251734988896317,8.917381315018833
1.218134596394026,0.038112470197317394,0.08415503414538271,239.47563807711597,69.0,6.484560827658648,1.1047160754731893
0.6141696806512962,0.07889309192996485,0.08020895322950565,236.57693967694138,69.0,1.71762106944095,0.07804424912526017
0.6632622882570846,0.06023740550707336,0.060529825559780245,230.16736879486947,69.0,4.150259053312457,0.29143119914716964
1.0254167251947601,0.06654949997597093,0.0808860937428901,139.80869526131042,69.0,1.9755740295441049,0.2481303509201514
1.2661380268788278,0.06150926760178263,0.08626399028732028,220.77990277899966,69.0,3.664309918769283,0.6579371511690161
1.8445615358877852,0.0895070241263355,0.021302457583400054,64.79509250108771,69.0,17.655091637675103,27.24496243353797
0.5844307192159626,0.04690976834679684,0.06336941822041528,192.58801121396482,200.0,3.5850135875680604,0.06441038608166075
0.7947023645901008,0.08520922426851017,0.0929801833836514,297.2276246947232,200.0,1.92387795417482,0.04355869654578809
1.5993476745291466,0.05903106534950381,0.04069151045896004,258.9196229735916,69.0,25.419725492564364,15.438761629395612
0.6226668234918974,0.08737635312737341,0.09259074069478473,307.1383101765563,69.0,1.531834817313352,0.061974849592341806
0.7481092808869287,0.048315251729842565,0.09391949268219654,231.18587567699655,69.0,2.4349041370347915,0.14018962203715546
1.1452459655381948,0.02346788897150433,0.07141942130690318,33.796387220013536,69.0,1.94005311214702,0.34423457116012324
1.500819281753035,0.038745763841334324,0.02987512970274307,205.6180679856121,69.0,53.54230938363054,39.00351534645344
1.8620571017124372,0.08821344397835915,0.07905468708754498,360.1730572032889,69.0,7.2990349239884065,3.093025194790818
1.1122572320331818,0.05118460995373842,0.07397373571822176,105.46936860635668,200.0,2.5129759590409213,0.1400876997687115
1.250018025351742,0.029965343658122957,0.024464121596218132,401.5206064365835,200.0,167.91784362119694,35.750203500559124
1.3660533282017424,0.037693924390785,0.04768353695130659,56.46569076292683,200.0,5.400018783881191,0.7044348953234915
1.4858184964092978,0.09476986495510979,0.05528493978973764,316.30108513813,200.0,9.734950532170329,1.2957976087969079
1.7710249413991783,0.08862536846517115,0.07466760224899607,255.91457806333574,200.0,5.503620622293056,0.7706272892544099
0.5287688043169396,0.09527076708572646,0.05938868680446127,338.46771774485103,200.0,3.1957089722308507,0.05015034158259977
0.9066624177391245,0.06383629411536258,0.056175947424801406,43.68634068624897,200.0,1.1797067229585974,0.057543148675213616
0.7392622853557363,0.02494564055258298,0.06737065013479039,26.40065464252966,69.0,1.0342567404288803,0.08106145090984661
1.4624133830668957,0.05619064812097134,0.08971492067130551,260.931487551264,200.0,5.062377147646743,0.4022618720775959
0.527075754960454,0.04504145266428026,0.08203559195047108,201.14239649085374,69.0,2.098509254569526,0.06866166045184857
1.470869277289308,0.0858281707232847,0.03560331290418068,159.1325603395528,69.0,12.908438167559066,7.578636747777826
0.5835108106897852,0.03900005173143191,0.027838625100708184,103.68759553894743,69.0,12.010641733098616,1.4193055255344882
0.9878882978669701,0.04340587684027615,0.03461937112438215,339.6289064823169,69.0,38.696960611692816,10.539815609922584
1.5704422985838358,0.0846098922083804,0.0490503372586948,74.08352779593879,69.0,3.429175813929447,1.665909376406901
1.1723558839465862,0.03742837427713021,0.028331850371406456,74.38755828086266,69.0,17.41647171011261,8.163263671076965
0.5512699060806763,0.05014621456401849,0.04150411374197488,314.96113184399303,200.0,12.06013179871363,0.29435283604103424
1.1344679446958919,0.07812160441646758,0.06233544559567743,59.5949407192853,200.0,1.3363234234798702,0.09196862976251016
1.9634722423424753,0.03819396997811375,0.021433783152191754,329.6382929344289,200.0,221.32027708047775,132.69380570115354
1.0149010383241746,0.09960300020881056,0.03387160903453958,88.6592256994096,69.0,4.724488599510286,1.3881168350828756
1.3352103437518998,0.029552272913113235,0.06236342906842117,386.5727007620081,69.0,26.945190432762832,7.4423535393854
1.487616924210954,0.08908039564060928,0.09534494052705046,378.5429030773391,69.0,4.172343231322821,0.9356733218353416
0.7384410185313597,0.03908512208390844,0.07129995421658678,126.53675118570735,200.0,2.8215890941507578,0.07193079953348346
1.5265404471839175,0.07997713025713088,0.045457220451485245,247.69319337276468,200.0,13.727835568620218,2.3458193747585
1.241263924191649,0.09826173393044192,0.07414680339465984,123.97438954750113,69.0,1.7091417133515692,0.3431417470371644
1.7902130069478792,0.05252416062721821,0.06551912288476013,428.046791770323,69.0,20.391629629083464,9.63724558686673
0.7845328251455448,0.078620789174142,0.052518849192351794,68.5657400720884,69.0,1.4883385701131298,0.16852658653681754
0.5925175877624709,0.02951506273806844,0.09726030165337694,103.06247210441191,200.0,1.3123150721421413,0.015790058610114843
1.9130111583837683,0.06955742584241865,0.045825006837247106,372.1297837019216,200.0,29.24250722322434,7.784412102074512
1.0337373631563007,0.03703189573235657,0.09129585843233295,463.59295346117705,69.0,9.315800770617324,1.0535355453888915
1.412049103225814,0.022127847834034462,0.052044977323322666,31.198793029455395,200.0,4.41003482681154,0.5631726292113888
0.694690178251517,0.07063362502075798,0.0647663549013629,115.09237386090089,200.0,1.619118185879747,0.04021519308314388
0.9017967349808629,0.04772890801188731,0.055131282341408946,473.4753769175472,200.0,17.659549514142345,0.8683155709265158
1.1253057866513214,0.04810292057764985,0.02649270692828365,96.10051306358862,69.0,19.218672802943292,8.875601855934265
1.3312091992427662,0.08689940233892428,0.03413953166190766,484.88789616296464,69.0,38.239041372383525,19.177929054782698
1.9020712662185457,0.04198502181354269,0.058465238708063375,418.190753485932,69.0,33.255434288800316,19.882826214019968
0.7654964156281887,0.07244222095686413,0.0461017401208234,114.80870978843345,200.0,3.424860251735672,0.14510774903506626
0.9370314240502551,0.04796591408541191,0.02539742923340741,393.9503399390089,200.0,71.58707906523519,8.24958192694093
1.9350385535915968,0.054190300940385946,0.04813170191862344,443.11097897006914,200.0,40.97975745822926,10.626644573917945
1.8610296360034098,0.07156445200150502,0.04802514735455111,225.74676010903545,69.0,15.271837819567295,10.641156385507617
0.8252745277327411,0.023792447117853055,0.0336887823426537,479.28735359745446,200.0,87.88928276046089,5.922788617383938
1.9412571529113798,0.06029993584621807,0.036535659417628485,322.45149216004125,200.0,46.660346543192844,16.042642033884768
1.8922803523155647,0.03549303770570013,0.05035971964615464,406.150800631181,200.0,51.22880982922928,12.14173270944696
1.2293334790893082,0.036666507682034055,0.056433383531893616,82.35963568003328,69.0,5.202279116988798,1.3460358546073514
1.4208848989254885,0.05279549164011425,0.06265468567634111,275.6544754266471,69.0,11.338908410857757,3.530166092625692
1.8952459038242015,0.037162075353872004,0.09110158387560333,480.17547439058234,200.0,17.70373810453103,2.3267457396510234
0.8744650840501427,0.09334751373069436,0.04461666278339521,105.69114031034535,69.0,2.9842512622979114,0.4941774231196212
0.6076878272152597,0.07127588240951814,0.04388842867684371,360.91263947957503,69.0,9.584980020095967,0.779223252732912
1.164112546788055,0.08468790763403662,0.0346151274797564,455.16398444890933,200.0,31.33003191544351,4.088496095788763
1.8947655524815332,0.0905630413858667,0.08774617007964955,143.70630697932071,69.0,2.3430158231074816,0.9262274828346223
1.4391352731158618,0.0533707707628758,0.028724161672046326,353.2700177776891,200.0,69.27259369103004,16.649303388686832
0.5731853322038258,0.02556182753122772,0.03723221305801308,148.86774475041233,69.0,14.448319115533511,1.23182286400028
1.3932055697228174,0.028305089444887334,0.07684270033760279,184.7474072246192,69.0,9.240065223908319,2.2550826986259205
1.233158422538136,0.05770848982126471,0.060771471976588026,310.3747216999097,200.0,10.774999190625639,0.8987398171500129
1.87633815163316,0.06100900774512223,0.07677870355673998,349.43335162011397,69.0,10.938334559226446,4.846099162000593
1.33880844520733,0.08565712193869872,0.020633087372460963,249.11061536429023,200.0,54.874429175510144,15.88990973255273
1.1629018888116105,0.06708647195494984,0.06798596304306263,355.6395855721983,69.0,8.002597257676092,1.538004156365276
1.359516582245594,0.08866896904231249,0.06716494972822948,445.67332784403476,200.0,9.088565808705074,0.8336820018081034
0.8487984210413507,0.03263412684970759,0.03684715911708816,210.28319478145875,69.0,24.17020662291605,4.566096961230042
1.465178698666096,0.07298146703241357,0.04331755940024839,97.3828555819847,200.0,6.251493781832721,1.032713279080002
1.3660236273980553,0.07482490486639426,0.05080100127097137,294.56769239243783,200.0,12.50270132258303,1.5308292502367722
1.9083839058732923,0.023005662293291495,0.047437088718635,439.74559758414176,200.0,97.26300871975779,24.890860331006984
1.9344438980869305,0.03257231407628173,0.04476714684632396,242.98881456281245,200.0,43.204225615939976,12.038096831475368
0.5653948636396511,0.031690122985050966,0.08782986293081287,307.5957736519627,69.0,4.268498553401375,0.15010539490209446
1.0057023044503317,0.08938900354867824,0.07167103655127458,168.9681651397879,200.0,2.22051707186466,0.10445471939774123
1.8086920668683082,0.09090960498546045,0.09932025294271417,289.30098810219073,69.0,3.500905568841289,1.1141187860542048
1.5511122215400426,0.08853489811383373,0.03356998201466696,443.4963292098441,200.0,41.36831109382126,9.882842334780921
0.9763192885454883,0.09232359334240932,0.07232058534443549,125.592762793768,69.0,1.5236007211427485,0.1940227367628786
1.126659468458758,0.051884114100121365,0.05591242779820631,122.83104924870632,200.0,5.1191867902774,0.3873974102606158
1.860478339147962,0.05780564289813599,0.02104839256772569,40.33824384058416,69.0,17.582666941563424,27.93667405887164
1.84122844033387,0.027286935210476725,0.0418988681919428,52.80533163136932,69.0,12.17803888656398,9.520287511581248
1.6511095581880681,0.09494230147992248,0.07494091774226662,177.8165262525399,200.0,3.303706775538857,0.4006019095299827
1.665052967403078,0.034563043467192155,0.08400603148828571,16.01129851861362,200.0,0.6558023121339918,0.07214351976672354
1.6292484627327684,0.09811800065849964,0.04056511603001359,108.22885657767148,69.0,6.552808938766349,4.1429440934798505
1.3578218032118987,0.06907406036531293,0.06709579671816736,234.8581642059985,200.0,6.153101456337732,0.5635897205246351
1.6008492890275765,0.07495925888764654,0.0448169266239912,230.0764572689153,200.0,14.677917871638602,2.7977056672324836
1.832389714910788,0.09675002521045215,0.031406385944994855,109.70445789639861,200.0,12.638815032418607,4.504046140624962
0.5387975104867255,0.0468306308011592,0.04056893608808518,488.6864946349344,200.0,20.496982152104422,0.48890694942080426
0.9455518431818193,0.08531796881148988,0.06817599898531518,141.40989316294713,200.0,2.0230790919141963,0.08843634550815696
1.9053999297891384,0.028132247870407454,0.050276034601334646,309.94131686423606,69.0,49.829944216173985,34.7665282379782
0.6970328571581522,0.03591238009454811,0.08392528783496261,153.3268652211394,69.0,2.5350871261842363,0.14179672550446898
0.7702611176062002,0.0735733620253816,0.022821636882659594,103.83067608543651,200.0,12.52277921197731,1.0851971107852931
1.5922065595264452,0.05506127121631896,0.09363032899656627,16.306560272801267,200.0,0.3227258003768527,0.02912692918893084
1.4415349935914088,0.0507313247716424,0.057110939990535084,23.26199501683166,69.0,1.2159300125806456,0.42746375754143207
0.7928459558852567,0.07253966814804257,0.021830406499261674,405.1440834363134,200.0,55.75070412986888,5.351122708878278
1.2249577647254,0.07458018340787831,0.02819384935047239,44.67317587339719,200.0,5.538434153429084,0.9825475952465607
0.9807540141774728,0.09447551024255654,0.03310263889546012,28.23106756874572,200.0,1.6047011619504303,0.155428438731697
1.879650498043377,0.0971134466050023,0.07315527926126623,498.97897142815,200.0,10.827791519603615,1.7431195195926115
1.8176534688800028,0.05475488285531055,0.05482443135942752,487.3031132637763,200.0,32.291662155410364,6.4866010610344595
1.1200677684677496,0.04411592606005276,0.07019693406183905,136.06820646241073,69.0,4.206496405395957,0.7263578393500546
0.7512641312335346,0.09198008787137335,0.03840457083207134,158.9665576116318,69.0,5.281898139187676,0.7499841131250978
0.7196944728081086,0.0979314812306995,0.0482166543128212,31.71197543875412,69.0,0.6014593032633496,0.062425949943680115
0.9627395564094157,0.04938134525790662,0.03514312079402773,209.91692972722234,69.0,19.882178330125427,5.0664168817291335
1.4152132542156928,0.0719444296456104,0.09101527227551073,268.4464641080787,69.0,3.824768081288534,0.8131941741167118
0.9730662798236336,0.05654773119534731,0.06719989536679428,476.5449230844767,69.0,10.895449244791397,1.4832728289604658
0.84645764249331,0.07557325861208707,0.04640937838609005,485.8517681184376,200.0,15.159351279486874,0.7801247772267785
1.8202337198745444,0.04632400285802611,0.051112157132250854,284.8139244926789,200.0,25.703077374574093,5.553847742073675
0.6557201569000946,0.04537182885809002,0.03185256253198812,386.60665690255854,69.0,33.04182852803157,4.3093961027248495
1.0657424207385942,0.02021739432020337,0.04985080616976252,214.0524992070561,69.0,27.242957471800302,5.997168099138119
1.3837601167850058,0.04693063895460746,0.06454386141672336,385.1189756609111,200.0,16.354626186651007,1.6172830739829565
1.207633846662871,0.09337917278970341,0.030383136746466997,483.6235513058063,69.0,40.651701678985205,18.852820171043952
1.2207366952238412,0.09693020526026563,0.03004810279279581,191.43576940020284,200.0,16.021497012086687,2.6485536913718066
1.5700179298440367,0.05518788413267399,0.0430497301463251,129.5795981882024,200.0,11.934600355369293,2.277851547836784
1.7110913107883992,0.02683807606095597,0.022849168207602605,342.1383701159977,69.0,250.68829086481742,310.36281093512696
0.9198781402430175,0.08627371688778498,0.04362384430483825,484.5545113866013,69.0,16.289127099715266,3.0527702769012657
1.4848015239225658,0.025805033148848626,0.08130379914738547,101.9788488885819,69.0,5.326030630373304,1.3953696721276565
1.1990746349248633,0.07511862154039134,0.09846756663887936,175.17983744215667,200.0,1.7304042151793484,0.08422199725332756
0.5186696100381807,0.06563871559237015,0.07566695468918173,355.69188582787723,69.0,2.945394187512933,0.10117621421126427
1.9254001683811246,0.0269618016600975,0.04537843333231864,195.81812485201522,200.0,40.74527353812922,11.095541341438963
1.3170584936222962,0.03559993745907064,0.0413022668010849,44.48536293800956,69.0,5.78863866794015,2.3489422016596206
1.6124893864990262,0.06398238923812859,0.029818383228356442,190.78162435632183,69.0,32.44561568455003,27.33539207429486
1.5213446949434828,0.022122943818267002,0.02693282208354874,138.01224935216544,69.0,78.50365335610233,65.1812830484164
1.0912677185351185,0.04543663622608589,0.02589653593891848,404.954716025893,200.0,87.01607679456222,13.338260228587096
1.8505678044015836,0.02352274385717945,0.03015132282649339,16.365531397344554,200.0,8.497391801983175,3.2171256430161037
1.4473371435394065,0.07994958299936136,0.03549065755048079,252.69185595123224,69.0,21.790535786599143,12.426617443269901
1.0720327420012374,0.03930817288407188,0.09415593077919934,140.01156632807607,200.0,2.5843123018334513,0.10514585546957755
1.4760824523464653,0.06118428453472646,0.021232281201904596,102.58700303119554,200.0,32.93980391891183,11.267416083713849
0.8263425953921935,0.04118495302808976,0.0374971823656157,159.17420764025496,69.0,13.628505757766805,2.3978915483464434
1.6986042611990557,0.04720165038255116,0.03558768670268183,176.93032013222242,200.0,30.16400624055761,8.151779562891063
0.9138602169115618,0.09521330786486826,0.09885982008929659,224.0260814082175,200.0,1.3200558902550799,0.03717156036397051
1.6645097307404066,0.09320354057308516,0.06166458239907105,293.50666158523643,69.0,8.270876794967839,3.590443390813806
1.800895010805516,0.09096152954479061,0.08396297987875743,233.36898837904292,69.0,3.932324484772621,1.4675670217708645
1.8147886229891725,0.09928075394660557,0.06304679687525834,201.11260452044183,200.0,5.5491372724957895,0.966258400650391
1.435666070255401,0.02062078980780318,0.042002342268292484,154.708761818034,200.0,36.63256111108653,5.992104679940537
0.5468651184259754,0.03634211560967571,0.02393045164351447,427.11739536266873,69.0,67.33901148255644,8.13084978533269
0.713876259186079,0.09381144303367399,0.08141208607042268,362.0501856512405,69.0,2.4940742671540796,0.15084330075538618
0.713824082308316,0.0630721508578673,0.09857826318170892,51.41565795223984,200.0,0.3592840006996761,0.006190387743039154
1.2677095826147435,0.06506925897736894,0.0262045543354935,204.13693140730228,200.0,34.75067052055439,7.104028620197432
0.6885778826602793,0.02029035283577451,0.054297729907521644,347.65958942705413,69.0,24.010742337172474,2.025767980990011
0.8956110481452848,0.08230064611231512,0.05341001856880992,336.1291632919272,200.0,7.693574870884254,0.38514395475314206
1.5620011869175547,0.02533857304585103,0.09627981915800574,77.23020855038,200.0,3.081535193412313,0.2602994980086712
0.9820468974535779,0.05545619184439096,0.031081355585128013,400.7111618845311,200.0,44.072224439788776,4.55835579456295
1.4181056889373664,0.05304265811525197,0.06290483419386197,472.3430284431011,200.0,19.14802720438017,2.0404969862451523
0.8840481568509448,0.06928551339789223,0.05126832064464183,359.72873426648493,69.0,10.477596753851326,1.5432066438685477
1.4876250297414948,0.025715988894017005,0.06530203743115053,46.45917118311513,200.0,3.781459840866504,0.42716775281420877
1.9616181102155594,0.06224653915431985,0.02179850197863492,430.5449348762887,200.0,171.32300698575696,100.80839703645236
1.0447398693304044,0.04822367114979427,0.02750036350886198,145.7887520221877,69.0,25.057993899461067,9.609125200087414
0.6412067521700671,0.03037334913253971,0.022233058182636024,351.0962939091967,69.0,89.9672594348362,16.07463465307532
1.4977548417837656,0.0478330470161999,0.07344431558766744,237.95540759867464,200.0,8.287873970334566,0.8438109560261047
1.1774523846154847,0.03340606417856327,0.08026339891485111,290.14729753081434,69.0,9.5247312170847,1.5895768873949536
0.8490892381740638,0.06823356516559567,0.048997476244330235,173.50096363700303,200.0,5.395863969231957,0.2646504882826429
1.3860399013258005,0.06596620602086366,0.08573622116879663,245.47712521381027,69.0,4.210055577667719,0.9114536891507315
0.7112992680651522,0.0885681205351218,0.04245246567273735,434.78387545173496,69.0,11.625021740026478,1.33861358476179
1.9873462047738417,0.06346378748815251,0.06509716020453574,309.39398970993426,200.0,13.71786672864519,2.774280317961539
1.3116471251471364,0.02819117345215746,0.026673122430457108,155.6547888590113,200.0,61.075900415861945,13.131332207125496
0.5420623116018067,0.04226588126143485,0.028395020209757746,448.30696793723376,200.0,42.785997293918484,1.4758310665874723
1.0682452891376526,0.06941381910494313,0.07988016045914335,339.57797313409895,200.0,4.914031675974168,0.234002092457773
1.7182482442156717,0.08140059251740174,0.030520574411471522,23.727760364038826,200.0,3.226123098602105,1.0402525631642339
1.204704997351894,0.06265511258433928,0.025178569527706307,308.5733137907977,69.0,56.15283743449533,31.27243708111089
0.5174917142010041,0.034822518573006216,0.08039295381618285,41.135429782259315,200.0,0.5675113341618169,0.006301473292299501
1.3247617699407683,0.07291277158660163,0.08713739239683921,421.73266054570723,200.0,6.054991625242114,0.40650257976611326
1.9282552908697008,0.07961682879052784,0.0586127569198415,99.83093900213463,69.0,4.222714932901783,2.5881433571328225
1.1325521171815323,0.030151079808965163,0.04610772820650945,237.7560799145365,69.0,25.205235473591827,6.774746939075778
1.3631530290633402,0.08789873252667109,0.09614144339064547,31.41714480049217,69.0,0.31627050229102543,0.059060473765964114
1.2077796876088898,0.025279375235045132,0.06299266744667803,392.710265308044,69.0,28.37036288585278,6.347606333349407
1.6566624901308908,0.06835940783219942,0.07373212184944258,289.41484124952876,200.0,7.74095123108654,0.9604713677010476
0.552127465704484,0.022863345813462912,0.06091093216312246,27.925473150460263,200.0,1.0905883784634869,0.018193785423627942
1.0948252604514301,0.04906799188457141,0.026434394381871718,220.59980911496766,200.0,42.263375160649844,6.3879745239814785
1.7977194464064659,0.028532884113841916,0.03980976904781093,259.68623652836965,69.0,61.943695375793695,48.58597644559244
0.7652069265885879,0.029360141798304484,0.06991005134349615,36.67965653039448,69.0,1.1735943562073465,0.09497205308519951
1.321205302253015,0.023983484689661196,0.04477235461237981,136.52063174011312,200.0,22.510632273524205,2.925479908430327
1.1129963469469857,0.09988356467422568,0.04543866758541193,39.5904940347416,200.0,1.2820079001515785,0.1165014515882879
1.7367477425150084,0.0996913186484273,0.050857069647675196,476.7222510817775,200.0,19.266082267463688,3.808853853269397
1.9529623812061918,0.07923645880050431,0.058302103271572855,292.49533682407963,200.0,12.725374494536247,2.774935229091571
0.6118400012484697,0.09123504588324977,0.021547866989614743,345.5981838583066,69.0,29.949550052668794,5.027144868382343
1.7308068960640064,0.05560160780780311,0.09757718300770343,267.182888527037,200.0,5.241126061386839,0.5363549691218666
1.9496159795990062,0.06433927259547396,0.06560473869757608,497.44646293652596,69.0,21.013582853644408,11.763124631886065
1.4148054491517552,0.06635448843002834,0.09722502442828986,160.36477535763976,69.0,2.170353756162424,0.43172337576015957
1.47990893865758,0.09439877622895154,0.047723149570290176,316.2583354682489,200.0,13.061819092327253,1.9981279667175673
1.4149230694617825,0.06067475904475492,0.08637466724723902,32.3091686803628,200.0,0.6059391686574772,0.04681521689642152
0.909221940021232,0.09371145532049001,0.0471397417893694,358.0158300684142,200.0,9.378995038659694,0.5482613939882889
1.8871927120446523,0.09919044805562799,0.05986760430074632,110.56275066283013,69.0,3.521459718776597,2.0240582047241236
1.6558297850944292,0.06808563257025978,0.06869951218003743,43.822140729584966,200.0,1.354870374944409,0.18024126204831664
0.9754960271039115,0.07053104745257761,0.07040588011924047,479.4695443627237,200.0,8.026747184700536,0.3616266330101769
1.9244718741036797,0.060104658814392045,0.08990216144306126,488.5371848725942,200.0,11.61213407308509,1.5945707384755192
0.5447736600360835,0.06660589485064874,0.05716539421349329,113.58499147229875,200.0,1.7057258390729664,0.0295180030460347
0.604859388992619,0.08187215425152848,0.04835988508087931,64.26416088494457,69.0,1.2180574708408867,0.08903300315044987
0.6446424365707173,0.031210830957985783,0.09064931320585061,181.6721147897224,200.0,2.739832708556872,0.041867406237303104
1.3867714707616101,0.04714489472465512,0.0898840252491255,175.22183541511262,69.0,3.8277598059242055,0.7912825930750375
0.6774721710098839,0.03944847561163857,0.042734329397605825,242.7972478121994,69.0,13.699428748372032,1.4215696245092617
1.8131141615303055,0.08889383253923965,0.024656709204479973,359.76654164157554,200.0,72.41946543284394,32.184683806269355
1.3316671655630314,0.0636909077608168,0.09271916803657404,321.6036395859851,200.0,4.693009205810343,0.2991933996822263
1.1074607159332357,0.08161671897059583,0.07377719501246233,92.16159246423888,69.0,1.3784979977926513,0.22141156924146235
1.1953760911639075,0.07351733272028711,0.05748212662637822,130.99869485161793,69.0,3.8678300947515445,0.9289735350444758
1.606109746827375,0.09178077231259453,0.02375981740506967,296.19055807136556,200.0,55.088351023356836,19.936359414406844
1.8817008422613528,0.053249657131973674,0.06308270840402976,120.92724228051243,69.0,6.443005479051019,3.4941293512098675
1.2509000558801402,0.052142676009206745,0.045127826790062324,484.204107377165,69.0,34.223165384645114,11.465173475341269
1.6616859233420476,0.02850341113851996,0.0925015050772523,285.7410471618028,69.0,11.680955991767174,3.3688922473640814
0.7426419977410208,0.03023234403591938,0.02916486150397548,170.58183526753757,200.0,29.557784658231224,1.8631581435644073
0.7873123297401255,0.029031536786400514,0.06672451204824362,158.6101804023868,200.0,5.796802759040569,0.17950475930150075
1.3874875679465193,0.04474873987051388,0.021093022093934283,303.1712325239247,200.0,126.76808069967657,38.5663069721658
0.9723492542990575,0.0907721590466914,0.04474814952901744,461.25001127859184,200.0,14.804955248201665,1.0426903028086023
1.2374593460202836,0.06681669264982393,0.034327956086553146,287.61690285640884,69.0,27.121626391027576,11.68932176845636
1.3960431430907465,0.028052214606629135,0.05457858987890293,77.4877517231714,200.0,7.767323190642805,0.9245395417270339
1.7941580749664137,0.022518050907542914,0.02605034831644181,94.4251190934043,69.0,66.51837481189388,79.41620934435642
1.8143726213721156,0.0930846482976527,0.07900358074050706,158.3609787330657,200.0,2.9672510897194666,0.4121347507710658
1.9050053879697004,0.02758509624913228,0.09860057681959483,488.9625395335206,69.0,20.839612154958104,7.410751376492704
1.6140383260995201,0.04750209614461637,0.04095016426576423,277.0612864173438,69.0,33.683473395350504,20.703728176193238
1.3638347757550437,0.06914666844606375,0.08124578085221433,409.88503739422146,69.0,7.3485589285355655,1.6254908701813806
1.5500656576734324,0.03123546987204298,0.06696373754964628,158.0555870377972,200.0,10.495032367787646,1.2552291920843635
0.8052578817453133,0.03352858362091601,0.030721590211905972,146.05345556556685,200.0,22.299518210126195,1.5689189263566339
0.7871247068048717,0.05156266738992914,0.053211409785931446,390.3398358115554,69.0,12.626784360464741,1.4204787385198694
0.9127099200971672,0.07487948807788317,0.0858831500567087,471.7495486145296,200.0,4.677531461668788,0.15123525361773518
1.9262180581978394,0.07203313784871104,0.05929708283484157,200.50022263941193,69.0,9.14897770282562,5.531078101963709
0.861328100045009,0.060884988673325924,0.05083214806925573,24.30381902517697,200.0,0.7983755608376643,0.03884049434664337
1.6704483001331245,0.03795541600780733,0.0478829315647776,317.29782277986385,200.0,36.54400673759081,7.098723390844722
1.2428309745632227,0.040833763184251685,0.020530807345957518,147.09062357882894,69.0,63.726027512925505,46.322779040082494
1.0783556044859122,0.0826858980014513,0.09706725977241967,135.23589265146467,200.0,1.1231253652297033,0.044849562507599805
1.672797398022369,0.040176168128199186,0.05203824203778945,380.6660911281195,69.0,35.11761723626729,18.245205654228897
0.5753795635727958,0.056067094363505585,0.08667783563375443,408.93226896616227,200.0,3.3514511894015584,0.042668998609528434
1.2291600092662225,0.08800367506504995,0.08466200353082139,386.27515894678294,200.0,4.516256085582308,0.26864923441780697
1.2771776035746596,0.0976591704576237,0.04653527576077458,428.2034746136853,200.0,15.515833730663406,1.8129012936464128
1.016430630813577,0.04059429426830918,0.05900662903378452,496.19070916292276,200.0,21.409721492647584,1.2495235537149356
1.0477658731607593,0.09847126103461105,0.09895815062858891,185.839105556693,200.0,1.2115461599259703,0.04480181806560549
1.9905082506854008,0.08670285550903171,0.03886584907649074,28.456027884506828,200.0,2.594895001572645,0.8817761318179947
0.5692471893214212,0.0612157964049313,0.07630059910440237,81.33802156789818,200.0,0.7795183624955432,0.011035167691968675
0.6032019271644596,0.07977449867575129,0.08589413415438865,490.3872621291692,200.0,3.01551890522219,0.04257971354608385
1.4987045000113643,0.029124324693531607,0.0460907376598757,239.60489160820265,69.0,34.82408866604231,16.396749956641163
1.2465946560485026,0.06210429346980903,0.046015914581434794,135.0959336320019,69.0,7.683888361866588,2.507166406544431
0.997288826982297,0.08940297771811125,0.06889686455475062,172.83892157001281,69.0,2.437041091119684,0.3399107902316136
1.841093239990315,0.02640445763335727,0.08595128573133211,459.72923810889455,200.0,26.03437478006037,3.422355237479603
1.494925097816803,0.0721951194862452,0.030393346769378222,499.20557380106135,69.0,67.14060023843425,47.69855372894374
1.8837085262017252,0.06517692017797998,0.09780933486450745,262.83351807740485,69.0,4.764213947403751,1.6699290043514168
0.6695588840744633,0.03380350910468825,0.04056091120500939,356.5504366322213,69.0,25.756319741261972,2.75051051061682
1.0240970046289448,0.05600509936623048,0.06542008282881437,237.40704200929733,200.0,6.086059470268411,0.3252265851855745
1.5933430606453514,0.0560251863858387,0.06292151221922125,85.43621451563384,69.0,3.6823149215819524,1.4354894758601686
0.6043694004061597,0.09440241720027248,0.03426504788184195,32.56081014889449,69.0,1.0652783954861316,0.10971761582527648
0.8244814701242165,0.046212221988585614,0.046108688954742266,111.86583065566337,200.0,5.63257785428719,0.27679929130457154
1.6041025847606307,0.03957518376810249,0.02579178516763533,491.6813766093613,200.0,179.75517503064927,59.77822593011832
1.9267146493154153,0.06315493432248008,0.08931321622182858,368.99787846498435,200.0,8.467472083927358,1.173144716027803
0.8103103679733226,0.08370114985605556,0.06256716679824638,491.9161942840501,200.0,7.299100831739954,0.2553315081813238
1.3691839453399233,0.06505032437711476,0.054041860776471606,236.97898413330637,200.0,10.247379657568258,1.1849086610144726
1.0664552086235282,0.07501970069580771,0.07576219812346495,72.92901532038627,200.0,1.0837116937558788,0.05422819858029174
1.7693398713824406,0.09920319689775269,0.053085334298003925,147.1711502779563,200.0,5.588695115928309,1.0985937782128024
1.0964155563322247,0.08932810705377808,0.05781789450360489,326.10015848557146,200.0,7.183974356064209,0.4978879597354874
1.3441220816912487,0.03256252854210093,0.05199911920034522,357.3619713095071,69.0,32.73318051532431,10.988269443373344
1.2548733197099513,0.0473473449018407,0.07405290070315611,109.72650826392903,69.0,3.1818735438716543,0.6537327803140072
0.8049957074307241,0.0721658412123805,0.07685110403425476,33.381387300243524,200.0,0.3782834108839872,0.010632442916514237
1.485186890117455,0.08211240412671617,0.09305780455288322,433.63533799330696,69.0,5.43428800911756,1.2445481786314012
1.554852932577007,0.07489954316070987,0.06723949940991304,355.7078509128571,200.0,9.799544883402424,1.1744615800630709
1.0180958041566865,0.07130153552502108,0.04188525067614145,391.76616317693845,200.0,19.13135368117129,1.5781221740556024
0.8268308303644264,0.06460205042581685,0.0724170298216578,23.76817488516371,200.0,0.3480455037390494,0.010952351882427522
1.438573325057761,0.06690616503231349,0.06652461002676108,402.24882796510536,200.0,11.725928148044531,1.2159273934837753
0.9144440820785407,0.05996663207987832,0.07430041762646357,399.41287725779534,200.0,6.619699860962892,0.24833623734552485
0.6566636070536489,0.0544010554191848,0.09314234992926917,20.151587678764567,200.0,0.16822934728857375,0.002596086807911552
1.2603467518243952,0.09944648623477434,0.09119751481236268,205.4122505296917,200.0,1.8780717823309254,0.10904054714350864
1.8171764223576399,0.043582353655652634,0.02865894345325555,265.71519300149237,200.0,80.93450205787357,31.08468389681189
1.8411439933423144,0.06578807621567719,0.06844339576598567,100.58034973431552,69.0,3.605303773636036,1.7252239383435952
1.776705577621571,0.037509482384284545,0.024097013241921622,208.04204630936027,200.0,101.82404117469497,44.46279807458241
1.6509231103169986,0.03529572896361593,0.025405434437028484,164.2735918170057,69.0,71.42832121187642,74.03842326737598
1.8148905715968233,0.02867565371858133,0.08512227579697992,442.4173477057519,69.0,23.18643945944874,8.668648150439042
1.4168442560088683,0.03133955009577693,0.06734444605622698,424.3848983877165,69.0,25.382649806296566,7.310364823989727
1.857483654586747,0.03082734031768946,0.06719801311515662,22.606367532837076,69.0,1.8099147275953409,0.8978656016563545
0.5760425606771828,0.04633457889929069,0.08141093373292632,258.4420956787608,200.0,2.908696340908411,0.03951878088543817
1.7385801495420516,0.08051790142158426,0.03753905300489805,81.99401802917657,69.0,7.538224443564893,5.8645519145804155
1.0319170412159764,0.09771830688120428,0.034961420961017745,431.8817315887541,200.0,22.387561093614217,2.2729298001035736
0.7596670887345891,0.043499844250504086,0.044786610158744106,483.59858864971517,69.0,25.26245191588665,3.1450936453229628
1.0331682240530764,0.040143518695091154,0.06002810085395857,348.0794517848232,69.0,14.916812583628808,2.562849839916745
1.5395132009349959,0.09390998262270839,0.072049015771469,39.65299331147017,200.0,0.7513508450443325,0.08238730683881397
0.728399857181238,0.09415962938318935,0.028787991092198803,427.15085382825583,69.0,23.922960404469116,4.259934445619737
1.3953248192571868,0.08245115437657513,0.05200323646342865,247.7616104352049,69.0,9.302573244661772,3.3649840793634467
1.5748227074519172,0.07986445522770326,0.04575084614372361,462.97248692481924,200.0,26.16895057001356,4.72856385450932
1.0704623226378582,0.060658241808832045,0.09747283284845085,342.6128131624428,69.0,3.818292925618967,0.43369865644049554
1.1539792045649397,0.047053662682947,0.03275096578793307,383.50933441221633,69.0,52.61184287289362,20.668788371202236
0.935807200158085,0.042360792113899495,0.03522494411624845,63.90969185351685,200.0,6.827153354289127,0.5657712248867387
1.3109978703085479,0.05773056678596404,0.06672496034527875,174.18999016435342,200.0,5.330819297174616,0.4577078431772075
0.5514598988625599,0.06604218176168022,0.0574243020237563,238.61345490177195,200.0,3.6253275694114255,0.06399678361047648
1.0313860320609465,0.0561460951711099,0.04176276858035638,341.17218505552194,69.0,21.55996205048276,5.305921881976468
0.8191735904808459,0.0677590863084111,0.029668216888404125,70.48006528295309,200.0,5.80822001370159,0.4379073595363953
1.0445564853554643,0.06035258173382871,0.04589305498526819,499.53039646299374,69.0,24.629483841849776,5.65759495555452
0.515396508073642,0.03967587851393706,0.035454304218809886,146.94883735049672,69.0,9.11159464987933,0.659580819292897
0.5642212711195003,0.08510778732543052,0.07230216322920946,379.7452572665752,69.0,2.8894899066064936,0.12292166966463268
0.5812627809402678,0.09355630412202823,0.03626258726995499,133.51235568051425,200.0,3.784901602189231,0.11754917419256108
0.9302228720379373,0.0672903015970059,0.058298651978318225,164.98201245484947,69.0,4.026292854754774,0.5774049796089661
1.9130564805263413,0.09867048703512486,0.07588757081076757,78.52466865118365,69.0,1.5861950160573648,0.7390965319419859
1.5697511467345455,0.09864820294878834,0.08974371236536864,482.9110599746852,200.0,5.724689970350643,0.5239481415899767
1.8563203668959534,0.053882317876077876,0.0891663216865391,142.58187636347495,200.0,3.7069824784117476,0.47753398683414333
1.3684071305761174,0.05395119149448828,0.08169253422738716,112.10239765631034,200.0,2.5563228527342643,0.19531821028847965
0.7313376718715964,0.0864259219538413,0.04154698460631374,75.85932777242279,200.0,2.2312855140610433,0.09574812364264741
1.7818506823473141,0.03452637701946447,0.04457388657433275,197.00927967633086,69.0,30.70416034343267,21.130948296118294
0.5311512180695604,0.06410336074706428,0.07173448439934205,328.33334798216214,200.0,3.172105816079656,0.041584816930463044
1.0583241076369587,0.09280359058789185,0.05905170891644203,385.7802327672784,200.0,7.569726530190545,0.47859024607161427
1.5724568555212155,0.061819945795474715,0.06725472250809167,495.746216185311,200.0,16.72689021820618,2.0498809678301098
0.9485726062945614,0.04379591201274914,0.045935189689172054,285.3410379719417,69.0,17.57362936915799,3.3259579643464097
0.7035344700394743,0.04599182216030143,0.02366323698417678,98.27942075639386,200.0,16.109063619963454,1.1231704021254956
0.7512463796194855,0.03364999667077162,0.03773747221396416,115.80916931555775,200.0,10.892961052681366,0.543021061051977
1.4515585373804027,0.09914706568022355,0.026261068087412305,222.78750200628662,200.0,28.37736014201421,7.589400304312609
0.6772785232883043,0.07375789611176833,0.09673196936522928,480.7188359341461,200.0,2.8304866725375137,0.044740871395256177
1.3491057570682221,0.0965922932867119,0.053565085825161535,487.54036201098154,200.0,14.239729322294382,1.612837695737485
0.6902709250735286,0.03622109869840873,0.07689780941523516,383.5163712386476,69.0,7.415922499517925,0.44396632112090256
1.0702039088586077,0.06759914164862693,0.03078036480921223,365.7423979989442,200.0,36.669449001372996,4.5482301470673026
1.3011591615878535,0.04054836033561704,0.07684138099146763,358.4079932452992,200.0,11.686803478029333,0.8583020957880463
1.0664925664954072,0.04373035247953806,0.08043777510543407,194.46778071525384,200.0,4.397984192686329,0.2072946173457527
1.3978161732189496,0.0567104600936275,0.0840951021276503,283.1101890242133,69.0,5.920416166071317,1.3290499575622425
1.3077876406486557,0.04616602551669159,0.036931193991100786,449.7261058614665,69.0,56.043776548218474,25.076571086564694
1.7504430476554855,0.04960126536242565,0.049930731582364336,24.608979814227176,200.0,2.0900863601004276,0.427534353602431
1.276819772770135,0.06187856462962857,0.09105316951075644,334.8725260581987,200.0,5.000690787101269,0.29845088948578824
1.524882626854841,0.058103113020669395,0.02036910829991708,113.33105971706898,200.0,43.01235094308302,16.3671379019071
1.0969955936371405,0.040909371456562225,0.09824844325127723,336.885226826889,200.0,5.615183300287114,0.2292591994874277
1.7681977929644377,0.0999380850889867,0.07487441398552613,89.45737857277511,200.0,1.6939491363499228,0.23578021697304571
1.0623089538916117,0.044351141437561845,0.06834916654894492,358.60317034252125,200.0,11.031764175600282,0.607144654397981
1.012341749267118,0.04070243890185614,0.03409986751808741,317.3742613086166,200.0,40.73092608593118,4.080417800537885
1.782122064306567,0.07994838042074107,0.06949938609879969,354.45678265851245,200.0,9.814775759287246,1.4950408277761509
1.449643529203846,0.09132527793840502,0.05035722237954948,337.7278739473882,200.0,12.684251393743402,1.7644293025262223
0.9311844828124123,0.04486321213552981,0.06125364171332834,77.18186783789932,69.0,2.561816816722253,0.3503864226921019
0.5422854530018584,0.06469866207607175,0.06366778415467698,236.48032383059643,69.0,2.933860404504735,0.13092882483012788
1.3949144201974928,0.03386164605433989,0.051656187329727696,85.24990920483565,200.0,7.896597042236964,0.9914972216180696
0.9391396825870317,0.02008910282380966,0.023255426654735806,378.81715926597394,200.0,196.4725672774507,24.838006536187546
1.5111747557844506,0.0960225445525459,0.06937408780454202,467.1617147348408,69.0,9.165695024533214,2.915124767453592
1.4992610586536679,0.03687413713104058,0.0973592675092757,350.76954123920405,69.0,9.027633595051501,2.0137743196170557
1.964547303226767,0.06807777846798616,0.05530567288904542,107.27490547079685,200.0,6.07249470420337,1.4125414156940528
1.3650461333875794,0.08659186997102435,0.04610483459727269,133.74845936873504,200.0,5.951374949179593,0.8017597460271075
0.6578479197888393,0.09378850925521272,0.04340498309708284,42.817422718161176,69.0,0.9564636353951148,0.09213815956592626
1.9637171779099243,0.09134024861578238,0.046667613507407335,463.235714736385,69.0,27.437140721779176,21.90487538460634
1.1758079828678207,0.026724293154926783,0.06067145282415007,171.64359036373165,69.0,12.309494788830145,2.7101185774661283
1.3708763184299366,0.02203914267968929,0.062078318457590584,76.78359641307323,200.0,7.4360686226973,0.7503756594826502
1.574841782683162,0.022988616154421885,0.04075328904226149,80.89579751226167,69.0,20.020548961818225,11.771907055108906
1.7080368154505523,0.07446428409818548,0.037558455478349996,427.8581435576948,69.0,41.743111011563,31.32789347087206
1.6079833364722291,0.03347961107460946,0.07402258916313754,41.808098917708236,69.0,2.19879259823873,0.7420663398868077
1.2526523173164517,0.028880215364021813,0.06416971157100768,43.37251531425317,69.0,2.7411689487493156,0.6476292553105318
0.8432646970615603,0.07267555273599383,0.07848785915433258,403.54384354699266,69.0,4.56050131623281,0.39920648763316907
1.8293763456347296,0.037913096557951116,0.060715238951568246,265.4801130360876,69.0,20.849787326742646,11.103750368154257
0.7657228988309708,0.025133685547666387,0.024784799941110335,357.93954671287725,69.0,106.51372088414603,24.34574441559597
1.3331100892373482,0.05889271463878476,0.0636926265409241,112.63285345036854,69.0,3.770877825804593,1.0165880116900354
0.7404646621598464,0.06279711329483753,0.09264009732111048,319.6033611998849,69.0,2.634688283339453,0.15066020775217848
1.879981830456287,0.09292927702116294,0.07642664537281661,76.54715373424058,200.0,1.5907128747860244,0.245207103894274
1.7142271727663176,0.07462678321290746,0.06433916003400912,82.16713020397451,200.0,2.7357238018935215,0.41649746019613476
0.7258706714185008,0.030371881307317425,0.07915847917126449,444.4249164029836,69.0,10.170500406640187,0.65406819040888
1.16624394784109,0.09339247026237518,0.026736744730856785,192.91478871596726,200.0,20.219818502562344,3.4286746352583206
1.1670533898188622,0.02685066080498537,0.07739449795133811,499.89089986597685,200.0,21.764167144759988,1.2767097036682502
1.4377681117539378,0.07875631647396567,0.06822493142653001,117.23513597224458,69.0,2.7588384993261856,0.8076450108659458
1.8807114809596388,0.036155810183721,0.09004681803660425,220.21647148329936,69.0,8.476340346054398,3.2169478250710366
0.7698556719315547,0.09637227095358658,0.07083362826537577,260.6975093349399,200.0,2.4903843430263803,0.06945831799407494
0.5072975198733468,0.03987394028987093,0.07544623344930709,74.90294591905953,69.0,1.0044969163562367,0.033105196740539966
1.9094810059106702,0.0701530619019419,0.08477258181349007,338.62876347549286,200.0,7.69543167486106,1.1032832051137293
0.9746957864883512,0.025224603152201236,0.05172583691353434,428.3197800933031,200.0,37.11496669128119,2.2722623447473227
0.9958440000949299,0.0996817447162748,0.09193734767316782,85.15689923241818,69.0,0.6038969400524287,0.06293802795107406
1.2728786975086106,0.060809394377215165,0.025216810881737547,411.54095126411636,200.0,81.28311242925795,17.408563881265618
1.3880677980772966,0.07381374359545302,0.031007895171052978,308.58151560350865,69.0,36.211793160143564,21.739960581221265
0.8962965290285917,0.03354925259033917,0.043860736762006074,45.9161414913098,200.0,3.825900365656263,0.23358228781026621
1.742480397321442,0.053361093068331505,0.06483770846574184,80.51323911699703,69.0,3.752376595721443,1.6977518542518295
1.6505205940569732,0.05517834160370154,0.03530065858985739,24.225269630309114,69.0,3.4890448975398836,2.601508776586587
1.2861180534432224,0.08150502535774873,0.04112684499762495,344.05049994040746,200.0,19.2583512118638,2.5818685217036927
1.4127972298208837,0.04588591031821106,0.025699795032849145,237.28482792777743,69.0,66.36855833361693,49.802603173979534
1.5945926606539893,0.033016115354969455,0.08908955210446792,217.8750770688251,69.0,7.954795889615402,2.1936202018716062
1.2794273102065794,0.0917457961090858,0.03439302785627286,257.1118166246824,69.0,18.187035210084932,8.363390591366171
1.7723397776775505,0.042321169014434834,0.09831059477211376,385.2830277293739,200.0,10.016587995624066,1.0668225863103697
1.379517886899578,0.020279979262140594,0.07325984192672974,62.43428799003164,69.0,4.747907929186604,1.191655257512998
1.0931082311151723,0.0813815816905022,0.05511108565111934,25.73964522082842,200.0,0.682987746947884,0.049360439769417716
1.1680344567670855,0.07500968917782636,0.04760562023522033,18.379607007336986,200.0,0.7577209665630558,0.07238375871060403
1.2480065760996908,0.03626417628360819,0.08789763181109538,18.82935841770327,200.0,0.5032357441171263,0.029723968983806123
0.5760927003926255,0.07253924475116856,0.0740566313750657,230.05721642699498,200.0,1.9988423723391622,0.02985919423487287
0.9635419924042947,0.07318381613183067,0.07062602664410143,183.53754141444384,200.0,2.906713361910508,0.12736716184841515
1.8124526514526356,0.04124721300553062,0.08601696579976842,451.9839883932086,200.0,16.10564502974784,2.0502465463430353
1.2236167937900841,0.04664468461926059,0.0846041160520668,24.554875228048346,69.0,0.539944678615782,0.09232265409947253
1.6546132427298048,0.040061511855310476,0.09790722896263827,496.94305663118877,69.0,12.846875646428645,3.4708464685288427
1.9154638309118774,0.05216715298950304,0.07538779437314319,46.06519715643332,69.0,1.7856606565870705,0.8396638469123663
1.82162786522822,0.0963156832216455,0.043395381721770224,43.61881747067635,69.0,2.628456314161098,1.941941856446253
1.0046749467044154,0.06447950272441139,0.033451038324330294,264.686311607692,69.0,22.114005833150305,6.447162433081431
1.7707244519525283,0.091361532827828,0.09405992795577187,136.27607145165405,200.0,1.7912210291266226,0.199033074549524
1.5075196483577806,0.027516782285916808,0.03257675260487794,222.3642370427129,200.0,68.875687230825,16.01632464684402
1.108915586019849,0.034738434702930185,0.08068484990518862,57.693581796443766,69.0,1.697395333239874,0.2499468304013503
0.8213076671400124,0.024445598431804855,0.07693035799675232,258.9839852397304,69.0,8.821325688691063,0.7473215532426821
0.71878620958887,0.08924809266435581,0.02826803617729964,318.96249607914547,69.0,19.288585814390956,3.4061508027223626
0.8758895436981406,0.0863339950820942,0.07954253913925514,21.098125075696895,200.0,0.20298489246353574,0.006525919232563604
1.9419980705518909,0.07870666897598558,0.07875907987820394,90.90279985960909,200.0,2.1695242275620177,0.3462902022747867
0.7137244362159663,0.06101545016368451,0.08080982730050104,303.2864705915064,69.0,3.259617769873028,0.19852869174827179
